age,gender,income,employment_status,credit_score,loan_amount,previous_defaults,education,loan_approved
24,Male,29900.0,Employed,646.0,16300.0,0,Bachelor,1
54,Female,90500.0,Employed,623.0,14100.0,1,Bachelor,1
25,Female,138100.0,Employed,613.0,12400.0,0,High School,1
53,Female,30900.0,Unemployed,592.0,6800.0,0,High School,0
25,Male,36000.0,Employed,725.0,9000.0,2,High School,0
58,Male,32400.0,Employed,528.0,16800.0,0,Master,1
54,Male,55700.0,Employed,587.0,8200.0,3,Bachelor,0
46,Female,18000.0,Employed,683.0,25300.0,0,Bachelor,0
21,Female,31300.0,Unemployed,762.0,22500.0,0,High School,0
24,Female,35000.0,Employed,601.0,12100.0,0,Bachelor,1
59,Male,33500.0,Self-Employed,769.0,17500.0,1,High School,0
46,Female,33300.0,Employed,448.0,16100.0,0,Bachelor,1
53,Female,31400.0,Employed,680.0,6100.0,0,Bachelor,1
53,Male,59200.0,Unemployed,706.0,23600.0,0,Master,1
28,Male,52500.0,Employed,596.0,12600.0,0,Master,1
40,Male,94100.0,Employed,569.0,10000.0,2,High School,0
36,Male,59300.0,Unemployed,691.0,27100.0,3,Master,0
41,Female,23200.0,Self-Employed,677.0,20900.0,0,High School,0
65,Male,36900.0,Employed,611.0,31200.0,0,Bachelor,1
46,Male,35000.0,Employed,655.0,16800.0,0,High School,1
43,Female,45600.0,Employed,629.0,20500.0,0,Bachelor,1
38,Male,69300.0,Self-Employed,786.0,29100.0,0,Bachelor,1
51,Male,44000.0,Employed,738.0,49300.0,0,High School,1
62,Male,44100.0,Retired,696.0,15000.0,0,High School,1
32,Male,40300.0,Employed,840.0,20900.0,0,High School,1
21,Female,60200.0,Employed,768.0,25400.0,3,Master,0
62,Male,30200.0,Employed,786.0,25300.0,1,Bachelor,0
29,Male,19400.0,Employed,814.0,13300.0,0,High School,1
23,Female,55400.0,Employed,667.0,16900.0,0,Master,1
46,Male,48400.0,Employed,576.0,25300.0,1,High School,0
29,Female,77800.0,Self-Employed,528.0,20000.0,0,Bachelor,1
62,Male,18000.0,Employed,743.0,56900.0,0,Bachelor,0
36,Male,38200.0,Employed,598.0,15000.0,2,High School,0
44,Female,42300.0,Unemployed,850.0,11200.0,0,High School,1
34,Female,18900.0,Retired,608.0,24100.0,2,Bachelor,0
23,Female,38400.0,Employed,594.0,10300.0,0,Master,1
54,Male,72700.0,Unemployed,746.0,13700.0,2,Bachelor,0
53,Male,113900.0,Employed,748.0,18900.0,0,Bachelor,1
44,Female,65600.0,Employed,833.0,17700.0,0,Master,1
29,Male,34100.0,Self-Employed,659.0,17400.0,0,Bachelor,1
33,Male,75400.0,Self-Employed,779.0,12900.0,0,High School,1
22,Male,63300.0,Self-Employed,666.0,22500.0,0,PhD,1
27,Male,31500.0,Self-Employed,726.0,66400.0,0,Bachelor,0
41,Female,30000.0,Employed,662.0,29700.0,0,Bachelor,1
39,Male,36900.0,Employed,843.0,6000.0,3,Bachelor,0
45,Female,23700.0,Employed,850.0,14100.0,0,Bachelor,1
67,Male,34400.0,Employed,579.0,24800.0,0,High School,1
42,Female,51200.0,Employed,789.0,7400.0,1,Bachelor,1
31,Female,67500.0,Employed,601.0,4200.0,0,Bachelor,1
53,Male,33200.0,Self-Employed,779.0,11700.0,0,Bachelor,1
52,Female,80400.0,Unemployed,819.0,11100.0,0,Bachelor,1
41,Female,55600.0,Employed,598.0,48200.0,0,High School,1
59,Female,56800.0,Employed,576.0,22300.0,0,Bachelor,1
40,Female,25300.0,Self-Employed,638.0,16500.0,0,PhD,1
28,Female,99100.0,Employed,779.0,14900.0,3,Bachelor,0
62,Female,52900.0,Retired,720.0,23600.0,0,Bachelor,1
57,Male,34000.0,Employed,659.0,20300.0,0,High School,1
29,Male,31100.0,Employed,741.0,23600.0,1,Bachelor,0
45,Male,34400.0,Unemployed,655.0,21900.0,0,Master,0
45,Male,24100.0,Unemployed,691.0,33600.0,0,High School,0
53,Male,65800.0,Employed,726.0,18400.0,1,High School,1
22,Male,25400.0,Employed,721.0,28800.0,0,Bachelor,1
39,Female,46400.0,Self-Employed,824.0,22300.0,1,Bachelor,1
66,Male,32000.0,Employed,578.0,20400.0,3,Master,0
40,Male,56100.0,Self-Employed,760.0,14200.0,0,Bachelor,1
62,Female,60100.0,Employed,600.0,17300.0,0,Master,1
61,Male,29100.0,Employed,646.0,17500.0,0,High School,1
62,Female,39500.0,Employed,666.0,34400.0,0,High School,1
49,Male,19500.0,Employed,644.0,20800.0,0,Bachelor,1
26,Female,93900.0,Employed,566.0,10500.0,1,Bachelor,1
37,Female,68500.0,Employed,642.0,7100.0,0,High School,1
45,Male,20000.0,Employed,703.0,9100.0,0,High School,1
58,Male,26000.0,Employed,669.0,11900.0,0,Bachelor,1
24,Female,37500.0,Employed,805.0,23800.0,0,Master,1
50,Female,40900.0,Employed,671.0,12400.0,1,Bachelor,0
40,Female,28500.0,Unemployed,681.0,37600.0,1,Master,0
23,Female,22600.0,Employed,696.0,8600.0,0,Bachelor,1
43,Male,48900.0,Employed,669.0,26800.0,0,PhD,1
38,Male,95800.0,Employed,721.0,5900.0,0,PhD,1
46,Male,41200.0,Self-Employed,636.0,9200.0,2,Master,0
56,Female,34700.0,Employed,581.0,9900.0,1,High School,0
28,Female,32900.0,Employed,674.0,9900.0,0,Bachelor,1
37,Male,23200.0,Employed,713.0,12300.0,0,Bachelor,1
51,Male,28700.0,Self-Employed,694.0,28900.0,0,Bachelor,1
57,Male,70800.0,Self-Employed,604.0,27700.0,0,Master,1
65,Male,18000.0,Employed,694.0,9900.0,0,Master,1
53,Female,41600.0,Employed,738.0,16000.0,0,PhD,1
47,Female,40700.0,Employed,697.0,23700.0,0,Bachelor,1
65,Female,42600.0,Employed,620.0,16100.0,0,High School,1
24,Male,57700.0,Self-Employed,687.0,46500.0,0,High School,1
42,Male,41400.0,Employed,825.0,22700.0,0,High School,1
46,Female,32000.0,Employed,592.0,10700.0,0,High School,1
52,Female,28900.0,Employed,773.0,11400.0,0,High School,1
44,Female,76800.0,Employed,489.0,10100.0,0,Bachelor,1
66,Female,67500.0,Employed,634.0,11900.0,0,High School,1
55,Male,169200.0,Unemployed,643.0,18300.0,0,Master,1
57,Female,34900.0,Employed,772.0,15700.0,0,Bachelor,1
52,Male,29200.0,Employed,831.0,13600.0,3,Bachelor,0
27,Male,50300.0,Employed,775.0,25600.0,3,Bachelor,0
53,Male,49700.0,Employed,723.0,22200.0,1,High School,1
51,Male,55200.0,Employed,770.0,7000.0,0,Master,1
32,Female,61300.0,Employed,565.0,8400.0,1,High School,0
31,Male,54900.0,Employed,756.0,10000.0,0,Bachelor,1
44,Male,68700.0,Retired,586.0,11100.0,0,High School,1
28,Female,73400.0,Employed,617.0,12300.0,1,PhD,1
52,Male,74100.0,Employed,714.0,14200.0,0,Master,1
58,Male,18000.0,Employed,575.0,22300.0,0,High School,0
42,Female,45100.0,Employed,784.0,9200.0,0,PhD,1
54,Male,25300.0,Employed,680.0,11400.0,0,Bachelor,1
39,Male,68000.0,Employed,569.0,7000.0,0,Bachelor,1
40,Male,18000.0,Employed,808.0,10400.0,0,High School,1
34,Male,83700.0,Unemployed,658.0,15900.0,0,High School,1
53,Female,26000.0,Employed,666.0,10500.0,0,Master,1
30,Female,23200.0,Employed,661.0,9700.0,0,High School,1
36,Female,48000.0,Self-Employed,432.0,13300.0,0,Master,1
24,Female,33300.0,Employed,787.0,20800.0,1,Bachelor,0
47,Female,97700.0,Employed,682.0,10400.0,0,High School,1
48,Male,79300.0,Employed,693.0,33300.0,0,Bachelor,1
63,Female,31100.0,Self-Employed,738.0,10900.0,0,Bachelor,1
36,Female,67600.0,Employed,655.0,14000.0,0,PhD,1
53,Female,30600.0,Employed,585.0,36100.0,0,Bachelor,0
39,Female,30400.0,Unemployed,601.0,25500.0,0,Bachelor,0
41,Male,57400.0,Employed,754.0,16600.0,0,Bachelor,1
42,Male,83100.0,Self-Employed,679.0,22500.0,0,Bachelor,1
29,Male,32200.0,Unemployed,766.0,8400.0,1,PhD,0
29,Male,33400.0,Employed,780.0,53300.0,0,High School,1
29,Female,46700.0,Self-Employed,755.0,8700.0,0,Bachelor,1
47,Female,25700.0,Self-Employed,787.0,20400.0,0,Bachelor,1
37,Male,87800.0,Unemployed,619.0,35400.0,3,High School,0
64,Male,25500.0,Employed,731.0,21100.0,0,Bachelor,1
65,Male,29200.0,Unemployed,640.0,17500.0,0,Master,0
28,Male,97100.0,Employed,587.0,35400.0,0,High School,1
36,Male,44700.0,Self-Employed,719.0,26200.0,2,Bachelor,0
38,Male,106100.0,Employed,744.0,13500.0,0,Bachelor,1
53,Female,36000.0,Employed,651.0,45500.0,0,Bachelor,0
21,Male,141500.0,Employed,684.0,11500.0,1,High School,1
32,Male,54600.0,Employed,740.0,47800.0,2,High School,0
26,Female,27600.0,Employed,628.0,25700.0,0,High School,1
61,Male,27300.0,Employed,749.0,14200.0,0,PhD,1
25,Female,19400.0,Employed,603.0,9800.0,3,Bachelor,0
36,Female,20500.0,Employed,715.0,19900.0,0,High School,1
38,Male,28900.0,Employed,577.0,12400.0,1,High School,0
38,Male,24400.0,Employed,794.0,19200.0,0,High School,1
21,Male,18000.0,Self-Employed,738.0,28500.0,1,High School,0
39,Male,61100.0,Employed,850.0,30700.0,0,Bachelor,1
28,Male,59100.0,Employed,601.0,41500.0,0,Bachelor,1
23,Female,46800.0,Employed,737.0,9700.0,0,Bachelor,1
45,Male,22800.0,Self-Employed,678.0,20800.0,0,High School,1
25,Male,91400.0,Employed,555.0,7700.0,0,High School,1
60,Male,36700.0,Employed,689.0,18100.0,1,Bachelor,1
39,Female,26500.0,Employed,728.0,7100.0,2,Bachelor,0
38,Male,45100.0,Retired,847.0,64300.0,0,High School,1
51,Male,43800.0,Employed,637.0,39200.0,0,Bachelor,1
53,Male,18000.0,Self-Employed,720.0,7200.0,2,High School,0
67,Female,39500.0,Employed,706.0,12400.0,1,High School,0
38,Male,42600.0,Self-Employed,665.0,27800.0,0,Bachelor,1
59,Female,33200.0,Employed,671.0,20800.0,0,High School,1
36,Female,20700.0,Employed,743.0,18200.0,0,Master,1
36,Male,21000.0,Employed,671.0,21000.0,0,Master,1
67,Female,51900.0,Unemployed,660.0,30100.0,0,Bachelor,0
58,Male,58700.0,Employed,637.0,60200.0,0,PhD,1
61,Female,32100.0,Employed,552.0,9100.0,0,Bachelor,1
27,Female,48600.0,Self-Employed,759.0,15900.0,0,PhD,1
34,Female,31900.0,Employed,636.0,6100.0,1,PhD,0
63,Male,26200.0,Employed,785.0,17500.0,2,Master,0
45,Female,44700.0,Employed,787.0,48300.0,1,High School,0
52,Male,22600.0,Employed,850.0,24000.0,0,Bachelor,1
58,Male,103500.0,Employed,718.0,28700.0,0,Bachelor,1
42,Male,19600.0,Self-Employed,728.0,20100.0,0,High School,1
36,Female,46300.0,Employed,732.0,11700.0,0,Master,1
49,Female,43300.0,Unemployed,702.0,7200.0,1,Master,0
36,Male,41400.0,Employed,780.0,43100.0,0,Master,1
32,Male,84300.0,Employed,673.0,13800.0,0,Bachelor,1
37,Male,18000.0,Employed,727.0,16200.0,0,Bachelor,1
57,Female,49300.0,Employed,671.0,5600.0,0,Bachelor,1
47,Male,35000.0,Employed,569.0,12200.0,0,Bachelor,1
45,Female,53700.0,Self-Employed,743.0,19500.0,0,Bachelor,1
33,Male,41200.0,Self-Employed,446.0,22100.0,0,Bachelor,1
28,Female,38700.0,Employed,727.0,47300.0,0,High School,1
25,Male,21900.0,Employed,772.0,15500.0,1,Bachelor,0
32,Male,28700.0,Employed,730.0,16900.0,0,Bachelor,1
61,Male,192100.0,Self-Employed,613.0,44900.0,2,Bachelor,0
23,Female,54000.0,Employed,811.0,36500.0,2,Bachelor,0
55,Female,67900.0,Self-Employed,834.0,7700.0,0,High School,1
53,Male,33700.0,Employed,737.0,43000.0,0,Bachelor,1
42,Female,26200.0,Self-Employed,838.0,6900.0,0,Bachelor,1
64,Female,59200.0,Employed,850.0,23900.0,0,Master,1
29,Female,18000.0,Employed,625.0,28300.0,1,High School,0
61,Female,29000.0,Unemployed,603.0,20200.0,0,Bachelor,0
38,Male,33600.0,Self-Employed,743.0,14400.0,0,Master,1
49,Male,64400.0,Employed,413.0,13800.0,0,High School,1
59,Female,49400.0,Employed,661.0,4100.0,0,Bachelor,1
47,Female,31700.0,Employed,624.0,19700.0,0,Bachelor,1
56,Female,48300.0,Employed,664.0,18400.0,2,Bachelor,0
65,Male,34500.0,Employed,576.0,44500.0,0,Bachelor,0
37,Male,68500.0,Employed,667.0,15300.0,0,Master,1
54,Female,45200.0,Retired,732.0,13100.0,0,High School,1
66,Female,95600.0,Employed,827.0,13300.0,0,High School,1
23,Female,34900.0,Employed,720.0,10900.0,0,High School,1
25,Female,74100.0,Employed,529.0,13700.0,2,Bachelor,0
34,Female,42000.0,Employed,686.0,9700.0,0,Bachelor,1
23,Male,28300.0,Employed,801.0,26100.0,0,High School,1
43,Male,147400.0,Employed,662.0,22900.0,0,Master,1
59,Female,77300.0,Employed,738.0,7500.0,0,Bachelor,1
50,Female,45100.0,Retired,783.0,19100.0,0,High School,1
65,Male,58900.0,Retired,695.0,35200.0,0,High School,1
43,Male,23400.0,Employed,711.0,34000.0,0,High School,0
47,Female,23800.0,Employed,730.0,9700.0,2,Bachelor,0
30,Male,70100.0,Self-Employed,645.0,40100.0,0,High School,1
45,Male,40200.0,Employed,663.0,13100.0,0,Bachelor,1
33,Female,37100.0,Self-Employed,605.0,18300.0,0,Bachelor,1
36,Female,34800.0,Self-Employed,639.0,14600.0,0,PhD,1
61,Female,43300.0,Employed,749.0,8800.0,3,Master,0
54,Male,35300.0,Employed,726.0,11300.0,0,High School,1
57,Female,18000.0,Unemployed,584.0,38100.0,0,Bachelor,0
42,Male,81500.0,Unemployed,599.0,38700.0,1,High School,0
37,Male,38000.0,Self-Employed,630.0,27100.0,0,Bachelor,1
43,Female,100300.0,Employed,560.0,15800.0,0,Bachelor,1
56,Female,18000.0,Self-Employed,702.0,53100.0,0,Bachelor,0
29,Female,18000.0,Employed,627.0,32600.0,1,Bachelor,0
22,Female,35000.0,Employed,724.0,16800.0,2,Master,0
52,Female,65400.0,Employed,766.0,5600.0,0,Master,1
42,Male,21800.0,Retired,538.0,30200.0,0,High School,0
63,Male,21400.0,Self-Employed,627.0,38000.0,0,Bachelor,0
33,Male,48300.0,Self-Employed,549.0,23300.0,0,PhD,1
28,Male,34300.0,Employed,524.0,5700.0,0,Bachelor,1
21,Female,52700.0,Employed,726.0,20300.0,0,Bachelor,1
37,Male,34600.0,Self-Employed,698.0,66500.0,0,PhD,0
32,Female,48700.0,Employed,632.0,16400.0,1,High School,0
24,Female,79500.0,Self-Employed,599.0,58600.0,0,High School,1
33,Female,21800.0,Employed,588.0,27500.0,0,Bachelor,0
51,Male,72600.0,Self-Employed,695.0,18600.0,0,Bachelor,1
61,Female,18000.0,Self-Employed,660.0,41800.0,0,High School,0
27,Male,54400.0,Employed,604.0,12500.0,0,Bachelor,1
43,Male,81600.0,Employed,715.0,8600.0,1,High School,1
44,Female,30900.0,Employed,704.0,8700.0,0,Bachelor,1
25,Male,55400.0,Unemployed,597.0,20400.0,0,High School,1
25,Male,31500.0,Employed,640.0,23600.0,0,High School,1
37,Female,53800.0,Self-Employed,753.0,12000.0,0,Bachelor,1
50,Male,18000.0,Employed,744.0,37500.0,0,High School,0
29,Female,43500.0,Self-Employed,624.0,19000.0,2,Bachelor,0
26,Female,48900.0,Employed,821.0,29700.0,0,Bachelor,1
45,Female,78600.0,Employed,665.0,12000.0,0,Bachelor,1
39,Male,63700.0,Retired,747.0,16200.0,0,Bachelor,1
36,Male,37000.0,Employed,591.0,6300.0,1,High School,1
41,Female,45900.0,Employed,667.0,15200.0,0,Bachelor,1
22,Male,19500.0,Employed,602.0,20600.0,0,Master,1
30,Female,91300.0,Employed,539.0,12900.0,0,High School,1
36,Female,56700.0,Employed,676.0,17400.0,0,PhD,1
57,Female,18000.0,Employed,652.0,20800.0,0,High School,0
35,Male,45400.0,Self-Employed,771.0,13100.0,0,High School,1
33,Male,47200.0,Employed,631.0,15400.0,0,High School,1
33,Female,27300.0,Employed,703.0,11600.0,0,Bachelor,1
52,Male,42100.0,Employed,646.0,10300.0,0,High School,1
65,Male,25900.0,Self-Employed,597.0,37700.0,0,Bachelor,0
67,Female,19900.0,Employed,749.0,7600.0,2,Master,0
66,Female,29500.0,Retired,628.0,30100.0,2,Bachelor,0
28,Female,43700.0,Employed,643.0,8000.0,0,Master,1
63,Female,63800.0,Employed,579.0,44700.0,0,High School,1
38,Male,41600.0,Employed,536.0,25500.0,0,Master,1
56,Female,64200.0,Employed,719.0,14400.0,0,Master,1
46,Female,55500.0,Self-Employed,672.0,31800.0,0,High School,1
30,Male,23900.0,Employed,758.0,34600.0,0,Bachelor,1
51,Male,55300.0,Employed,723.0,25500.0,4,High School,0
53,Female,56100.0,Employed,574.0,24000.0,0,High School,1
49,Female,95900.0,Employed,680.0,20600.0,0,Bachelor,1
25,Female,49300.0,Self-Employed,677.0,42200.0,0,Bachelor,1
33,Female,21600.0,Employed,766.0,17800.0,0,Bachelor,1
21,Male,30400.0,Employed,785.0,19400.0,0,Bachelor,1
43,Male,18000.0,Employed,533.0,30300.0,0,High School,0
60,Female,51800.0,Employed,773.0,14900.0,0,Bachelor,1
23,Female,91800.0,Self-Employed,762.0,34900.0,2,High School,0
23,Female,18000.0,Self-Employed,611.0,30800.0,0,High School,0
27,Female,93700.0,Employed,676.0,99500.0,0,High School,1
56,Male,51500.0,Employed,501.0,16700.0,0,Bachelor,1
55,Male,23400.0,Employed,676.0,25800.0,0,High School,1
35,Female,45600.0,Unemployed,591.0,23900.0,1,High School,0
60,Female,23800.0,Employed,724.0,29300.0,0,High School,0
23,Female,50000.0,Employed,715.0,17300.0,0,Bachelor,1
49,Female,41400.0,Employed,672.0,23800.0,0,High School,1
50,Female,47300.0,Employed,697.0,19700.0,0,High School,1
59,Male,25300.0,Employed,613.0,30200.0,1,High School,0
38,Male,27300.0,Employed,584.0,5700.0,0,Bachelor,1
31,Male,51600.0,Employed,850.0,15600.0,0,Bachelor,1
63,Female,31200.0,Employed,767.0,64400.0,2,High School,0
58,Male,43200.0,Employed,691.0,45500.0,0,Bachelor,1
60,Male,50300.0,Employed,662.0,21600.0,0,Bachelor,1
21,Female,35900.0,Employed,850.0,25700.0,0,Bachelor,1
49,Male,71500.0,Self-Employed,822.0,24600.0,2,Bachelor,0
30,Female,36600.0,Employed,656.0,26300.0,0,Bachelor,1
48,Male,36000.0,Unemployed,597.0,10700.0,0,Bachelor,1
51,Male,29300.0,Employed,684.0,12100.0,0,Bachelor,1
39,Female,67500.0,Employed,648.0,12200.0,1,Bachelor,1
23,Male,28200.0,Self-Employed,599.0,13800.0,1,Master,0
56,Male,75200.0,Self-Employed,797.0,46400.0,0,Bachelor,1
63,Female,43500.0,Employed,725.0,9000.0,2,Bachelor,0
35,Female,153400.0,Unemployed,645.0,58600.0,0,Master,1
53,Male,28800.0,Employed,644.0,23000.0,0,Bachelor,1
61,Female,75900.0,Employed,681.0,9000.0,0,Master,1
63,Male,51800.0,Employed,639.0,12800.0,0,PhD,1
65,Male,31000.0,Employed,631.0,23500.0,0,Bachelor,1
46,Female,52100.0,Employed,850.0,8300.0,2,Bachelor,0
36,Female,50900.0,Employed,602.0,14600.0,0,Master,1
56,Female,34000.0,Employed,492.0,9100.0,1,Bachelor,0
53,Female,49700.0,Employed,736.0,26400.0,0,Bachelor,1
40,Female,71800.0,Retired,775.0,9200.0,1,Master,1
33,Male,51800.0,Employed,693.0,7300.0,0,Bachelor,1
53,Male,32500.0,Employed,543.0,43400.0,0,Bachelor,0
25,Female,31600.0,Self-Employed,668.0,15000.0,0,High School,1
57,Male,38400.0,Employed,637.0,14200.0,0,Bachelor,1
34,Male,70000.0,Employed,794.0,23900.0,2,Master,0
47,Male,27500.0,Employed,608.0,17700.0,0,Bachelor,1
43,Male,48800.0,Employed,700.0,11000.0,0,Master,1
34,Female,18400.0,Unemployed,731.0,12500.0,0,Bachelor,0
60,Female,54000.0,Employed,607.0,27800.0,1,High School,0
24,Female,58400.0,Employed,629.0,10100.0,0,Bachelor,1
59,Male,110600.0,Employed,717.0,17600.0,0,High School,1
39,Male,63700.0,Employed,408.0,49100.0,2,High School,0
67,Male,32800.0,Employed,796.0,15100.0,2,High School,0
24,Male,18600.0,Employed,594.0,37800.0,1,Bachelor,0
50,Female,51900.0,Self-Employed,684.0,9800.0,0,Master,1
39,Female,34100.0,Self-Employed,565.0,20100.0,0,High School,1
51,Female,47400.0,Employed,792.0,38100.0,0,High School,1
51,Male,28000.0,Employed,680.0,12800.0,1,PhD,1
29,Female,36800.0,Retired,698.0,57000.0,1,Master,0
33,Female,18000.0,Employed,728.0,17500.0,0,Master,1
34,Female,23800.0,Retired,773.0,9000.0,0,High School,1
66,Female,22200.0,Self-Employed,585.0,32900.0,0,Bachelor,0
30,Male,62100.0,Unemployed,657.0,46700.0,1,High School,0
51,Male,26500.0,Employed,787.0,8500.0,0,Bachelor,1
57,Male,79900.0,Employed,643.0,23500.0,0,Bachelor,1
43,Female,26700.0,Employed,796.0,12000.0,0,Bachelor,1
47,Male,114500.0,Self-Employed,698.0,9800.0,1,Bachelor,1
26,Male,18000.0,Employed,644.0,10600.0,0,Master,1
46,Male,49600.0,Self-Employed,739.0,20500.0,2,High School,0
22,Male,40900.0,Employed,667.0,39200.0,0,High School,1
65,Female,21900.0,Employed,752.0,17400.0,0,Master,1
33,Female,30500.0,Self-Employed,639.0,23200.0,0,Bachelor,1
39,Male,35200.0,Employed,753.0,12900.0,4,High School,0
21,Male,45500.0,Employed,717.0,16700.0,0,High School,1
60,Male,25100.0,Employed,651.0,10700.0,0,Bachelor,1
52,Male,49600.0,Employed,525.0,6100.0,0,Bachelor,1
42,Male,42600.0,Employed,721.0,13300.0,0,High School,1
49,Male,59300.0,Employed,771.0,35500.0,0,Master,1
22,Male,26100.0,Employed,696.0,4000.0,0,Bachelor,1
60,Female,32700.0,Self-Employed,489.0,34900.0,0,Master,0
58,Female,82500.0,Unemployed,777.0,22000.0,0,Bachelor,1
31,Male,25500.0,Employed,714.0,16600.0,0,High School,1
37,Male,20000.0,Employed,733.0,13200.0,1,Master,0
63,Female,29300.0,Employed,673.0,24000.0,0,High School,1
28,Male,18000.0,Self-Employed,516.0,41700.0,0,Bachelor,0
42,Female,92600.0,Employed,729.0,21100.0,0,Bachelor,1
24,Female,34800.0,Retired,661.0,15900.0,0,Bachelor,1
31,Male,35000.0,Employed,618.0,91100.0,0,High School,0
28,Male,58200.0,Self-Employed,828.0,19000.0,0,Bachelor,1
29,Female,27900.0,Employed,730.0,6700.0,1,High School,1
46,Male,36000.0,Unemployed,699.0,22000.0,0,Bachelor,0
22,Female,27600.0,Employed,607.0,12700.0,0,PhD,1
36,Female,18000.0,Employed,596.0,14600.0,0,High School,1
51,Female,41200.0,Employed,723.0,38800.0,0,Master,1
26,Male,67000.0,Self-Employed,510.0,30500.0,0,Bachelor,1
41,Female,41800.0,Employed,727.0,6300.0,0,High School,1
46,Male,63600.0,Employed,732.0,6400.0,1,Bachelor,1
39,Female,23200.0,Employed,797.0,19600.0,0,Bachelor,1
48,Female,27500.0,Employed,763.0,32300.0,0,Bachelor,1
28,Male,21000.0,Employed,777.0,4700.0,1,High School,1
34,Female,48200.0,Retired,629.0,32500.0,0,Bachelor,1
44,Female,34200.0,Employed,555.0,79200.0,0,Bachelor,0
64,Male,33600.0,Employed,695.0,36700.0,0,Master,1
57,Male,56100.0,Employed,718.0,11200.0,2,Master,0
46,Male,31700.0,Self-Employed,766.0,26500.0,0,High School,1
51,Male,68900.0,Unemployed,806.0,20700.0,1,High School,0
52,Male,45200.0,Employed,581.0,52500.0,0,PhD,1
61,Female,33400.0,Employed,753.0,35600.0,0,High School,1
22,Male,18500.0,Employed,489.0,10500.0,0,High School,1
45,Male,55900.0,Employed,703.0,25600.0,0,Master,1
64,Female,46200.0,Employed,739.0,11000.0,0,Bachelor,1
22,Male,47400.0,Employed,550.0,33600.0,0,High School,1
62,Female,48100.0,Employed,733.0,15500.0,0,High School,1
21,Male,30800.0,Employed,589.0,17600.0,0,High School,1
56,Male,37200.0,Employed,647.0,20000.0,0,High School,1
32,Female,31900.0,Retired,753.0,13000.0,1,Bachelor,0
29,Female,75000.0,Employed,653.0,19200.0,0,High School,1
56,Female,35000.0,Employed,652.0,23700.0,2,High School,0
61,Female,29400.0,Self-Employed,707.0,15200.0,0,Master,1
48,Female,77600.0,Employed,748.0,20600.0,1,Master,1
58,Male,73500.0,Employed,680.0,11500.0,0,Master,1
53,Male,45200.0,Self-Employed,814.0,8600.0,0,Bachelor,1
62,Female,37600.0,Employed,651.0,17700.0,0,Bachelor,1
66,Female,33200.0,Employed,785.0,33200.0,0,High School,1
42,Female,39300.0,Employed,725.0,32600.0,0,Bachelor,1
45,Male,25900.0,Employed,737.0,31400.0,0,High School,1
38,Male,51100.0,Employed,581.0,33100.0,0,PhD,1
26,Female,91700.0,Self-Employed,783.0,20100.0,0,Bachelor,1
38,Male,53200.0,Employed,690.0,13000.0,0,PhD,1
36,Female,23100.0,Unemployed,850.0,15400.0,0,High School,0
35,Female,50400.0,Self-Employed,702.0,16800.0,1,Bachelor,0
28,Male,44200.0,Employed,678.0,12200.0,0,Bachelor,1
33,Female,50200.0,Employed,636.0,25700.0,1,High School,0
63,Female,26600.0,Self-Employed,680.0,12500.0,2,Bachelor,0
27,Male,40200.0,Employed,800.0,5900.0,0,High School,1
37,Female,62400.0,Employed,747.0,34000.0,0,Bachelor,1
52,Male,23500.0,Employed,705.0,24500.0,1,Bachelor,0
42,Female,32100.0,Employed,753.0,6400.0,0,Bachelor,1
33,Male,34800.0,Employed,642.0,12200.0,1,Master,1
67,Female,66100.0,Employed,636.0,17000.0,0,High School,1
43,Male,71200.0,Employed,627.0,18000.0,0,High School,1
49,Male,18000.0,Employed,764.0,63800.0,0,Bachelor,0
42,Female,66100.0,Employed,772.0,10100.0,0,Master,1
21,Male,72400.0,Unemployed,612.0,9800.0,0,Master,1
49,Male,70100.0,Employed,623.0,38700.0,0,Bachelor,1
25,Female,30800.0,Employed,668.0,16200.0,0,Master,1
55,Female,35800.0,Employed,593.0,36500.0,0,High School,0
30,Female,18300.0,Employed,700.0,15400.0,0,High School,1
39,Female,18000.0,Employed,802.0,37500.0,0,Master,0
57,Male,33500.0,Retired,711.0,15300.0,1,Master,0
27,Male,41700.0,Employed,767.0,16700.0,1,High School,1
66,Male,43800.0,Retired,568.0,9700.0,1,High School,0
55,Female,60500.0,Self-Employed,637.0,50900.0,0,Master,1
65,Female,185500.0,Employed,519.0,11500.0,0,High School,1
33,Female,32900.0,Employed,675.0,8400.0,2,Master,0
30,Female,23700.0,Self-Employed,850.0,47700.0,0,Bachelor,0
22,Male,52700.0,Employed,831.0,26800.0,0,Bachelor,1
26,Male,44900.0,Employed,713.0,46700.0,0,Bachelor,1
28,Male,30100.0,Employed,687.0,11800.0,1,Bachelor,1
56,Female,63300.0,Employed,721.0,25900.0,0,High School,1
45,Male,26700.0,Self-Employed,580.0,41800.0,0,High School,0
64,Female,37600.0,Employed,701.0,9100.0,1,Bachelor,1
67,Male,38700.0,Retired,498.0,21900.0,0,Bachelor,1
60,Male,25000.0,Employed,463.0,13700.0,1,Bachelor,0
27,Male,18000.0,Self-Employed,651.0,14200.0,0,High School,1
66,Female,44800.0,Employed,850.0,11000.0,0,Bachelor,1
43,Female,79600.0,Employed,822.0,23300.0,0,High School,1
39,Male,64900.0,Unemployed,777.0,15600.0,0,High School,1
66,Male,67100.0,Self-Employed,681.0,10300.0,0,PhD,1
42,Female,26900.0,Employed,813.0,42300.0,0,Bachelor,0
33,Male,44700.0,Employed,636.0,18600.0,0,Bachelor,1
41,Female,19700.0,Employed,579.0,7000.0,0,Bachelor,1
21,Female,43700.0,Unemployed,632.0,12000.0,0,Bachelor,0
39,Male,80400.0,Employed,543.0,7400.0,1,Master,1
53,Male,81600.0,Self-Employed,850.0,12400.0,0,Bachelor,1
24,Female,110800.0,Employed,726.0,22300.0,0,Bachelor,1
62,Male,65800.0,Employed,606.0,26100.0,0,High School,1
23,Male,50900.0,Self-Employed,673.0,29900.0,3,High School,0
47,Female,62200.0,Employed,671.0,12400.0,0,High School,1
61,Female,56400.0,Employed,802.0,14600.0,0,Bachelor,1
55,Female,26800.0,Self-Employed,850.0,23500.0,3,High School,0
48,Female,18800.0,Self-Employed,772.0,30300.0,2,Bachelor,0
26,Male,62400.0,Employed,743.0,16600.0,0,High School,1
26,Male,114300.0,Unemployed,707.0,26500.0,0,Master,1
64,Female,63700.0,Employed,690.0,12900.0,0,High School,1
43,Female,18000.0,Retired,688.0,5000.0,0,Bachelor,1
53,Male,31000.0,Self-Employed,690.0,31100.0,0,High School,1
36,Female,36400.0,Employed,663.0,25300.0,1,High School,0
44,Male,18000.0,Employed,642.0,17000.0,1,Master,0
25,Male,20200.0,Employed,590.0,20000.0,0,Bachelor,1
61,Male,39400.0,Employed,660.0,36100.0,0,Bachelor,1
62,Male,45700.0,Employed,569.0,17900.0,0,Bachelor,1
33,Male,24500.0,Employed,632.0,3200.0,0,Bachelor,1
67,Male,19700.0,Employed,671.0,5300.0,0,Bachelor,1
32,Male,72900.0,Self-Employed,702.0,40300.0,0,Bachelor,1
25,Female,33100.0,Employed,701.0,25700.0,2,Bachelor,0
57,Female,35600.0,Employed,722.0,35700.0,1,PhD,0
51,Female,30500.0,Employed,715.0,44000.0,0,Bachelor,0
48,Female,27300.0,Self-Employed,832.0,42500.0,4,Bachelor,0
48,Male,77000.0,Employed,821.0,7700.0,0,Bachelor,1
50,Male,25900.0,Self-Employed,647.0,16000.0,2,Bachelor,0
38,Female,43900.0,Employed,758.0,10600.0,0,Bachelor,1
64,Male,40300.0,Employed,665.0,19900.0,0,Bachelor,1
47,Female,18000.0,Employed,538.0,8000.0,0,Bachelor,1
55,Male,45300.0,Employed,737.0,18500.0,0,PhD,1
46,Female,18500.0,Employed,635.0,6400.0,1,Bachelor,0
59,Male,55100.0,Employed,622.0,14600.0,0,High School,1
38,Female,22200.0,Employed,630.0,43300.0,0,High School,0
53,Female,52100.0,Self-Employed,616.0,12000.0,0,Master,1
45,Female,32400.0,Employed,836.0,11900.0,1,Bachelor,1
51,Male,28600.0,Employed,578.0,19400.0,0,Bachelor,1
57,Female,44600.0,Retired,667.0,20100.0,0,Bachelor,1
22,Female,19200.0,Employed,536.0,21800.0,0,Bachelor,0
53,Female,38800.0,Employed,618.0,11200.0,0,High School,1
59,Female,59300.0,Retired,568.0,12600.0,0,Bachelor,1
63,Female,67600.0,Retired,724.0,18800.0,0,Bachelor,1
63,Male,31800.0,Employed,550.0,32500.0,1,Bachelor,0
52,Female,34300.0,Employed,802.0,11600.0,0,Bachelor,1
38,Female,19000.0,Employed,568.0,16000.0,0,Bachelor,0
37,Female,27600.0,Self-Employed,592.0,5600.0,3,High School,0
54,Male,18400.0,Unemployed,737.0,13900.0,1,High School,0
59,Male,50000.0,Employed,840.0,20400.0,0,Bachelor,1
27,Female,61100.0,Self-Employed,643.0,30400.0,2,Master,0
62,Female,32000.0,Employed,731.0,11300.0,0,Bachelor,1
55,Male,23600.0,Employed,591.0,20000.0,0,Bachelor,1
50,Female,46800.0,Self-Employed,637.0,21200.0,0,High School,1
32,Male,26000.0,Employed,671.0,6200.0,0,PhD,1
55,Male,56200.0,Employed,610.0,8500.0,1,Bachelor,1
31,Male,105600.0,Retired,777.0,24400.0,0,Bachelor,1
64,Male,25800.0,Employed,748.0,18700.0,0,Bachelor,1
24,Female,27700.0,Employed,635.0,19100.0,0,High School,1
45,Male,19300.0,Self-Employed,472.0,10300.0,0,High School,1
52,Female,43200.0,Retired,618.0,7600.0,0,Master,1
40,Female,41700.0,Self-Employed,787.0,24000.0,3,High School,0
51,Female,35100.0,Employed,669.0,19900.0,0,Master,1
24,Female,40500.0,Employed,767.0,5600.0,2,Bachelor,0
58,Male,23800.0,Employed,820.0,17000.0,0,Bachelor,1
67,Female,18000.0,Employed,732.0,52500.0,0,Bachelor,0
21,Female,27500.0,Unemployed,776.0,25800.0,1,Master,0
23,Male,18000.0,Self-Employed,632.0,10500.0,0,High School,1
57,Female,25800.0,Employed,779.0,19900.0,1,Bachelor,0
42,Female,46900.0,Employed,662.0,15900.0,0,High School,1
37,Female,41400.0,Unemployed,615.0,48400.0,1,Bachelor,0
34,Female,18000.0,Self-Employed,850.0,9200.0,0,PhD,1
61,Female,67800.0,Employed,678.0,39300.0,1,High School,0
55,Male,36400.0,Employed,619.0,8800.0,0,Bachelor,1
33,Female,21000.0,Employed,716.0,22000.0,0,Bachelor,1
55,Female,33500.0,Self-Employed,588.0,26600.0,1,Master,0
63,Male,30000.0,Employed,573.0,36000.0,1,High School,0
22,Male,26000.0,Employed,662.0,28600.0,0,Bachelor,1
67,Male,60300.0,Employed,558.0,7200.0,0,PhD,1
33,Female,23100.0,Employed,640.0,18000.0,0,Bachelor,1
36,Female,44000.0,Employed,569.0,24500.0,0,Master,1
38,Male,20500.0,Unemployed,763.0,34600.0,1,Master,0
27,Female,39400.0,Unemployed,823.0,9200.0,0,Bachelor,1
65,Male,45800.0,Self-Employed,562.0,10300.0,0,Bachelor,1
56,Female,45900.0,Unemployed,850.0,7500.0,0,High School,1
61,Female,41800.0,Employed,745.0,18000.0,0,Bachelor,1
50,Female,35600.0,Employed,701.0,21200.0,0,High School,1
62,Male,23600.0,Self-Employed,551.0,22300.0,0,High School,0
61,Male,23700.0,Employed,540.0,15400.0,0,High School,1
27,Male,46600.0,Employed,677.0,16900.0,0,Bachelor,1
35,Male,21400.0,Employed,665.0,16900.0,0,Bachelor,1
60,Female,19000.0,Employed,655.0,15700.0,0,High School,1
39,Female,82000.0,Employed,684.0,6000.0,0,Master,1
63,Female,35200.0,Employed,619.0,10200.0,1,Master,0
57,Female,55100.0,Employed,661.0,24900.0,0,Bachelor,1
22,Female,62100.0,Employed,680.0,13800.0,0,Bachelor,1
62,Female,41200.0,Self-Employed,850.0,13400.0,0,Bachelor,1
33,Female,33200.0,Employed,487.0,38600.0,0,Bachelor,0
60,Female,33500.0,Employed,712.0,34400.0,0,High School,1
61,Male,89700.0,Employed,687.0,11600.0,2,Bachelor,0
63,Male,30400.0,Self-Employed,682.0,44100.0,0,Bachelor,0
63,Male,43800.0,Employed,711.0,16000.0,0,High School,1
51,Female,56300.0,Employed,849.0,29100.0,0,High School,1
36,Female,45500.0,Retired,709.0,17700.0,0,Bachelor,1
62,Male,69000.0,Employed,553.0,12300.0,4,Master,0
64,Female,33100.0,Employed,711.0,29200.0,0,PhD,1
26,Female,56200.0,Employed,666.0,10500.0,0,Bachelor,1
48,Male,18000.0,Employed,628.0,16400.0,0,Bachelor,1
52,Male,78700.0,Retired,696.0,18000.0,1,Bachelor,1
64,Female,70400.0,Employed,670.0,14300.0,0,Bachelor,1
30,Female,34500.0,Employed,661.0,8000.0,0,High School,1
38,Female,50000.0,Employed,671.0,24400.0,0,Bachelor,1
24,Female,62700.0,Employed,580.0,31300.0,0,High School,1
29,Female,23900.0,Employed,741.0,19900.0,0,Bachelor,1
27,Female,37300.0,Employed,668.0,11400.0,0,Master,1
28,Female,20900.0,Employed,702.0,66200.0,0,PhD,0
63,Female,70900.0,Employed,606.0,15700.0,0,Bachelor,1
27,Male,60600.0,Self-Employed,585.0,15500.0,1,High School,0
61,Male,34900.0,Employed,648.0,3100.0,2,Bachelor,0
60,Male,32900.0,Employed,678.0,8600.0,0,Bachelor,1
23,Female,37300.0,Employed,645.0,36200.0,1,PhD,0
37,Female,25600.0,Self-Employed,687.0,120000.0,0,Master,0
22,Female,36800.0,Employed,497.0,39000.0,0,High School,0
35,Male,23900.0,Employed,850.0,9700.0,0,High School,1
66,Male,62900.0,Employed,615.0,24000.0,1,Master,1
49,Male,70900.0,Employed,582.0,14300.0,0,PhD,1
42,Male,64400.0,Employed,777.0,14500.0,0,High School,1
24,Female,22100.0,Employed,581.0,8300.0,1,Bachelor,0
26,Male,36200.0,Employed,697.0,24600.0,2,Bachelor,0
58,Male,53800.0,Self-Employed,581.0,8400.0,0,High School,1
46,Female,58900.0,Employed,654.0,4500.0,0,Master,1
31,Male,18000.0,Employed,655.0,14100.0,0,Bachelor,1
46,Male,58100.0,Employed,616.0,3900.0,0,High School,1
37,Female,21600.0,Employed,754.0,11100.0,0,High School,1
44,Male,37200.0,Employed,800.0,25800.0,0,PhD,1
48,Female,75300.0,Employed,615.0,35600.0,0,Bachelor,1
55,Female,70300.0,Employed,691.0,26400.0,0,Master,1
51,Female,77900.0,Employed,568.0,15700.0,0,Bachelor,1
33,Male,23500.0,Employed,689.0,13000.0,0,Bachelor,1
55,Female,26600.0,Self-Employed,750.0,10300.0,0,Bachelor,1
36,Male,30300.0,Employed,690.0,44000.0,0,Master,1
35,Male,37300.0,Unemployed,632.0,8500.0,1,Bachelor,0
63,Male,44700.0,Retired,658.0,19400.0,0,Bachelor,1
38,Female,76000.0,Employed,639.0,25700.0,1,Bachelor,1
67,Male,25200.0,Retired,662.0,5500.0,0,Master,1
57,Male,29300.0,Employed,625.0,4200.0,0,Bachelor,1
61,Female,81800.0,Employed,695.0,25700.0,0,Bachelor,1
47,Male,22500.0,Employed,578.0,7500.0,1,High School,0
55,Male,57700.0,Employed,443.0,21700.0,0,Bachelor,1
65,Male,38400.0,Employed,771.0,10700.0,1,Bachelor,1
55,Male,48700.0,Employed,675.0,21200.0,0,Master,1
48,Male,26800.0,Self-Employed,690.0,23000.0,4,High School,0
59,Male,57200.0,Employed,616.0,33000.0,2,PhD,0
58,Female,28900.0,Employed,643.0,23500.0,1,High School,0
29,Male,19700.0,Retired,589.0,20600.0,0,High School,0
32,Male,51000.0,Unemployed,780.0,51200.0,0,High School,0
35,Female,18000.0,Retired,637.0,10000.0,0,PhD,1
41,Male,30200.0,Unemployed,549.0,18600.0,0,Bachelor,0
55,Female,46400.0,Employed,737.0,31100.0,0,High School,1
62,Male,58600.0,Employed,776.0,3700.0,0,Bachelor,1
53,Male,74100.0,Employed,664.0,45000.0,0,PhD,1
39,Male,97600.0,Retired,808.0,16300.0,0,Master,1
43,Male,83800.0,Employed,705.0,23300.0,0,Bachelor,1
33,Male,44200.0,Employed,669.0,13400.0,0,High School,1
64,Male,70500.0,Employed,672.0,23500.0,1,Master,1
21,Male,43800.0,Employed,722.0,21100.0,0,Master,1
49,Male,56600.0,Employed,772.0,9200.0,2,Master,0
44,Male,29700.0,Employed,724.0,13900.0,4,Master,0
36,Male,50600.0,Employed,702.0,24400.0,0,Bachelor,1
45,Male,31700.0,Employed,686.0,43600.0,0,Master,1
43,Male,36800.0,Self-Employed,740.0,14400.0,0,Master,1
48,Female,50600.0,Self-Employed,626.0,8300.0,1,Master,0
67,Male,114200.0,Employed,552.0,22300.0,0,Bachelor,1
36,Female,48900.0,Unemployed,696.0,15100.0,0,Bachelor,1
63,Female,39900.0,Self-Employed,594.0,29200.0,0,Bachelor,1
58,Male,26500.0,Employed,553.0,11500.0,0,Master,1
31,Female,62800.0,Self-Employed,818.0,8000.0,0,High School,1
23,Female,33900.0,Self-Employed,398.0,46200.0,0,High School,0
35,Male,48400.0,Employed,733.0,13600.0,0,Bachelor,1
21,Male,57000.0,Employed,589.0,10500.0,0,Bachelor,1
27,Female,75500.0,Employed,612.0,12000.0,2,High School,0
21,Female,61200.0,Self-Employed,717.0,42000.0,0,Bachelor,1
52,Male,21800.0,Employed,850.0,71400.0,1,Bachelor,0
29,Male,18000.0,Employed,740.0,11200.0,0,Master,1
49,Male,57000.0,Employed,593.0,16000.0,0,High School,1
46,Male,41900.0,Employed,676.0,21900.0,0,Master,1
43,Female,48800.0,Employed,655.0,5900.0,1,Bachelor,1
65,Male,94800.0,Employed,504.0,13300.0,0,Master,1
63,Male,29500.0,Self-Employed,685.0,56100.0,1,Master,0
49,Female,76600.0,Self-Employed,623.0,14800.0,2,Master,0
58,Male,29600.0,Employed,743.0,38500.0,0,Bachelor,1
53,Male,87800.0,Employed,654.0,17300.0,0,High School,1
27,Female,58400.0,Employed,811.0,5000.0,0,High School,1
32,Female,18900.0,Self-Employed,710.0,32700.0,0,Bachelor,0
51,Male,32600.0,Employed,698.0,14600.0,0,Bachelor,1
52,Female,104600.0,Employed,847.0,42600.0,0,Bachelor,1
40,Male,98200.0,Retired,706.0,20400.0,1,Bachelor,1
37,Male,54300.0,Self-Employed,820.0,18100.0,0,Bachelor,1
56,Female,47900.0,Employed,584.0,23900.0,0,Bachelor,1
23,Male,45200.0,Employed,509.0,22700.0,0,High School,1
21,Male,49900.0,Employed,699.0,6400.0,2,Bachelor,0
47,Male,37400.0,Self-Employed,782.0,34100.0,0,Bachelor,1
67,Male,73500.0,Employed,583.0,17700.0,0,Bachelor,1
60,Male,53600.0,Employed,643.0,18300.0,0,Bachelor,1
53,Male,24800.0,Employed,538.0,23200.0,1,High School,0
40,Male,55700.0,Employed,677.0,31000.0,0,Bachelor,1
34,Male,43600.0,Employed,679.0,34000.0,0,Bachelor,1
56,Female,34300.0,Employed,732.0,26900.0,3,Master,0
25,Female,103700.0,Employed,637.0,6300.0,0,Bachelor,1
43,Female,42300.0,Employed,657.0,17300.0,0,High School,1
65,Female,18000.0,Employed,733.0,10300.0,0,Bachelor,1
35,Male,35600.0,Employed,698.0,20100.0,0,Bachelor,1
26,Male,66000.0,Employed,714.0,16000.0,0,Bachelor,1
53,Female,25300.0,Employed,752.0,61200.0,2,Bachelor,0
39,Female,64800.0,Employed,742.0,8000.0,0,High School,1
33,Female,24400.0,Self-Employed,850.0,18100.0,0,High School,1
49,Male,78300.0,Employed,718.0,19300.0,1,Bachelor,1
26,Male,30100.0,Self-Employed,718.0,13600.0,2,Master,0
35,Male,33700.0,Employed,654.0,17800.0,0,High School,1
36,Male,32400.0,Employed,685.0,65200.0,0,Bachelor,0
44,Female,54100.0,Self-Employed,571.0,22400.0,0,PhD,1
43,Female,100900.0,Employed,627.0,44700.0,0,Bachelor,1
30,Male,40400.0,Unemployed,776.0,13600.0,0,Bachelor,1
61,Female,39900.0,Employed,548.0,28700.0,1,High School,0
61,Female,30100.0,Employed,799.0,11100.0,0,Bachelor,1
37,Male,18000.0,Employed,654.0,10700.0,0,High School,1
64,Male,31700.0,Unemployed,603.0,6200.0,0,Master,1
65,Male,21400.0,Retired,657.0,9500.0,0,Bachelor,1
50,Male,18000.0,Employed,730.0,18600.0,0,Master,1
64,Male,38600.0,Employed,687.0,45600.0,1,Master,0
66,Male,30600.0,Employed,842.0,16800.0,0,Bachelor,1
30,Male,79900.0,Self-Employed,717.0,20700.0,0,High School,1
39,Male,26200.0,Employed,723.0,35900.0,1,Bachelor,0
49,Female,56100.0,Employed,726.0,14900.0,0,Master,1
22,Male,55600.0,Employed,692.0,10000.0,0,Bachelor,1
56,Female,78300.0,Self-Employed,659.0,10800.0,1,Master,1
39,Male,36600.0,Employed,689.0,35300.0,0,PhD,1
27,Female,77600.0,Self-Employed,699.0,19700.0,0,Bachelor,1
46,Male,53100.0,Self-Employed,675.0,19700.0,1,Bachelor,1
35,Male,70900.0,Employed,787.0,10600.0,0,Bachelor,1
67,Female,132900.0,Employed,778.0,40400.0,1,Bachelor,1
58,Female,37700.0,Employed,579.0,54600.0,0,High School,0
23,Female,43700.0,Employed,762.0,20000.0,0,High School,1
58,Male,33500.0,Employed,678.0,31300.0,1,High School,0
36,Male,86800.0,Self-Employed,654.0,12200.0,0,High School,1
22,Female,147600.0,Retired,740.0,38700.0,1,High School,1
51,Female,57900.0,Retired,704.0,25500.0,0,PhD,1
48,Female,18000.0,Self-Employed,604.0,8600.0,3,Bachelor,0
27,Female,25800.0,Employed,749.0,23700.0,1,High School,0
50,Male,71700.0,Employed,673.0,23600.0,0,Bachelor,1
63,Female,22600.0,Employed,747.0,20100.0,0,Bachelor,1
27,Male,29700.0,Employed,679.0,24500.0,0,High School,1
56,Male,29200.0,Employed,748.0,17500.0,1,Master,1
49,Male,38600.0,Employed,761.0,16200.0,0,High School,1
44,Male,45600.0,Unemployed,782.0,20900.0,3,High School,0
59,Male,18000.0,Retired,628.0,14600.0,0,High School,1
24,Male,18700.0,Unemployed,835.0,12200.0,0,Master,1
49,Female,18900.0,Employed,668.0,35100.0,0,Master,0
64,Male,20100.0,Unemployed,578.0,12800.0,0,Master,0
25,Female,40500.0,Employed,696.0,16400.0,0,Master,1
49,Male,44200.0,Employed,665.0,13500.0,0,High School,1
50,Male,66600.0,Employed,630.0,10700.0,0,Bachelor,1
49,Female,53000.0,Employed,684.0,45500.0,0,Bachelor,1
46,Male,30000.0,Retired,744.0,7600.0,2,PhD,0
39,Male,45000.0,Employed,708.0,22900.0,0,Bachelor,1
46,Male,68000.0,Employed,793.0,16700.0,0,Master,1
57,Male,35800.0,Employed,670.0,24000.0,2,Bachelor,0
47,Female,34400.0,Self-Employed,716.0,16300.0,0,Bachelor,1
50,Male,25000.0,Employed,701.0,24200.0,0,Bachelor,1
50,Female,26800.0,Self-Employed,838.0,21400.0,1,PhD,0
23,Male,56500.0,Employed,594.0,25700.0,0,Master,1
63,Female,40100.0,Employed,632.0,51300.0,0,Bachelor,0
27,Female,106900.0,Employed,850.0,5900.0,0,High School,1
29,Female,28600.0,Employed,661.0,18900.0,0,Bachelor,1
61,Male,58700.0,Employed,546.0,9900.0,0,Bachelor,1
62,Male,48700.0,Retired,849.0,11700.0,0,Bachelor,1
33,Male,38400.0,Self-Employed,597.0,10200.0,0,Bachelor,1
35,Female,32300.0,Employed,688.0,15100.0,0,High School,1
25,Female,54200.0,Employed,772.0,35400.0,0,Bachelor,1
49,Female,52600.0,Employed,757.0,14400.0,0,PhD,1
55,Male,44400.0,Self-Employed,606.0,22200.0,0,High School,1
47,Female,49700.0,Employed,850.0,30900.0,0,PhD,1
47,Female,40900.0,Self-Employed,725.0,10800.0,1,High School,0
28,Male,18000.0,Unemployed,676.0,11200.0,0,Bachelor,0
52,Male,41900.0,Employed,595.0,18000.0,3,High School,0
40,Female,35100.0,Employed,721.0,6100.0,0,Bachelor,1
30,Female,106200.0,Unemployed,808.0,60200.0,2,High School,0
33,Female,55100.0,Employed,656.0,18100.0,1,Master,1
49,Male,44400.0,Employed,531.0,25200.0,0,Bachelor,1
55,Female,50600.0,Employed,620.0,16000.0,0,Bachelor,1
28,Male,24100.0,Employed,652.0,26400.0,0,Master,1
49,Male,29600.0,Employed,550.0,16200.0,0,High School,1
51,Male,33900.0,Employed,725.0,25200.0,0,High School,1
61,Female,48700.0,Employed,742.0,39300.0,0,High School,1
50,Female,32300.0,Self-Employed,619.0,4800.0,1,Bachelor,0
42,Female,31200.0,Employed,752.0,26900.0,0,High School,1
41,Male,23500.0,Employed,602.0,13100.0,0,Bachelor,1
32,Female,40600.0,Employed,567.0,9300.0,2,High School,0
31,Male,43600.0,Self-Employed,590.0,7600.0,0,Bachelor,1
22,Female,49700.0,Employed,610.0,19100.0,1,Master,0
61,Male,28300.0,Employed,747.0,21400.0,0,Bachelor,1
22,Male,48300.0,Employed,727.0,12400.0,0,Bachelor,1
54,Male,23900.0,Employed,602.0,8500.0,0,Bachelor,1
23,Male,36000.0,Employed,623.0,19300.0,0,Bachelor,1
36,Female,46700.0,Employed,830.0,18800.0,0,Bachelor,1
24,Male,35300.0,Employed,750.0,25900.0,0,Master,1
43,Male,18400.0,Self-Employed,560.0,27200.0,0,High School,0
40,Female,19500.0,Employed,793.0,36300.0,0,High School,0
45,Male,44800.0,Self-Employed,850.0,27000.0,0,High School,1
50,Female,53600.0,Employed,678.0,6800.0,0,High School,1
38,Female,47600.0,Employed,654.0,17900.0,0,High School,1
62,Female,54300.0,Unemployed,644.0,32900.0,3,High School,0
31,Male,34900.0,Employed,654.0,30000.0,0,Bachelor,1
49,Female,58100.0,Employed,745.0,77500.0,1,High School,0
37,Female,47500.0,Employed,626.0,30700.0,0,High School,1
46,Male,29200.0,Employed,745.0,8000.0,0,Bachelor,1
43,Male,51900.0,Employed,680.0,7000.0,0,High School,1
40,Female,46500.0,Employed,630.0,18600.0,0,Master,1
65,Female,92600.0,Unemployed,710.0,19700.0,0,Bachelor,1
22,Female,80000.0,Employed,662.0,13000.0,0,Bachelor,1
44,Female,38300.0,Unemployed,626.0,28600.0,0,Bachelor,0
51,Female,32600.0,Employed,678.0,4000.0,0,Bachelor,1
47,Male,87500.0,Employed,679.0,13700.0,0,High School,1
22,Male,52900.0,Employed,639.0,4600.0,3,High School,0
34,Male,36800.0,Employed,611.0,11500.0,0,Bachelor,1
24,Female,18000.0,Employed,688.0,14600.0,0,Bachelor,1
33,Male,27500.0,Employed,698.0,33900.0,0,High School,1
56,Female,26600.0,Self-Employed,714.0,8700.0,0,High School,1
55,Female,37300.0,Employed,711.0,16600.0,0,PhD,1
64,Female,54700.0,Employed,792.0,13200.0,3,Master,0
28,Male,59000.0,Employed,588.0,16800.0,0,Bachelor,1
22,Female,85000.0,Retired,815.0,14300.0,0,Bachelor,1
26,Male,63900.0,Employed,566.0,15500.0,0,Bachelor,1
51,Female,20900.0,Employed,786.0,12200.0,0,High School,1
30,Male,67200.0,Employed,723.0,22500.0,0,Bachelor,1
64,Male,95500.0,Employed,636.0,34900.0,0,High School,1
41,Female,93100.0,Employed,474.0,18500.0,0,Bachelor,1
62,Male,21900.0,Employed,553.0,60200.0,0,High School,0
30,Male,36500.0,Employed,626.0,18900.0,0,High School,1
43,Female,64900.0,Employed,718.0,29200.0,0,Master,1
23,Female,22500.0,Self-Employed,635.0,11400.0,0,Master,1
52,Female,18000.0,Employed,677.0,16800.0,0,Master,1
40,Female,47000.0,Employed,643.0,15000.0,0,Master,1
30,Female,28600.0,Employed,694.0,8700.0,1,Master,0
49,Male,18000.0,Employed,562.0,11400.0,0,High School,1
61,Male,74200.0,Employed,658.0,22300.0,0,Bachelor,1
66,Male,43600.0,Employed,725.0,39000.0,0,Bachelor,1
54,Female,30900.0,Employed,850.0,25300.0,0,High School,1
57,Female,24800.0,Employed,752.0,22100.0,0,PhD,1
40,Male,43800.0,Self-Employed,664.0,10800.0,0,High School,1
28,Male,51900.0,Employed,626.0,24100.0,0,Bachelor,1
27,Female,47200.0,Employed,719.0,12300.0,0,Master,1
26,Male,18800.0,Employed,609.0,8900.0,0,High School,1
31,Female,50900.0,Employed,692.0,10500.0,2,Bachelor,0
64,Male,56800.0,Employed,707.0,16800.0,0,Bachelor,1
38,Female,33800.0,Employed,663.0,13000.0,1,Bachelor,0
62,Male,67500.0,Employed,763.0,21400.0,0,Bachelor,1
49,Female,26200.0,Employed,672.0,14400.0,2,Master,0
45,Female,76500.0,Employed,642.0,21300.0,1,Bachelor,1
41,Female,42900.0,Self-Employed,637.0,15000.0,0,High School,1
66,Female,31300.0,Employed,570.0,17500.0,2,Master,0
23,Female,34200.0,Employed,559.0,10000.0,0,Bachelor,1
38,Female,66100.0,Employed,731.0,42700.0,0,High School,1
44,Male,45200.0,Employed,806.0,6800.0,3,High School,0
67,Female,55400.0,Employed,850.0,80300.0,0,High School,1
58,Female,68700.0,Employed,775.0,24000.0,0,High School,1
30,Male,30900.0,Employed,724.0,7100.0,1,High School,1
47,Female,42800.0,Employed,706.0,19100.0,0,High School,1
32,Female,35900.0,Employed,791.0,20600.0,0,Bachelor,1
27,Female,66700.0,Employed,649.0,44200.0,0,PhD,1
37,Male,33100.0,Employed,833.0,8000.0,0,Master,1
21,Male,41100.0,Retired,677.0,8000.0,0,Bachelor,1
46,Female,126500.0,Employed,702.0,22200.0,0,Bachelor,1
35,Female,76300.0,Employed,682.0,20300.0,0,Master,1
53,Male,23900.0,Employed,776.0,43500.0,1,High School,0
57,Female,63000.0,Employed,679.0,9900.0,0,Bachelor,1
67,Female,56600.0,Self-Employed,714.0,9400.0,0,Bachelor,1
51,Male,23100.0,Employed,576.0,55400.0,0,Master,0
55,Female,38000.0,Employed,664.0,17500.0,3,Bachelor,0
21,Male,25000.0,Employed,769.0,11500.0,0,Master,1
28,Male,18000.0,Employed,608.0,27500.0,0,High School,0
32,Male,37300.0,Employed,678.0,5300.0,0,High School,1
39,Female,31200.0,Employed,677.0,22600.0,0,Bachelor,1
45,Male,23100.0,Employed,630.0,12300.0,0,Bachelor,1
52,Male,39900.0,Employed,767.0,13300.0,2,Bachelor,0
32,Male,18000.0,Employed,722.0,39200.0,0,Master,0
33,Female,41000.0,Unemployed,757.0,23300.0,0,High School,0
48,Female,40400.0,Employed,769.0,9200.0,0,High School,1
21,Male,56400.0,Employed,683.0,18600.0,0,High School,1
26,Male,18000.0,Self-Employed,814.0,19300.0,0,Master,1
28,Female,117000.0,Unemployed,577.0,15400.0,0,Bachelor,1
24,Male,96600.0,Employed,667.0,10100.0,1,High School,1
25,Male,27300.0,Employed,693.0,20700.0,0,Bachelor,1
45,Male,83300.0,Employed,532.0,27500.0,1,High School,1
42,Male,61600.0,Employed,800.0,23700.0,2,Bachelor,0
48,Male,32200.0,Unemployed,606.0,11800.0,0,Bachelor,0
59,Male,29600.0,Self-Employed,686.0,16400.0,0,High School,1
43,Male,30800.0,Employed,744.0,4800.0,0,Bachelor,1
24,Female,164900.0,Unemployed,850.0,47100.0,0,Bachelor,1
24,Male,79200.0,Employed,538.0,12600.0,0,High School,1
67,Female,36300.0,Retired,731.0,13200.0,0,High School,1
41,Female,37900.0,Retired,657.0,8200.0,0,High School,1
57,Male,61300.0,Employed,735.0,30200.0,1,Bachelor,1
61,Female,60000.0,Employed,760.0,33400.0,0,High School,1
22,Male,24900.0,Employed,716.0,12800.0,0,High School,1
27,Female,46600.0,Retired,687.0,9100.0,1,PhD,0
36,Male,30400.0,Retired,590.0,18300.0,1,High School,0
37,Male,43300.0,Employed,596.0,14800.0,0,Bachelor,1
40,Male,39200.0,Employed,748.0,28200.0,3,Master,0
43,Female,66800.0,Employed,607.0,16700.0,2,High School,0
54,Male,35100.0,Self-Employed,716.0,16000.0,1,PhD,1
31,Female,42600.0,Employed,791.0,27000.0,0,Bachelor,1
54,Male,18000.0,Employed,570.0,7000.0,0,Master,1
53,Female,47200.0,Employed,791.0,15000.0,0,Bachelor,1
46,Male,27200.0,Self-Employed,788.0,20200.0,1,Bachelor,0
22,Female,18800.0,Self-Employed,709.0,14000.0,1,Master,0
43,Male,70600.0,Employed,628.0,21300.0,1,High School,1
61,Male,39300.0,Employed,725.0,20600.0,0,Bachelor,1
42,Male,18000.0,Employed,665.0,30600.0,0,PhD,0
54,Male,27100.0,Unemployed,620.0,15300.0,0,High School,0
35,Female,40200.0,Employed,692.0,5300.0,0,High School,1
30,Male,40800.0,Employed,606.0,7100.0,4,Bachelor,0
35,Female,31300.0,Employed,579.0,23800.0,0,High School,1
62,Male,18000.0,Employed,634.0,20100.0,0,Bachelor,1
49,Female,30500.0,Employed,534.0,15700.0,1,Bachelor,0
43,Male,68600.0,Employed,782.0,16400.0,0,Bachelor,1
37,Male,80900.0,Employed,724.0,12200.0,1,Bachelor,1
29,Female,29600.0,Employed,607.0,12200.0,0,Bachelor,1
56,Male,102900.0,Employed,637.0,13000.0,0,Bachelor,1
29,Male,18000.0,Employed,744.0,15300.0,1,High School,0
36,Female,26800.0,Employed,788.0,19400.0,0,Bachelor,1
56,Female,62700.0,Employed,689.0,17200.0,0,Master,1
53,Male,57900.0,Employed,658.0,14800.0,0,Bachelor,1
51,Male,39900.0,Self-Employed,541.0,27400.0,0,High School,1
26,Female,22900.0,Employed,653.0,30400.0,0,Bachelor,0
30,Male,22900.0,Employed,583.0,40300.0,0,Bachelor,0
36,Male,27900.0,Employed,581.0,16100.0,0,High School,1
24,Male,23400.0,Self-Employed,785.0,13200.0,0,Bachelor,1
42,Female,42800.0,Employed,670.0,17400.0,0,High School,1
33,Female,38300.0,Employed,692.0,13000.0,1,Bachelor,0
36,Male,22500.0,Employed,715.0,17900.0,0,PhD,1
49,Male,33600.0,Employed,665.0,23000.0,0,PhD,1
26,Male,18000.0,Self-Employed,686.0,19200.0,0,Bachelor,1
46,Female,47600.0,Employed,682.0,16400.0,0,Bachelor,1
31,Male,57400.0,Self-Employed,644.0,26500.0,1,High School,0
44,Male,25400.0,Employed,703.0,49300.0,0,High School,0
49,Female,27100.0,Retired,672.0,11800.0,1,Bachelor,0
23,Male,45700.0,Employed,688.0,22000.0,0,Bachelor,1
30,Female,42300.0,Self-Employed,680.0,16100.0,0,Bachelor,1
21,Male,59100.0,Employed,846.0,10900.0,0,High School,1
63,Male,27200.0,Employed,764.0,11700.0,0,Bachelor,1
46,Male,28800.0,Employed,746.0,14100.0,0,Bachelor,1
32,Female,35900.0,Self-Employed,720.0,46300.0,0,Master,0
34,Female,23600.0,Employed,716.0,31900.0,2,Master,0
45,Female,35600.0,Employed,656.0,10600.0,0,Master,1
28,Male,23700.0,Employed,775.0,25000.0,0,Bachelor,1
63,Female,49500.0,Retired,708.0,10100.0,4,High School,0
24,Male,25100.0,Employed,730.0,12400.0,0,Bachelor,1
48,Male,45500.0,Employed,655.0,39600.0,0,Bachelor,1
27,Female,83100.0,Unemployed,606.0,59300.0,0,Bachelor,0
30,Male,49700.0,Unemployed,777.0,5800.0,0,Master,1
56,Male,43800.0,Employed,691.0,18400.0,1,Bachelor,1
22,Male,20300.0,Self-Employed,639.0,23000.0,0,Master,0
46,Male,80400.0,Employed,709.0,15300.0,4,High School,0
34,Male,70100.0,Employed,671.0,19600.0,0,High School,1
36,Female,37100.0,Self-Employed,812.0,14100.0,0,High School,1
63,Male,33100.0,Self-Employed,650.0,26300.0,0,Bachelor,1
62,Female,26700.0,Employed,718.0,14700.0,0,Master,1
37,Female,98200.0,Employed,772.0,25200.0,0,High School,1
66,Male,59400.0,Employed,736.0,32600.0,1,Bachelor,1
42,Male,27500.0,Self-Employed,726.0,29900.0,0,Bachelor,1
24,Male,69500.0,Retired,637.0,16100.0,0,High School,1
39,Female,78400.0,Employed,690.0,4700.0,1,High School,1
22,Male,39700.0,Self-Employed,719.0,24200.0,0,Bachelor,1
59,Female,33800.0,Employed,694.0,7600.0,0,High School,1
29,Male,24400.0,Employed,806.0,23800.0,0,Bachelor,1
39,Female,57200.0,Employed,666.0,22700.0,0,High School,1
36,Male,32400.0,Employed,683.0,15900.0,0,PhD,1
45,Male,31800.0,Employed,850.0,18800.0,4,Bachelor,0
38,Female,39900.0,Unemployed,751.0,43200.0,0,Bachelor,0
43,Female,26700.0,Employed,598.0,39200.0,3,Bachelor,0
41,Male,86200.0,Employed,722.0,14600.0,1,Master,1
31,Female,65100.0,Self-Employed,747.0,5800.0,0,Master,1
59,Male,41700.0,Employed,612.0,46300.0,0,High School,1
61,Female,26200.0,Employed,654.0,7000.0,0,Bachelor,1
24,Female,26900.0,Employed,579.0,19000.0,1,Bachelor,0
45,Male,26400.0,Self-Employed,705.0,17300.0,0,Bachelor,1
52,Male,21700.0,Employed,542.0,23400.0,0,Master,0
50,Male,47200.0,Employed,613.0,39300.0,3,Bachelor,0
65,Female,29100.0,Employed,562.0,18700.0,0,Bachelor,1
46,Female,28300.0,Retired,708.0,13300.0,0,Master,1
56,Male,26700.0,Employed,651.0,21400.0,0,PhD,1
54,Male,66300.0,Employed,714.0,8000.0,0,Bachelor,1
29,Female,27500.0,Employed,524.0,12000.0,0,Bachelor,1
32,Female,75700.0,Employed,614.0,15900.0,0,Master,1
22,Female,34800.0,Employed,747.0,25000.0,0,Bachelor,1
58,Male,21500.0,Unemployed,582.0,41400.0,1,Master,0
25,Male,50700.0,Employed,767.0,34500.0,0,High School,1
25,Male,62500.0,Self-Employed,667.0,31300.0,0,Master,1
42,Female,26100.0,Self-Employed,609.0,34700.0,0,High School,0
25,Male,41400.0,Employed,614.0,25700.0,0,Bachelor,1
24,Female,47100.0,Employed,698.0,18900.0,0,Bachelor,1
29,Male,42100.0,Unemployed,850.0,9900.0,2,Master,0
49,Female,31900.0,Self-Employed,850.0,18400.0,0,Bachelor,1
42,Female,62400.0,Employed,567.0,6700.0,0,High School,1
47,Female,35400.0,Employed,737.0,13200.0,0,Bachelor,1
30,Male,29600.0,Employed,822.0,18700.0,0,Bachelor,1
36,Male,18000.0,Employed,574.0,18700.0,3,Master,0
62,Male,18000.0,Employed,627.0,12400.0,0,Bachelor,1
62,Female,44700.0,Retired,705.0,6400.0,1,Master,0
30,Female,38600.0,Employed,683.0,12900.0,0,Master,1
26,Female,62600.0,Unemployed,562.0,15500.0,0,Bachelor,0
25,Female,70600.0,Employed,744.0,20200.0,0,Bachelor,1
26,Female,35500.0,Employed,717.0,27300.0,0,High School,1
67,Male,64500.0,Self-Employed,760.0,15000.0,0,Bachelor,1
45,Female,30300.0,Employed,725.0,14300.0,0,Bachelor,1
24,Male,37200.0,Employed,725.0,12300.0,0,High School,1
60,Male,36700.0,Employed,682.0,17300.0,0,Bachelor,1
52,Male,88400.0,Employed,783.0,31600.0,0,Bachelor,1
55,Male,21200.0,Employed,567.0,9600.0,2,Master,0
30,Male,41300.0,Retired,587.0,5600.0,0,Bachelor,1
54,Female,28300.0,Self-Employed,773.0,20400.0,0,Master,1
56,Male,34600.0,Employed,656.0,36500.0,0,High School,1
26,Female,33800.0,Self-Employed,603.0,21700.0,0,High School,1
63,Male,41600.0,Employed,752.0,9900.0,0,High School,1
66,Male,78700.0,Employed,737.0,16900.0,0,Bachelor,1
36,Male,103900.0,Employed,511.0,18600.0,1,Master,1
39,Male,55700.0,Employed,738.0,27700.0,2,Bachelor,0
54,Female,24600.0,Employed,626.0,10700.0,0,Bachelor,1
45,Male,36800.0,Employed,722.0,46400.0,0,Master,1
51,Female,45700.0,Employed,673.0,14100.0,0,Bachelor,1
61,Male,32700.0,Employed,732.0,12100.0,0,Bachelor,1
37,Female,34900.0,Unemployed,679.0,21400.0,0,Bachelor,0
67,Female,38700.0,Retired,574.0,7800.0,0,Bachelor,1
50,Female,59000.0,Employed,543.0,62000.0,1,Bachelor,0
59,Male,52300.0,Employed,566.0,23900.0,1,Master,0
51,Male,29600.0,Self-Employed,585.0,15300.0,2,High School,0
39,Male,54000.0,Self-Employed,717.0,10000.0,0,Master,1
55,Female,95100.0,Self-Employed,762.0,16100.0,0,Bachelor,1
49,Male,18800.0,Employed,654.0,32300.0,0,Master,0
21,Male,32300.0,Employed,604.0,14300.0,1,Bachelor,0
24,Female,31000.0,Employed,683.0,11500.0,0,Bachelor,1
48,Male,41800.0,Employed,512.0,27500.0,0,Master,1
38,Female,18000.0,Employed,733.0,9600.0,0,Bachelor,1
46,Male,79300.0,Self-Employed,674.0,20800.0,0,Bachelor,1
60,Male,41100.0,Self-Employed,686.0,23100.0,0,High School,1
39,Female,46600.0,Employed,634.0,22700.0,0,Bachelor,1
26,Male,44000.0,Employed,627.0,23400.0,0,Master,1
21,Female,31000.0,Employed,540.0,10200.0,0,High School,1
28,Male,56900.0,Employed,754.0,16100.0,0,Master,1
53,Male,40200.0,Employed,573.0,15500.0,0,High School,1
63,Female,18000.0,Self-Employed,619.0,19600.0,0,High School,0
41,Female,38000.0,Employed,599.0,6100.0,0,Bachelor,1
44,Female,34900.0,Self-Employed,751.0,7800.0,2,Master,0
45,Male,56900.0,Self-Employed,630.0,65900.0,1,Master,0
67,Female,154900.0,Unemployed,762.0,27900.0,0,Bachelor,1
63,Male,48500.0,Employed,730.0,15900.0,0,Bachelor,1
39,Male,115800.0,Employed,600.0,18900.0,1,High School,1
49,Female,28500.0,Employed,671.0,60500.0,3,Bachelor,0
30,Male,29400.0,Employed,536.0,5900.0,0,High School,1
32,Female,35500.0,Employed,714.0,19300.0,0,Master,1
53,Male,49600.0,Self-Employed,624.0,14700.0,0,Bachelor,1
27,Male,29100.0,Retired,590.0,38000.0,0,Bachelor,0
37,Female,18000.0,Unemployed,657.0,25400.0,0,High School,0
30,Female,40600.0,Employed,641.0,66100.0,0,Bachelor,0
51,Female,22700.0,Employed,704.0,29400.0,0,Master,0
26,Female,70100.0,Employed,841.0,13800.0,0,High School,1
37,Female,55400.0,Employed,792.0,15700.0,1,High School,1
57,Female,27500.0,Self-Employed,579.0,27200.0,1,Bachelor,0
38,Female,50400.0,Employed,810.0,43100.0,0,Master,1
46,Male,30500.0,Employed,684.0,11800.0,0,Master,1
36,Male,39100.0,Self-Employed,464.0,21000.0,0,Bachelor,1
28,Male,39300.0,Employed,661.0,5600.0,1,Master,1
44,Female,33900.0,Retired,548.0,15100.0,0,Bachelor,1
33,Female,60800.0,Employed,643.0,50800.0,0,Bachelor,1
49,Male,22900.0,Unemployed,842.0,44900.0,0,High School,0
52,Female,52500.0,Employed,569.0,28300.0,2,Bachelor,0
44,Female,46700.0,Employed,566.0,52400.0,0,Bachelor,0
36,Male,19900.0,Employed,672.0,15400.0,1,High School,0
31,Female,27000.0,Self-Employed,610.0,17300.0,0,Bachelor,1
52,Female,23200.0,Self-Employed,658.0,15200.0,0,Bachelor,1
26,Male,33400.0,Employed,689.0,26700.0,1,Bachelor,0
55,Female,41100.0,Unemployed,554.0,104000.0,1,Master,0
53,Male,25200.0,Self-Employed,699.0,22500.0,0,Bachelor,1
38,Female,65200.0,Employed,615.0,9100.0,0,High School,1
57,Female,68100.0,Employed,771.0,9300.0,0,Bachelor,1
33,Female,74400.0,Employed,606.0,10700.0,0,High School,1
30,Male,18000.0,Employed,620.0,11100.0,0,Bachelor,1
57,Female,106300.0,Employed,601.0,10500.0,0,Bachelor,1
46,Female,43600.0,Employed,645.0,20600.0,0,High School,1
66,Male,41100.0,Employed,557.0,7700.0,0,Bachelor,1
37,Female,38100.0,Employed,724.0,24200.0,0,High School,1
21,Male,20700.0,Employed,635.0,32600.0,0,Master,0
45,Female,48000.0,Unemployed,749.0,12400.0,0,Master,1
54,Male,89900.0,Employed,685.0,22200.0,1,Master,1
59,Male,43300.0,Self-Employed,826.0,26900.0,1,Bachelor,1
30,Male,23000.0,Employed,658.0,30500.0,0,Bachelor,0
40,Female,18700.0,Employed,650.0,19300.0,1,Bachelor,0
27,Male,34600.0,Self-Employed,730.0,10200.0,0,Bachelor,1
36,Female,27700.0,Employed,504.0,19200.0,1,High School,0
57,Male,57000.0,Employed,639.0,16400.0,0,Master,1
49,Male,79600.0,Employed,673.0,19600.0,0,Bachelor,1
32,Female,50800.0,Employed,742.0,9900.0,0,High School,1
37,Female,38500.0,Employed,759.0,7300.0,2,PhD,0
40,Male,37600.0,Employed,775.0,5400.0,1,Bachelor,1
46,Female,41600.0,Employed,655.0,6300.0,0,Master,1
39,Female,22500.0,Self-Employed,617.0,6000.0,0,Bachelor,1
67,Female,54200.0,Self-Employed,685.0,33300.0,0,High School,1
32,Male,23400.0,Employed,657.0,21000.0,0,Bachelor,1
41,Male,70100.0,Employed,538.0,18500.0,0,Bachelor,1
62,Female,33500.0,Employed,694.0,14700.0,3,Master,0
54,Male,60800.0,Self-Employed,602.0,5700.0,0,Bachelor,1
27,Female,19200.0,Employed,661.0,22700.0,0,Bachelor,0
65,Female,60600.0,Employed,655.0,20700.0,0,PhD,1
55,Female,79300.0,Employed,850.0,18500.0,1,Master,1
35,Female,21100.0,Self-Employed,756.0,11400.0,0,High School,1
21,Female,37900.0,Employed,734.0,11900.0,0,Bachelor,1
46,Male,47500.0,Employed,763.0,24700.0,0,High School,1
55,Female,48600.0,Employed,651.0,11400.0,0,High School,1
45,Male,33900.0,Employed,574.0,34100.0,1,Master,0
62,Male,31000.0,Employed,496.0,47100.0,4,Master,0
35,Female,45600.0,Employed,726.0,35300.0,0,Bachelor,1
42,Female,47900.0,Self-Employed,727.0,19100.0,0,PhD,1
26,Female,29300.0,Employed,615.0,17100.0,0,High School,1
35,Female,26600.0,Employed,626.0,19100.0,0,Bachelor,1
44,Male,73500.0,Employed,612.0,27100.0,1,High School,1
41,Male,42400.0,Employed,612.0,43200.0,0,Master,1
27,Female,18000.0,Employed,637.0,25100.0,1,Master,0
49,Male,73800.0,Employed,709.0,6500.0,0,Bachelor,1
52,Male,29800.0,Employed,770.0,10300.0,0,Master,1
52,Male,41500.0,Employed,678.0,16500.0,0,Master,1
25,Male,48400.0,Self-Employed,788.0,32600.0,0,High School,1
24,Male,19100.0,Employed,850.0,71300.0,0,Bachelor,0
42,Male,34700.0,Unemployed,714.0,18800.0,0,High School,1
38,Male,77600.0,Employed,675.0,26900.0,0,Bachelor,1
55,Male,69200.0,Employed,482.0,7100.0,1,Bachelor,1
37,Female,34700.0,Employed,731.0,11800.0,0,Bachelor,1
44,Male,57400.0,Employed,685.0,22300.0,0,Master,1
22,Male,61300.0,Self-Employed,687.0,5300.0,0,Bachelor,1
33,Female,59800.0,Unemployed,661.0,20900.0,0,PhD,1
35,Male,22600.0,Employed,643.0,14400.0,0,Bachelor,1
25,Female,91200.0,Employed,595.0,18500.0,0,High School,1
23,Female,31800.0,Self-Employed,749.0,11700.0,0,Bachelor,1
57,Male,42400.0,Self-Employed,450.0,24700.0,0,Bachelor,1
57,Male,33700.0,Unemployed,718.0,34000.0,0,High School,0
57,Female,45000.0,Employed,551.0,28200.0,0,High School,1
23,Female,26100.0,Self-Employed,789.0,27700.0,0,Bachelor,1
55,Male,35900.0,Employed,652.0,25400.0,0,Master,1
43,Female,44000.0,Employed,728.0,17800.0,3,Bachelor,0
48,Male,74000.0,Employed,696.0,13900.0,2,High School,0
50,Female,69700.0,Employed,782.0,31400.0,0,Bachelor,1
38,Male,71500.0,Employed,837.0,10600.0,0,Master,1
56,Female,62000.0,Employed,779.0,24400.0,0,Bachelor,1
53,Female,101000.0,Employed,733.0,24000.0,0,High School,1
46,Female,34700.0,Employed,656.0,9600.0,1,Bachelor,0
60,Male,37100.0,Employed,721.0,10200.0,1,Master,1
37,Male,36300.0,Employed,767.0,24500.0,0,Bachelor,1
60,Male,38900.0,Employed,647.0,20500.0,0,Bachelor,1
27,Male,19600.0,Self-Employed,686.0,22400.0,0,High School,0
28,Male,45800.0,Employed,615.0,15900.0,0,High School,1
51,Female,51400.0,Employed,754.0,45200.0,3,High School,0
32,Male,35300.0,Unemployed,723.0,25700.0,0,High School,0
51,Male,18000.0,Employed,572.0,40400.0,0,High School,0
64,Female,40600.0,Self-Employed,709.0,15400.0,0,Bachelor,1
39,Female,21000.0,Employed,663.0,32800.0,0,Bachelor,0
30,Female,49700.0,Unemployed,691.0,14900.0,0,Bachelor,1
59,Female,42600.0,Employed,620.0,14800.0,0,Bachelor,1
32,Male,44700.0,Self-Employed,792.0,8700.0,0,Bachelor,1
40,Male,23600.0,Employed,624.0,23700.0,0,High School,1
57,Female,75400.0,Unemployed,850.0,9800.0,2,High School,0
61,Female,43700.0,Employed,693.0,12500.0,0,High School,1
27,Male,25400.0,Employed,655.0,8000.0,1,Master,1
34,Female,53600.0,Employed,718.0,5800.0,0,High School,1
31,Male,42100.0,Unemployed,706.0,17200.0,1,High School,0
27,Male,100600.0,Employed,848.0,11800.0,0,High School,1
49,Female,30400.0,Employed,719.0,22000.0,0,Bachelor,1
30,Female,21500.0,Employed,522.0,17500.0,0,Bachelor,0
49,Female,46400.0,Employed,626.0,33800.0,0,Master,1
29,Male,66600.0,Employed,749.0,57300.0,0,Master,1
56,Female,128200.0,Employed,665.0,35900.0,0,High School,1
30,Male,220000.0,Retired,637.0,18400.0,0,Bachelor,1
39,Male,18500.0,Employed,623.0,27000.0,1,Bachelor,0
51,Female,37500.0,Unemployed,602.0,39600.0,2,High School,0
37,Female,21500.0,Employed,702.0,13300.0,0,Bachelor,1
29,Female,35500.0,Self-Employed,623.0,30900.0,1,Bachelor,0
65,Female,138500.0,Employed,794.0,39500.0,0,High School,1
53,Female,26600.0,Employed,610.0,18900.0,0,High School,1
54,Female,39700.0,Employed,569.0,23900.0,0,High School,1
65,Male,30000.0,Employed,678.0,61500.0,0,Master,0
44,Male,24300.0,Retired,507.0,12400.0,0,Bachelor,1
29,Male,98400.0,Employed,475.0,15300.0,1,Bachelor,1
27,Male,18600.0,Self-Employed,733.0,25200.0,0,High School,0
36,Female,38500.0,Employed,685.0,10600.0,0,High School,1
39,Male,41900.0,Employed,503.0,17300.0,0,High School,1
59,Male,39500.0,Employed,688.0,8700.0,0,High School,1
26,Male,34300.0,Employed,655.0,5800.0,0,Bachelor,1
31,Female,90000.0,Employed,551.0,20800.0,0,Master,1
32,Male,18000.0,Self-Employed,742.0,8100.0,0,Bachelor,1
62,Female,49900.0,Unemployed,809.0,10400.0,1,Master,0
33,Male,51000.0,Employed,844.0,33300.0,0,Bachelor,1
32,Male,46300.0,Unemployed,708.0,20000.0,0,Bachelor,1
41,Female,26500.0,Employed,682.0,17600.0,3,Bachelor,0
30,Female,73300.0,Employed,831.0,14400.0,0,Master,1
40,Male,71500.0,Employed,701.0,45400.0,1,Master,1
56,Female,26000.0,Employed,651.0,69100.0,1,Bachelor,0
48,Female,22000.0,Employed,624.0,25900.0,0,Master,0
44,Male,20000.0,Employed,727.0,3700.0,0,Bachelor,1
25,Female,44900.0,Employed,541.0,17700.0,0,Master,1
57,Female,41100.0,Employed,779.0,9600.0,0,Bachelor,1
32,Female,33500.0,Employed,562.0,13800.0,0,Bachelor,1
55,Female,113600.0,Employed,608.0,24100.0,0,Bachelor,1
60,Female,31900.0,Employed,706.0,19200.0,1,Bachelor,0
22,Female,44100.0,Employed,828.0,7900.0,0,High School,1
61,Female,36400.0,Self-Employed,657.0,11900.0,0,High School,1
65,Female,107100.0,Employed,591.0,35900.0,0,Bachelor,1
59,Female,18000.0,Employed,771.0,46800.0,0,Bachelor,0
62,Female,34400.0,Self-Employed,643.0,40900.0,0,Bachelor,0
29,Female,54600.0,Employed,537.0,8000.0,0,High School,1
42,Male,35900.0,Self-Employed,732.0,14600.0,2,Master,0
67,Female,20900.0,Employed,661.0,11700.0,0,Bachelor,1
25,Female,43800.0,Employed,659.0,26900.0,0,High School,1
32,Male,18000.0,Employed,743.0,15100.0,0,Bachelor,1
21,Female,56100.0,Employed,750.0,9800.0,0,Bachelor,1
64,Male,32600.0,Self-Employed,616.0,43800.0,0,High School,0
42,Male,30000.0,Employed,690.0,12700.0,0,Master,1
58,Female,67700.0,Retired,548.0,33100.0,1,Master,0
39,Male,24300.0,Employed,658.0,12500.0,0,High School,1
36,Female,18600.0,Unemployed,605.0,28900.0,2,High School,0
51,Female,25500.0,Employed,662.0,14900.0,1,Bachelor,0
23,Male,111700.0,Employed,645.0,9700.0,0,Master,1
43,Male,24300.0,Employed,665.0,36000.0,1,Bachelor,0
62,Male,48200.0,Employed,538.0,11800.0,1,Bachelor,0
38,Female,61200.0,Self-Employed,568.0,19300.0,1,PhD,0
46,Female,25100.0,Employed,662.0,8300.0,0,Master,1
33,Female,25100.0,Employed,807.0,7900.0,2,Bachelor,0
38,Male,43900.0,Employed,742.0,45400.0,1,Bachelor,0
23,Female,44900.0,Employed,717.0,19600.0,0,High School,1
43,Female,78700.0,Employed,629.0,16900.0,0,PhD,1
23,Female,27300.0,Self-Employed,600.0,14000.0,0,Bachelor,1
45,Male,33200.0,Employed,733.0,11300.0,0,Bachelor,1
47,Female,165900.0,Unemployed,581.0,25600.0,0,Bachelor,1
64,Female,18000.0,Retired,819.0,42300.0,0,High School,0
47,Female,18000.0,Self-Employed,676.0,29500.0,0,High School,0
59,Male,20100.0,Employed,850.0,26000.0,0,Bachelor,1
45,Female,69600.0,Employed,825.0,14900.0,0,Master,1
44,Female,32200.0,Employed,716.0,26400.0,1,Bachelor,0
28,Male,32200.0,Unemployed,712.0,58100.0,0,Bachelor,0
29,Female,24800.0,Retired,625.0,15400.0,0,High School,0
66,Female,63500.0,Employed,792.0,22400.0,0,Master,1
57,Male,20300.0,Employed,648.0,40800.0,0,Bachelor,0
50,Male,30000.0,Unemployed,536.0,58100.0,0,High School,0
39,Female,25300.0,Employed,778.0,19600.0,0,High School,1
36,Male,18000.0,Employed,726.0,30000.0,3,PhD,0
44,Female,31600.0,Retired,636.0,15500.0,0,Bachelor,1
64,Male,39000.0,Self-Employed,703.0,21900.0,0,High School,1
41,Female,27200.0,Unemployed,683.0,15600.0,0,High School,0
56,Male,35100.0,Employed,806.0,36500.0,0,PhD,1
60,Female,35500.0,Employed,594.0,49300.0,0,High School,0
59,Female,37600.0,Employed,807.0,8700.0,0,Bachelor,1
67,Female,23700.0,Employed,793.0,16900.0,0,Bachelor,1
26,Female,23000.0,Employed,626.0,13000.0,0,High School,1
25,Male,41100.0,Unemployed,716.0,14900.0,1,Bachelor,0
34,Female,19200.0,Unemployed,727.0,15600.0,3,Master,0
65,Male,36100.0,Employed,850.0,10700.0,1,Bachelor,1
62,Male,90900.0,Employed,614.0,21300.0,0,Bachelor,1
24,Male,39400.0,Employed,516.0,9000.0,0,Master,1
28,Male,18000.0,Employed,509.0,30600.0,2,Master,0
44,Female,43900.0,Employed,698.0,21500.0,0,High School,1
31,Female,60400.0,Employed,767.0,9500.0,0,Bachelor,1
37,Male,27000.0,Employed,604.0,9200.0,0,Bachelor,1
41,Male,34600.0,Unemployed,664.0,28800.0,0,Bachelor,0
46,Female,25900.0,Employed,642.0,11800.0,0,Bachelor,1
63,Male,31900.0,Employed,583.0,45600.0,1,Bachelor,0
64,Male,28800.0,Self-Employed,731.0,5000.0,0,Bachelor,1
65,Male,49900.0,Employed,532.0,9600.0,0,High School,1
47,Female,92000.0,Retired,734.0,14300.0,0,High School,1
36,Female,41300.0,Employed,643.0,17700.0,2,Bachelor,0
46,Male,18600.0,Unemployed,764.0,26900.0,3,Master,0
53,Male,142200.0,Employed,695.0,16000.0,0,Bachelor,1
51,Female,53700.0,Employed,548.0,14900.0,0,High School,1
67,Female,59500.0,Employed,707.0,12000.0,0,Bachelor,1
26,Male,38900.0,Retired,647.0,11200.0,0,Bachelor,1
64,Female,45100.0,Employed,773.0,11800.0,0,Bachelor,1
28,Male,33800.0,Employed,742.0,17200.0,0,PhD,1
27,Male,63100.0,Employed,777.0,6000.0,0,Bachelor,1
54,Female,31600.0,Employed,651.0,24900.0,0,High School,1
64,Male,51300.0,Employed,602.0,18800.0,0,Master,1
34,Female,65200.0,Retired,679.0,16800.0,2,Bachelor,0
36,Male,74800.0,Unemployed,742.0,35700.0,0,Master,1
63,Male,67200.0,Employed,599.0,25800.0,0,High School,1
29,Female,24100.0,Employed,706.0,19500.0,0,Bachelor,1
30,Male,88100.0,Employed,712.0,26700.0,0,High School,1
37,Female,55900.0,Employed,797.0,12400.0,0,High School,1
32,Male,46800.0,Employed,591.0,25700.0,0,High School,1
26,Male,49500.0,Self-Employed,722.0,29500.0,0,Master,1
39,Male,37100.0,Employed,638.0,4200.0,0,High School,1
63,Female,31800.0,Employed,616.0,52200.0,0,Bachelor,0
61,Male,33400.0,Self-Employed,845.0,22000.0,0,PhD,1
49,Female,76400.0,Employed,718.0,26000.0,0,High School,1
26,Male,41800.0,Employed,811.0,34500.0,0,Master,1
45,Female,46200.0,Self-Employed,617.0,16600.0,0,Bachelor,1
44,Male,41400.0,Employed,823.0,14000.0,0,Bachelor,1
45,Female,28700.0,Employed,645.0,21600.0,1,Bachelor,0
36,Female,18000.0,Employed,748.0,94400.0,0,High School,0
36,Female,58900.0,Employed,600.0,17000.0,2,High School,0
26,Female,55900.0,Employed,589.0,12300.0,0,Bachelor,1
57,Female,39900.0,Employed,678.0,40300.0,0,Bachelor,1
41,Female,23300.0,Employed,812.0,5200.0,2,High School,0
24,Male,99700.0,Employed,787.0,16900.0,0,Bachelor,1
54,Male,33800.0,Self-Employed,692.0,12300.0,0,Bachelor,1
48,Female,45400.0,Employed,653.0,26300.0,1,Bachelor,0
58,Female,28200.0,Self-Employed,707.0,19600.0,1,Bachelor,0
61,Female,20400.0,Self-Employed,591.0,9300.0,1,Bachelor,0
48,Male,53900.0,Self-Employed,692.0,26600.0,0,Bachelor,1
37,Male,19000.0,Employed,684.0,11000.0,1,Bachelor,0
34,Male,45000.0,Employed,684.0,17500.0,0,Bachelor,1
27,Female,45100.0,Employed,719.0,14000.0,0,PhD,1
42,Male,22900.0,Self-Employed,747.0,29400.0,0,Bachelor,1
21,Male,21000.0,Employed,477.0,13700.0,0,Bachelor,1
49,Male,27300.0,Self-Employed,609.0,3000.0,0,Bachelor,1
51,Male,29300.0,Employed,624.0,9200.0,0,High School,1
50,Female,18700.0,Employed,667.0,18700.0,0,Bachelor,1
35,Male,22900.0,Employed,674.0,12100.0,0,Master,1
38,Female,41700.0,Employed,734.0,36900.0,0,Bachelor,1
55,Male,108500.0,Employed,707.0,9800.0,0,High School,1
50,Male,66400.0,Unemployed,782.0,25500.0,0,Bachelor,1
54,Male,43500.0,Employed,654.0,29300.0,0,High School,1
62,Male,70600.0,Employed,622.0,20000.0,0,Bachelor,1
31,Male,71500.0,Employed,668.0,23000.0,1,High School,1
47,Male,34500.0,Employed,683.0,16600.0,1,Bachelor,1
44,Female,45700.0,Employed,688.0,21300.0,0,Master,1
55,Male,65400.0,Self-Employed,658.0,13500.0,3,Bachelor,0
59,Female,70100.0,Self-Employed,772.0,20700.0,0,Bachelor,1
28,Female,70400.0,Self-Employed,764.0,15200.0,0,Master,1
38,Female,24000.0,Employed,772.0,15200.0,0,PhD,1
33,Male,72200.0,Employed,596.0,12100.0,0,Bachelor,1
65,Male,101600.0,Self-Employed,742.0,15800.0,0,PhD,1
44,Male,84700.0,Employed,816.0,44600.0,0,High School,1
43,Male,23300.0,Employed,775.0,15600.0,0,PhD,1
32,Female,20600.0,Self-Employed,636.0,31700.0,0,Master,0
50,Male,50600.0,Self-Employed,652.0,24700.0,0,High School,1
51,Male,83900.0,Employed,547.0,20900.0,2,Bachelor,0
48,Female,44900.0,Employed,789.0,21400.0,1,Bachelor,1
42,Female,35700.0,Employed,597.0,18300.0,1,High School,0
64,Female,38400.0,Employed,639.0,12700.0,0,Bachelor,1
48,Male,66900.0,Employed,728.0,50600.0,0,Bachelor,1
33,Male,34200.0,Employed,692.0,34000.0,2,High School,0
45,Male,51000.0,Employed,711.0,18500.0,3,Bachelor,0
64,Male,37600.0,Self-Employed,631.0,18800.0,2,Bachelor,0
66,Male,25700.0,Self-Employed,573.0,25300.0,0,High School,0
27,Male,24800.0,Employed,698.0,9600.0,0,High School,1
65,Male,52200.0,Employed,605.0,11300.0,0,Bachelor,1
26,Male,18000.0,Employed,724.0,5800.0,0,Bachelor,1
44,Male,51000.0,Employed,604.0,15900.0,2,Bachelor,0
39,Female,36900.0,Employed,667.0,36900.0,0,High School,1
39,Female,64400.0,Retired,826.0,15200.0,0,Bachelor,1
56,Female,54200.0,Employed,699.0,67100.0,0,Bachelor,1
29,Male,41000.0,Employed,612.0,13900.0,0,Bachelor,1
56,Male,23500.0,Employed,722.0,20100.0,0,Bachelor,1
58,Male,24200.0,Employed,668.0,15300.0,1,Master,0
60,Female,29100.0,Employed,613.0,4700.0,0,Bachelor,1
49,Female,62000.0,Employed,682.0,15300.0,0,Bachelor,1
44,Male,97200.0,Employed,785.0,10900.0,0,Bachelor,1
25,Female,47300.0,Employed,731.0,20800.0,0,High School,1
62,Male,29900.0,Employed,665.0,38800.0,0,High School,1
65,Female,31500.0,Employed,577.0,14600.0,0,Master,1
46,Female,32200.0,Employed,742.0,22500.0,0,Master,1
34,Female,67500.0,Self-Employed,721.0,15900.0,2,Bachelor,0
59,Female,31900.0,Employed,542.0,30900.0,0,Master,0
49,Female,39300.0,Self-Employed,554.0,70900.0,0,Master,0
26,Male,78600.0,Employed,814.0,44000.0,3,Master,0
27,Female,30200.0,Employed,707.0,12500.0,1,Master,0
57,Male,53000.0,Employed,562.0,41300.0,1,Master,0
38,Female,63000.0,Employed,777.0,21600.0,0,Master,1
43,Female,41400.0,Employed,783.0,37800.0,1,Bachelor,0
64,Female,106600.0,Employed,620.0,9700.0,0,Bachelor,1
58,Male,92300.0,Self-Employed,602.0,17100.0,0,Bachelor,1
21,Female,45800.0,Employed,687.0,20100.0,4,Master,0
24,Female,26900.0,Employed,694.0,17500.0,0,Master,1
64,Female,27500.0,Employed,667.0,21500.0,2,High School,0
67,Male,44600.0,Employed,589.0,16900.0,0,Bachelor,1
55,Male,23300.0,Unemployed,650.0,14600.0,0,High School,0
43,Male,45900.0,Retired,644.0,13700.0,0,High School,1
47,Male,93300.0,Employed,554.0,11000.0,2,Bachelor,0
46,Female,41400.0,Employed,764.0,21700.0,0,Bachelor,1
28,Male,39800.0,Self-Employed,590.0,16600.0,0,Bachelor,1
63,Female,61500.0,Employed,791.0,13000.0,0,Bachelor,1
36,Male,52200.0,Employed,693.0,7300.0,1,High School,1
61,Male,22600.0,Retired,625.0,24900.0,0,Bachelor,0
23,Female,32000.0,Employed,713.0,27000.0,0,Bachelor,1
52,Female,103500.0,Employed,669.0,10300.0,0,Bachelor,1
25,Male,47200.0,Self-Employed,793.0,19200.0,0,Bachelor,1
40,Female,24300.0,Retired,850.0,13000.0,3,High School,0
34,Female,36500.0,Self-Employed,713.0,27700.0,1,Bachelor,0
52,Male,18000.0,Employed,665.0,13400.0,0,Master,1
46,Female,18000.0,Unemployed,816.0,13400.0,0,Bachelor,0
67,Female,65600.0,Retired,663.0,19500.0,1,Bachelor,0
26,Female,40000.0,Unemployed,635.0,14000.0,0,High School,0
56,Male,52000.0,Employed,785.0,13500.0,0,Master,1
60,Female,71600.0,Self-Employed,751.0,12500.0,0,Bachelor,1
25,Male,47600.0,Employed,636.0,13800.0,0,High School,1
33,Male,57900.0,Employed,707.0,14400.0,0,High School,1
52,Male,45600.0,Employed,651.0,18200.0,0,High School,1
36,Male,76400.0,Self-Employed,731.0,16400.0,0,High School,1
21,Female,97400.0,Unemployed,723.0,24300.0,0,Bachelor,1
33,Female,44300.0,Self-Employed,571.0,9000.0,0,Bachelor,1
31,Female,43400.0,Employed,684.0,63200.0,0,PhD,0
28,Male,47100.0,Employed,554.0,18300.0,1,Bachelor,0
45,Male,38100.0,Employed,559.0,32300.0,0,Master,1
60,Male,32900.0,Unemployed,638.0,24100.0,1,High School,0
52,Female,67800.0,Employed,629.0,19400.0,0,Bachelor,1
44,Male,32900.0,Self-Employed,535.0,23600.0,0,Bachelor,1
48,Female,31900.0,Employed,579.0,22100.0,0,Master,1
34,Female,62900.0,Unemployed,549.0,16200.0,0,Bachelor,0
65,Male,65400.0,Employed,617.0,75800.0,0,High School,1
23,Female,128900.0,Employed,725.0,35200.0,1,PhD,1
56,Male,73900.0,Retired,806.0,6900.0,0,Master,1
47,Female,60700.0,Self-Employed,770.0,33900.0,0,Bachelor,1
40,Female,65200.0,Employed,717.0,18800.0,0,Master,1
67,Male,37300.0,Employed,712.0,48100.0,0,PhD,1
35,Male,53200.0,Self-Employed,671.0,14800.0,0,Master,1
47,Female,54400.0,Employed,672.0,4400.0,0,Bachelor,1
65,Female,30600.0,Self-Employed,798.0,14600.0,0,Bachelor,1
61,Male,39200.0,Employed,733.0,6900.0,1,High School,1
48,Female,64600.0,Retired,697.0,12000.0,0,High School,1
45,Female,39800.0,Employed,531.0,12800.0,0,PhD,1
62,Female,54500.0,Self-Employed,742.0,22600.0,0,Bachelor,1
64,Male,62800.0,Employed,743.0,21000.0,0,High School,1
66,Female,61400.0,Employed,627.0,26500.0,2,Bachelor,0
53,Female,95400.0,Employed,699.0,25200.0,0,Bachelor,1
66,Male,30000.0,Self-Employed,669.0,57800.0,0,Bachelor,0
34,Male,91200.0,Self-Employed,634.0,18100.0,0,Bachelor,1
28,Female,50900.0,Employed,715.0,24600.0,2,Bachelor,0
34,Male,60900.0,Employed,588.0,30700.0,0,High School,1
21,Female,56900.0,Self-Employed,850.0,12200.0,0,Master,1
36,Male,55400.0,Self-Employed,725.0,8400.0,0,High School,1
38,Male,29200.0,Employed,671.0,22500.0,0,Bachelor,1
27,Female,59800.0,Retired,762.0,14200.0,1,Bachelor,1
35,Male,19500.0,Self-Employed,747.0,28800.0,1,Bachelor,0
44,Male,114400.0,Employed,617.0,28000.0,0,Bachelor,1
33,Male,48600.0,Employed,637.0,32600.0,0,High School,1
29,Female,71700.0,Employed,486.0,11300.0,0,Master,1
35,Male,56400.0,Self-Employed,589.0,12800.0,0,Bachelor,1
55,Male,40900.0,Employed,737.0,19200.0,0,Bachelor,1
44,Female,30600.0,Self-Employed,696.0,16200.0,0,Bachelor,1
53,Male,27900.0,Employed,638.0,23700.0,1,Bachelor,0
36,Female,59300.0,Unemployed,709.0,40800.0,0,High School,0
28,Male,57700.0,Self-Employed,635.0,17000.0,0,Bachelor,1
49,Female,53100.0,Employed,557.0,8000.0,0,Bachelor,1
43,Male,37800.0,Employed,600.0,5600.0,0,Bachelor,1
65,Female,49300.0,Employed,850.0,8300.0,0,High School,1
51,Male,32500.0,Self-Employed,667.0,8100.0,0,High School,1
60,Male,28600.0,Self-Employed,672.0,26900.0,0,Bachelor,1
34,Male,34900.0,Employed,724.0,17500.0,0,Bachelor,1
50,Male,35700.0,Employed,763.0,18900.0,0,Bachelor,1
59,Male,83500.0,Employed,661.0,27800.0,0,High School,1
47,Male,20300.0,Employed,774.0,40900.0,0,Bachelor,0
67,Female,39500.0,Employed,661.0,16000.0,0,High School,1
36,Male,55100.0,Employed,679.0,28200.0,1,Bachelor,1
26,Male,108300.0,Employed,639.0,22300.0,0,High School,1
53,Female,29600.0,Employed,745.0,7100.0,0,Bachelor,1
64,Female,23000.0,Employed,563.0,7400.0,0,High School,1
38,Male,57600.0,Unemployed,699.0,14700.0,0,Bachelor,1
36,Male,43600.0,Employed,730.0,20300.0,0,Bachelor,1
32,Male,35900.0,Employed,767.0,24100.0,0,High School,1
40,Female,50000.0,Employed,726.0,16000.0,0,Bachelor,1
65,Female,61800.0,Employed,602.0,6500.0,0,High School,1
60,Male,58000.0,Unemployed,729.0,14500.0,0,Master,1
49,Female,46700.0,Employed,743.0,6000.0,0,Master,1
50,Female,77500.0,Employed,735.0,15900.0,0,Master,1
46,Female,44300.0,Employed,660.0,25200.0,0,PhD,1
42,Female,41000.0,Employed,667.0,23300.0,0,Master,1
53,Male,57400.0,Employed,765.0,13300.0,0,Master,1
59,Male,21400.0,Employed,680.0,23000.0,0,High School,1
67,Male,54600.0,Employed,599.0,9200.0,1,High School,1
49,Male,34500.0,Self-Employed,645.0,12300.0,0,Master,1
42,Female,20600.0,Employed,807.0,6700.0,0,Bachelor,1
65,Female,49600.0,Employed,566.0,13100.0,0,Master,1
33,Male,31900.0,Unemployed,791.0,11300.0,0,Master,1
29,Male,18000.0,Employed,682.0,14100.0,1,Master,0
44,Male,26000.0,Unemployed,567.0,15300.0,0,Bachelor,0
35,Female,93400.0,Retired,747.0,20900.0,0,High School,1
56,Male,30400.0,Employed,620.0,5600.0,0,Bachelor,1
33,Male,47200.0,Employed,688.0,10800.0,0,Bachelor,1
47,Male,23300.0,Employed,524.0,32400.0,1,Master,0
64,Male,114700.0,Self-Employed,794.0,32800.0,1,Master,1
57,Female,41600.0,Employed,655.0,18600.0,0,Master,1
27,Female,28500.0,Self-Employed,628.0,18900.0,0,Bachelor,1
28,Male,62500.0,Retired,696.0,9200.0,0,Bachelor,1
57,Female,111900.0,Self-Employed,755.0,14400.0,2,Master,0
61,Female,32700.0,Unemployed,664.0,29500.0,0,Bachelor,0
34,Female,28200.0,Self-Employed,753.0,8500.0,1,Master,0
32,Male,126400.0,Unemployed,678.0,19700.0,0,High School,1
56,Male,37700.0,Employed,687.0,25200.0,0,Bachelor,1
60,Male,35700.0,Self-Employed,612.0,18600.0,2,Master,0
37,Female,18000.0,Self-Employed,770.0,16500.0,2,High School,0
60,Male,39500.0,Employed,737.0,16400.0,0,Bachelor,1
49,Male,20400.0,Employed,727.0,24400.0,0,High School,1
47,Male,30300.0,Employed,771.0,20300.0,0,Bachelor,1
21,Female,18000.0,Employed,591.0,24300.0,0,Bachelor,0
54,Male,74400.0,Employed,686.0,14500.0,0,Bachelor,1
24,Female,19300.0,Employed,774.0,14900.0,0,Bachelor,1
44,Female,18000.0,Retired,677.0,25100.0,0,Bachelor,0
41,Male,25500.0,Employed,693.0,10600.0,0,Bachelor,1
53,Female,74900.0,Self-Employed,690.0,9200.0,0,Bachelor,1
27,Male,32100.0,Employed,720.0,70500.0,0,Bachelor,0
21,Female,34400.0,Employed,517.0,23200.0,0,Bachelor,1
61,Male,51000.0,Employed,690.0,15600.0,0,Bachelor,1
23,Female,37200.0,Employed,714.0,11900.0,0,Master,1
64,Female,74500.0,Self-Employed,713.0,10400.0,0,Bachelor,1
35,Female,35600.0,Self-Employed,816.0,17500.0,0,Bachelor,1
51,Female,35900.0,Self-Employed,630.0,17000.0,2,Bachelor,0
36,Male,124500.0,Employed,820.0,23500.0,1,Bachelor,1
30,Female,41300.0,Self-Employed,649.0,8300.0,2,High School,0
49,Female,45000.0,Employed,565.0,8500.0,0,Master,1
26,Female,36100.0,Employed,808.0,21100.0,0,Bachelor,1
49,Male,18000.0,Unemployed,769.0,22700.0,1,Bachelor,0
37,Female,62100.0,Unemployed,692.0,31000.0,0,High School,0
42,Female,92100.0,Employed,630.0,48900.0,3,PhD,0
44,Female,75200.0,Unemployed,662.0,15300.0,0,High School,1
37,Male,30400.0,Self-Employed,702.0,27000.0,0,Master,1
41,Female,36800.0,Employed,798.0,9700.0,0,High School,1
31,Male,47800.0,Employed,568.0,3800.0,0,Bachelor,1
27,Female,47000.0,Retired,662.0,10000.0,1,Bachelor,0
62,Male,56400.0,Self-Employed,658.0,13500.0,0,Bachelor,1
59,Female,44400.0,Employed,639.0,65500.0,0,Bachelor,0
25,Female,33500.0,Employed,625.0,6600.0,0,High School,1
64,Male,43000.0,Employed,817.0,28100.0,0,High School,1
41,Female,66100.0,Employed,612.0,12600.0,0,Bachelor,1
38,Male,172500.0,Employed,691.0,24300.0,1,Bachelor,1
55,Female,31300.0,Employed,580.0,18500.0,0,Bachelor,1
40,Female,44900.0,Employed,754.0,10400.0,0,High School,1
35,Female,33500.0,Unemployed,638.0,33300.0,0,Master,0
25,Female,46800.0,Retired,493.0,23600.0,0,Master,0
33,Female,65400.0,Self-Employed,763.0,17900.0,0,Master,1
32,Male,36200.0,Unemployed,633.0,21500.0,2,High School,0
41,Male,18000.0,Self-Employed,791.0,14000.0,0,Master,1
57,Female,67100.0,Employed,773.0,5700.0,0,PhD,1
26,Female,42800.0,Unemployed,671.0,19300.0,0,Bachelor,0
27,Female,33800.0,Employed,714.0,68600.0,1,High School,0
46,Female,30300.0,Employed,688.0,29900.0,0,Bachelor,1
62,Male,46900.0,Employed,561.0,21500.0,3,Bachelor,0
28,Female,28300.0,Employed,801.0,22700.0,0,Bachelor,1
29,Male,30000.0,Employed,658.0,18000.0,0,High School,1
47,Female,21500.0,Self-Employed,682.0,4700.0,1,Bachelor,0
24,Male,28500.0,Employed,683.0,9600.0,2,Bachelor,0
41,Male,55000.0,Retired,661.0,17400.0,0,Bachelor,1
51,Male,20100.0,Employed,734.0,31400.0,0,Bachelor,0
41,Male,71400.0,Unemployed,672.0,54100.0,2,Bachelor,0
60,Female,22300.0,Employed,636.0,9500.0,1,Bachelor,0
45,Male,43300.0,Employed,645.0,26700.0,0,Bachelor,1
59,Male,51100.0,Employed,821.0,4700.0,0,Bachelor,1
35,Male,60600.0,Employed,685.0,14800.0,0,Bachelor,1
55,Male,60600.0,Employed,818.0,17700.0,0,Bachelor,1
63,Male,38500.0,Employed,599.0,49600.0,0,Bachelor,0
61,Male,36800.0,Employed,625.0,11100.0,0,Bachelor,1
57,Female,54100.0,Employed,639.0,14600.0,1,Bachelor,0
62,Female,46100.0,Retired,673.0,32700.0,0,PhD,1
67,Female,33800.0,Employed,619.0,11600.0,0,Bachelor,1
48,Male,48300.0,Employed,669.0,13100.0,0,Bachelor,1
34,Male,36900.0,Self-Employed,697.0,7600.0,0,High School,1
24,Female,29700.0,Employed,765.0,26200.0,0,Bachelor,1
40,Male,33200.0,Employed,566.0,7600.0,0,High School,1
54,Male,51200.0,Employed,759.0,33900.0,0,Bachelor,1
32,Male,25200.0,Employed,743.0,8500.0,0,Bachelor,1
53,Male,69800.0,Employed,597.0,11400.0,3,Bachelor,0
44,Male,30400.0,Employed,613.0,8900.0,0,Master,1
40,Male,18000.0,Employed,710.0,15200.0,3,High School,0
25,Female,52900.0,Self-Employed,626.0,34400.0,0,High School,1
58,Female,18000.0,Self-Employed,797.0,11900.0,1,High School,0
50,Female,24200.0,Self-Employed,679.0,10000.0,0,Master,1
44,Female,134800.0,Employed,577.0,17800.0,0,High School,1
63,Female,68200.0,Employed,585.0,17300.0,1,PhD,1
60,Female,65400.0,Employed,553.0,27100.0,0,PhD,1
27,Female,22900.0,Employed,671.0,8200.0,0,PhD,1
56,Male,36600.0,Employed,675.0,20800.0,0,PhD,1
58,Male,74700.0,Unemployed,724.0,37900.0,0,High School,1
36,Male,55300.0,Employed,787.0,9800.0,0,Bachelor,1
35,Female,70800.0,Employed,681.0,20200.0,0,Bachelor,1
66,Female,97800.0,Employed,788.0,9800.0,1,Bachelor,1
43,Male,55800.0,Self-Employed,618.0,34800.0,0,Bachelor,1
32,Female,21700.0,Employed,555.0,49800.0,0,Bachelor,0
49,Male,54100.0,Employed,747.0,8800.0,0,Master,1
64,Female,35700.0,Unemployed,742.0,21500.0,0,Bachelor,0
35,Male,21000.0,Employed,702.0,22300.0,0,Bachelor,1
49,Male,62800.0,Employed,738.0,19500.0,0,Bachelor,1
65,Male,73200.0,Self-Employed,484.0,15700.0,2,Bachelor,0
63,Male,38300.0,Unemployed,640.0,12800.0,0,Bachelor,1
41,Male,47100.0,Employed,775.0,7000.0,0,High School,1
35,Male,18000.0,Employed,658.0,16400.0,0,Master,1
34,Female,70400.0,Employed,735.0,30300.0,0,High School,1
62,Female,59700.0,Employed,850.0,35000.0,0,High School,1
64,Male,45500.0,Employed,767.0,20100.0,0,High School,1
36,Female,21500.0,Retired,649.0,10000.0,1,Master,0
35,Female,18000.0,Employed,530.0,8400.0,0,High School,1
62,Male,110600.0,Employed,741.0,12400.0,0,High School,1
24,Male,24300.0,Employed,508.0,5700.0,2,High School,0
47,Male,42900.0,Employed,613.0,4000.0,2,High School,0
43,Male,24700.0,Employed,617.0,8000.0,0,Bachelor,1
49,Female,18000.0,Employed,670.0,21700.0,0,PhD,0
61,Male,50200.0,Self-Employed,703.0,6700.0,0,Bachelor,1
29,Female,54300.0,Employed,607.0,22000.0,0,High School,1
63,Female,18000.0,Employed,769.0,11000.0,1,Master,0
63,Male,69900.0,Employed,801.0,37100.0,0,Bachelor,1
27,Female,30800.0,Employed,659.0,12600.0,0,High School,1
62,Male,23400.0,Employed,771.0,13700.0,0,Master,1
24,Female,22600.0,Self-Employed,621.0,11500.0,1,High School,0
25,Male,62000.0,Unemployed,592.0,11600.0,0,High School,1
25,Female,18000.0,Employed,772.0,19000.0,0,Bachelor,1
31,Female,21600.0,Self-Employed,703.0,21400.0,0,High School,0
61,Male,49800.0,Employed,713.0,17500.0,0,High School,1
48,Female,46600.0,Employed,836.0,8400.0,0,Bachelor,1
36,Female,24100.0,Employed,737.0,23000.0,0,Bachelor,1
61,Female,76400.0,Employed,850.0,8700.0,0,PhD,1
50,Female,23000.0,Employed,688.0,9400.0,1,Bachelor,0
24,Female,36200.0,Employed,808.0,12800.0,0,High School,1
22,Male,33800.0,Employed,676.0,28700.0,0,High School,1
66,Male,33900.0,Employed,582.0,9100.0,0,Bachelor,1
23,Female,36400.0,Employed,751.0,22500.0,0,Bachelor,1
41,Male,35900.0,Employed,677.0,3900.0,0,Bachelor,1
26,Female,35600.0,Self-Employed,850.0,24400.0,0,Master,1
63,Female,36600.0,Employed,728.0,33800.0,0,Master,1
38,Male,69100.0,Employed,761.0,26000.0,0,Bachelor,1
64,Male,35700.0,Employed,547.0,17500.0,0,Bachelor,1
25,Female,56700.0,Unemployed,742.0,11900.0,0,Bachelor,1
29,Male,43200.0,Employed,674.0,10300.0,1,Master,1
40,Female,48200.0,Self-Employed,614.0,10900.0,0,High School,1
48,Male,59200.0,Employed,799.0,12600.0,0,Bachelor,1
46,Female,22700.0,Unemployed,570.0,31600.0,0,Bachelor,0
38,Male,54900.0,Employed,710.0,16800.0,1,Master,1
39,Female,36100.0,Employed,628.0,28900.0,0,High School,1
23,Male,24800.0,Employed,703.0,112000.0,0,Master,0
29,Female,59200.0,Employed,656.0,48600.0,0,Bachelor,1
56,Male,32400.0,Employed,665.0,17900.0,0,High School,1
51,Female,48500.0,Employed,685.0,12900.0,2,Master,0
37,Female,18000.0,Employed,598.0,29700.0,0,High School,0
43,Male,57700.0,Employed,767.0,29700.0,0,Bachelor,1
54,Male,146500.0,Unemployed,737.0,24900.0,0,Bachelor,1
61,Male,40000.0,Retired,596.0,43700.0,0,Master,0
61,Female,35200.0,Employed,800.0,10200.0,1,High School,1
25,Female,31900.0,Employed,745.0,21400.0,2,Master,0
35,Female,53000.0,Employed,689.0,17600.0,0,High School,1
67,Male,34500.0,Self-Employed,559.0,27200.0,0,Bachelor,1
23,Male,55500.0,Self-Employed,625.0,13700.0,2,High School,0
39,Female,95000.0,Unemployed,520.0,22500.0,1,High School,0
48,Male,61100.0,Employed,695.0,6200.0,1,Master,1
23,Female,36800.0,Self-Employed,752.0,17800.0,1,Master,0
58,Male,23000.0,Self-Employed,619.0,50400.0,0,Bachelor,0
24,Female,32700.0,Employed,681.0,13200.0,0,PhD,1
44,Male,37000.0,Self-Employed,764.0,17000.0,0,Bachelor,1
51,Male,20800.0,Employed,627.0,34300.0,0,Master,0
65,Female,69100.0,Employed,727.0,23900.0,0,High School,1
65,Female,53300.0,Retired,850.0,6500.0,0,Bachelor,1
31,Female,23800.0,Employed,743.0,16600.0,0,Bachelor,1
57,Male,18000.0,Self-Employed,592.0,22700.0,0,Bachelor,0
21,Male,57500.0,Employed,678.0,41000.0,0,Bachelor,1
29,Female,18000.0,Self-Employed,742.0,36600.0,0,PhD,0
37,Female,41900.0,Employed,722.0,17400.0,0,Bachelor,1
21,Male,32700.0,Unemployed,589.0,26400.0,1,Bachelor,0
23,Male,59900.0,Self-Employed,717.0,17200.0,2,Bachelor,0
67,Male,60200.0,Employed,662.0,13300.0,0,Bachelor,1
46,Female,26600.0,Employed,641.0,34800.0,0,Bachelor,0
51,Male,62600.0,Self-Employed,727.0,33400.0,1,Bachelor,1
46,Male,34700.0,Employed,830.0,21200.0,2,Bachelor,0
43,Male,40500.0,Employed,617.0,12200.0,0,Bachelor,1
50,Male,40900.0,Employed,718.0,17700.0,0,Master,1
30,Male,123500.0,Unemployed,673.0,18500.0,0,High School,1
28,Male,37800.0,Employed,732.0,31400.0,0,Bachelor,1
64,Male,18000.0,Unemployed,689.0,15000.0,1,Bachelor,0
45,Female,28100.0,Self-Employed,631.0,18300.0,0,Master,1
42,Male,58000.0,Employed,628.0,20200.0,0,Bachelor,1
35,Female,34800.0,Employed,719.0,15300.0,0,Master,1
61,Female,40400.0,Unemployed,691.0,21000.0,0,PhD,0
30,Female,32300.0,Self-Employed,733.0,19300.0,0,High School,1
40,Female,18000.0,Employed,544.0,11100.0,0,Bachelor,1
61,Male,27200.0,Retired,773.0,12900.0,0,Master,1
67,Male,38600.0,Employed,800.0,7700.0,0,Master,1
43,Female,18000.0,Employed,693.0,11600.0,2,High School,0
21,Female,22300.0,Self-Employed,736.0,42400.0,0,Bachelor,0
22,Female,33900.0,Employed,763.0,26800.0,0,High School,1
39,Female,34000.0,Employed,665.0,11100.0,0,Master,1
34,Female,48900.0,Self-Employed,700.0,16100.0,0,High School,1
28,Male,34900.0,Employed,721.0,10700.0,0,High School,1
58,Male,48000.0,Employed,636.0,27900.0,0,Bachelor,1
32,Female,28300.0,Employed,692.0,21000.0,1,High School,0
46,Female,44600.0,Employed,508.0,27200.0,0,PhD,1
47,Male,83700.0,Employed,627.0,14900.0,1,High School,1
49,Female,46400.0,Self-Employed,805.0,32900.0,0,Bachelor,1
35,Male,35700.0,Employed,713.0,8800.0,0,High School,1
66,Female,25100.0,Self-Employed,612.0,12600.0,0,Master,1
21,Male,41900.0,Self-Employed,575.0,14200.0,1,Bachelor,0
63,Male,36000.0,Self-Employed,850.0,29200.0,0,High School,1
48,Female,53200.0,Employed,620.0,13000.0,1,High School,0
23,Male,18000.0,Employed,638.0,10100.0,0,Bachelor,1
38,Female,36500.0,Employed,731.0,18100.0,2,PhD,0
54,Female,49500.0,Self-Employed,609.0,77800.0,0,PhD,0
52,Female,42800.0,Employed,712.0,10000.0,4,PhD,0
49,Male,34000.0,Employed,682.0,37900.0,0,Bachelor,1
45,Male,33800.0,Employed,580.0,18000.0,0,Master,1
46,Male,23200.0,Self-Employed,684.0,18100.0,0,Bachelor,1
59,Female,48500.0,Employed,708.0,12600.0,0,Bachelor,1
28,Female,49600.0,Retired,590.0,26200.0,0,Bachelor,1
39,Female,19800.0,Employed,724.0,33600.0,0,High School,0
67,Female,58800.0,Employed,739.0,44500.0,0,High School,1
62,Female,28900.0,Employed,593.0,21400.0,0,Master,1
42,Female,33300.0,Employed,721.0,11900.0,0,Master,1
49,Male,101400.0,Unemployed,700.0,52700.0,0,High School,1
53,Female,89400.0,Employed,651.0,13700.0,0,Bachelor,1
58,Male,19500.0,Employed,658.0,11300.0,0,Master,1
65,Female,21200.0,Self-Employed,714.0,21500.0,2,High School,0
66,Female,23700.0,Employed,630.0,10100.0,0,Master,1
55,Female,88700.0,Retired,729.0,13400.0,2,Master,0
63,Male,29600.0,Employed,612.0,26300.0,0,Master,1
23,Male,19200.0,Employed,618.0,101100.0,0,Master,0
39,Male,74300.0,Employed,571.0,25300.0,1,Master,1
30,Male,54000.0,Self-Employed,534.0,36700.0,0,Master,1
47,Male,123700.0,Employed,693.0,13300.0,3,Master,0
35,Female,54000.0,Retired,514.0,21200.0,0,Bachelor,1
31,Female,39500.0,Self-Employed,708.0,5700.0,0,High School,1
67,Male,45500.0,Unemployed,673.0,8100.0,3,Bachelor,0
46,Male,32000.0,Retired,840.0,19800.0,0,Master,1
44,Male,77100.0,Employed,732.0,22300.0,2,PhD,0
33,Female,79200.0,Employed,723.0,29900.0,0,Bachelor,1
52,Male,18200.0,Employed,623.0,16100.0,1,Bachelor,0
57,Female,64300.0,Employed,632.0,44600.0,0,Master,1
24,Male,23500.0,Employed,644.0,25100.0,0,High School,1
33,Female,134200.0,Employed,677.0,6100.0,0,High School,1
29,Female,85700.0,Employed,630.0,6100.0,0,High School,1
54,Male,22700.0,Employed,728.0,19500.0,0,Master,1
57,Female,45200.0,Employed,647.0,15600.0,0,High School,1
27,Male,65900.0,Employed,775.0,20600.0,0,High School,1
21,Female,29400.0,Employed,610.0,14700.0,0,High School,1
32,Male,20300.0,Employed,743.0,12600.0,0,Bachelor,1
41,Female,42200.0,Employed,844.0,11600.0,0,Master,1
31,Female,37100.0,Self-Employed,830.0,17400.0,0,Bachelor,1
64,Female,25400.0,Employed,607.0,29800.0,0,High School,0
64,Female,74500.0,Self-Employed,778.0,9500.0,1,Bachelor,1
64,Male,21100.0,Employed,491.0,16600.0,1,Bachelor,0
34,Male,38000.0,Employed,548.0,42400.0,0,Bachelor,0
54,Male,44000.0,Employed,731.0,6300.0,0,PhD,1
54,Male,46800.0,Employed,717.0,26500.0,0,Bachelor,1
45,Female,70600.0,Employed,731.0,15900.0,1,Bachelor,1
24,Male,35600.0,Self-Employed,639.0,11300.0,0,High School,1
46,Female,18000.0,Unemployed,585.0,12900.0,0,Bachelor,0
36,Female,33100.0,Retired,526.0,33500.0,0,High School,0
30,Female,57700.0,Employed,607.0,16700.0,0,Bachelor,1
65,Male,37300.0,Employed,735.0,9500.0,0,Bachelor,1
22,Female,37500.0,Employed,753.0,10700.0,0,High School,1
55,Female,52200.0,Employed,705.0,13400.0,1,Master,1
39,Male,55800.0,Self-Employed,697.0,30400.0,0,Bachelor,1
26,Female,18000.0,Employed,824.0,13300.0,2,Master,0
39,Female,39800.0,Unemployed,800.0,17800.0,0,Bachelor,1
28,Male,36400.0,Employed,760.0,11900.0,1,High School,1
34,Male,41700.0,Employed,778.0,14200.0,1,Bachelor,1
30,Male,18000.0,Retired,710.0,16400.0,0,High School,1
23,Male,77800.0,Unemployed,721.0,10300.0,0,Master,1
58,Male,40300.0,Employed,614.0,11300.0,0,PhD,1
49,Male,49600.0,Employed,712.0,13200.0,0,Bachelor,1
35,Male,97100.0,Employed,625.0,44400.0,0,Master,1
43,Male,49900.0,Employed,785.0,18700.0,2,High School,0
43,Female,18600.0,Self-Employed,733.0,10500.0,0,Bachelor,1
38,Female,38400.0,Employed,644.0,29900.0,3,Bachelor,0
66,Female,56200.0,Employed,740.0,30900.0,0,High School,1
39,Male,41300.0,Employed,775.0,10400.0,0,Master,1
48,Male,94200.0,Employed,606.0,47800.0,0,Bachelor,1
46,Male,26200.0,Employed,658.0,22700.0,0,Bachelor,1
30,Male,74800.0,Unemployed,597.0,23200.0,0,Bachelor,1
67,Male,61100.0,Employed,677.0,22400.0,0,High School,1
24,Female,42000.0,Self-Employed,793.0,22100.0,0,Master,1
22,Male,47400.0,Employed,680.0,16800.0,0,Bachelor,1
23,Female,24600.0,Self-Employed,729.0,26600.0,0,High School,0
27,Female,34400.0,Unemployed,634.0,14800.0,0,High School,0
36,Male,53600.0,Employed,752.0,46400.0,0,High School,1
51,Male,37300.0,Employed,675.0,5500.0,0,High School,1
30,Female,41400.0,Employed,745.0,10400.0,0,High School,1
39,Male,65900.0,Employed,754.0,22300.0,0,PhD,1
48,Male,18000.0,Self-Employed,590.0,17200.0,0,Bachelor,0
37,Female,48300.0,Employed,622.0,13300.0,0,Bachelor,1
48,Male,97600.0,Employed,645.0,20000.0,0,High School,1
39,Female,33200.0,Employed,831.0,8700.0,0,High School,1
57,Female,21500.0,Employed,795.0,9700.0,0,Bachelor,1
43,Male,33000.0,Employed,689.0,16700.0,0,Bachelor,1
40,Male,18800.0,Employed,850.0,22700.0,0,Bachelor,1
33,Male,44900.0,Self-Employed,569.0,11700.0,0,High School,1
33,Male,38700.0,Employed,660.0,6100.0,0,Master,1
63,Male,47100.0,Employed,780.0,20700.0,0,High School,1
31,Female,37600.0,Self-Employed,684.0,24100.0,0,Bachelor,1
35,Male,44300.0,Employed,608.0,9400.0,0,PhD,1
37,Male,50300.0,Self-Employed,714.0,14200.0,0,High School,1
48,Female,22100.0,Self-Employed,850.0,31100.0,0,Master,0
39,Female,47700.0,Self-Employed,609.0,9000.0,1,Master,0
24,Female,82800.0,Employed,618.0,17700.0,0,Bachelor,1
42,Male,24800.0,Self-Employed,589.0,12100.0,0,PhD,1
42,Female,46800.0,Self-Employed,644.0,66900.0,1,Bachelor,0
57,Female,76700.0,Self-Employed,772.0,8600.0,0,Bachelor,1
59,Male,22500.0,Employed,813.0,6000.0,2,High School,0
54,Male,59800.0,Employed,572.0,25900.0,0,Bachelor,1
53,Female,35900.0,Employed,732.0,14800.0,0,High School,1
64,Male,66500.0,Employed,746.0,9700.0,0,Bachelor,1
62,Male,26600.0,Employed,622.0,13400.0,0,High School,1
60,Male,40000.0,Employed,743.0,44800.0,0,Bachelor,1
53,Male,18800.0,Retired,712.0,18100.0,0,High School,1
32,Female,49900.0,Retired,773.0,43400.0,0,High School,1
22,Female,50200.0,Self-Employed,491.0,8600.0,0,Master,1
48,Female,52600.0,Retired,705.0,34600.0,0,Bachelor,1
30,Male,51300.0,Retired,749.0,10100.0,0,Bachelor,1
42,Male,38300.0,Unemployed,769.0,37700.0,0,Bachelor,0
37,Male,19200.0,Employed,749.0,35900.0,1,Bachelor,0
46,Male,65900.0,Employed,577.0,9900.0,0,High School,1
23,Male,39400.0,Employed,801.0,23200.0,1,Bachelor,1
27,Female,48900.0,Employed,743.0,20400.0,0,Bachelor,1
64,Male,36600.0,Self-Employed,682.0,31600.0,0,Bachelor,1
28,Female,106900.0,Employed,683.0,9100.0,2,High School,0
40,Male,30200.0,Employed,830.0,14100.0,0,Bachelor,1
32,Male,29600.0,Employed,741.0,18600.0,0,PhD,1
55,Male,18400.0,Employed,693.0,44500.0,0,Bachelor,0
37,Female,42500.0,Employed,608.0,18700.0,0,Bachelor,1
48,Female,101600.0,Self-Employed,661.0,10100.0,1,High School,1
61,Female,42700.0,Employed,608.0,21900.0,1,Bachelor,0
30,Male,45000.0,Employed,531.0,9800.0,3,Bachelor,0
42,Male,65300.0,Self-Employed,699.0,6600.0,0,Master,1
58,Female,43500.0,Self-Employed,531.0,16400.0,2,High School,0
53,Male,73100.0,Employed,627.0,21300.0,0,High School,1
42,Female,78700.0,Employed,654.0,20200.0,0,PhD,1
64,Male,29800.0,Employed,556.0,18600.0,0,Bachelor,1
57,Male,19600.0,Self-Employed,767.0,52600.0,0,Bachelor,0
33,Male,56700.0,Employed,670.0,45700.0,0,Master,1
47,Male,47200.0,Employed,485.0,11000.0,0,High School,1
35,Female,23800.0,Employed,751.0,31800.0,0,Bachelor,0
42,Male,28600.0,Self-Employed,830.0,70100.0,3,High School,0
50,Male,28600.0,Employed,695.0,51800.0,1,Bachelor,0
63,Male,43200.0,Employed,733.0,33000.0,0,PhD,1
60,Male,66100.0,Employed,708.0,16600.0,0,High School,1
57,Female,68000.0,Employed,729.0,8200.0,0,High School,1
54,Female,59600.0,Employed,634.0,10100.0,0,PhD,1
64,Female,34700.0,Employed,617.0,24800.0,0,High School,1
54,Female,121800.0,Employed,590.0,21500.0,0,High School,1
55,Male,40800.0,Self-Employed,690.0,18800.0,0,High School,1
62,Female,33000.0,Employed,735.0,31100.0,0,Bachelor,1
39,Male,20300.0,Self-Employed,734.0,36400.0,0,Bachelor,0
28,Male,33700.0,Employed,644.0,36400.0,0,Bachelor,1
59,Female,50000.0,Employed,664.0,28100.0,1,Bachelor,0
53,Male,18200.0,Employed,663.0,24600.0,1,Master,0
64,Female,24900.0,Employed,637.0,13100.0,0,Bachelor,1
48,Male,31800.0,Employed,516.0,19000.0,0,Bachelor,1
57,Female,27200.0,Employed,663.0,22400.0,0,Bachelor,1
45,Female,26100.0,Self-Employed,655.0,17500.0,3,Bachelor,0
56,Female,70400.0,Retired,676.0,6900.0,0,Bachelor,1
37,Female,18000.0,Employed,635.0,21900.0,0,Master,0
44,Female,43800.0,Employed,705.0,17400.0,0,Master,1
41,Male,52000.0,Employed,850.0,16600.0,0,High School,1
22,Male,31500.0,Self-Employed,747.0,25400.0,0,High School,1
51,Male,35800.0,Employed,640.0,25100.0,1,Bachelor,0
64,Female,39300.0,Employed,661.0,36900.0,0,Bachelor,1
53,Male,55100.0,Employed,670.0,25700.0,3,High School,0
50,Female,86300.0,Employed,690.0,14300.0,0,Master,1
32,Male,21100.0,Employed,680.0,39900.0,0,High School,0
64,Male,25400.0,Employed,642.0,44500.0,1,Bachelor,0
32,Female,26000.0,Employed,637.0,17800.0,0,High School,1
44,Male,39900.0,Employed,735.0,38200.0,0,Bachelor,1
44,Male,32900.0,Employed,658.0,19900.0,0,Bachelor,1
31,Male,56000.0,Employed,729.0,35900.0,1,Master,1
33,Female,28900.0,Employed,661.0,39900.0,0,Bachelor,0
47,Female,25700.0,Employed,527.0,12300.0,4,Master,0
28,Male,27400.0,Employed,590.0,41800.0,0,Bachelor,0
30,Male,42500.0,Employed,544.0,18500.0,0,Master,1
28,Male,65000.0,Self-Employed,698.0,22800.0,4,Bachelor,0
40,Female,39300.0,Self-Employed,536.0,35100.0,0,Bachelor,0
28,Female,30400.0,Employed,638.0,15500.0,0,Bachelor,1
29,Male,24000.0,Employed,649.0,32700.0,0,Bachelor,0
27,Male,83400.0,Self-Employed,659.0,19900.0,0,Bachelor,1
34,Male,18000.0,Employed,755.0,13700.0,2,High School,0
48,Female,36600.0,Employed,770.0,26500.0,1,Bachelor,0
22,Female,58100.0,Self-Employed,617.0,38200.0,0,High School,1
63,Male,36300.0,Employed,678.0,19200.0,0,Bachelor,1
28,Male,30200.0,Employed,644.0,9800.0,1,High School,1
33,Male,52500.0,Employed,716.0,14900.0,0,PhD,1
41,Female,23200.0,Employed,673.0,11800.0,1,High School,0
67,Male,18000.0,Employed,719.0,70600.0,1,High School,0
48,Female,47900.0,Employed,584.0,10700.0,0,Master,1
55,Female,24400.0,Employed,699.0,4600.0,0,Bachelor,1
43,Male,42900.0,Employed,561.0,14300.0,1,Bachelor,0
66,Male,37700.0,Employed,614.0,20200.0,0,Master,1
35,Male,45700.0,Employed,689.0,18400.0,0,Bachelor,1
22,Female,35800.0,Employed,514.0,20100.0,1,Bachelor,0
32,Female,52900.0,Employed,494.0,8400.0,0,Bachelor,1
56,Female,28200.0,Employed,582.0,18700.0,0,High School,1
23,Female,59300.0,Employed,600.0,10000.0,0,Bachelor,1
25,Male,21800.0,Employed,609.0,31000.0,0,Bachelor,0
23,Female,72100.0,Employed,635.0,9100.0,0,High School,1
67,Female,112000.0,Employed,706.0,17100.0,0,High School,1
39,Male,42400.0,Employed,847.0,11200.0,0,Master,1
22,Female,88000.0,Employed,627.0,31900.0,0,Bachelor,1
64,Female,100100.0,Employed,712.0,13600.0,0,PhD,1
57,Female,34200.0,Self-Employed,786.0,9600.0,2,Bachelor,0
37,Female,41100.0,Employed,771.0,34000.0,1,PhD,0
34,Female,26700.0,Employed,613.0,5500.0,0,Bachelor,1
48,Female,27600.0,Self-Employed,754.0,27300.0,0,Bachelor,1
47,Male,45100.0,Employed,790.0,22100.0,0,High School,1
30,Male,18000.0,Retired,810.0,81900.0,0,High School,0
23,Female,60900.0,Unemployed,813.0,26600.0,0,Master,1
56,Male,43600.0,Employed,586.0,24400.0,0,PhD,1
58,Male,56400.0,Unemployed,700.0,10800.0,0,Bachelor,1
45,Male,36600.0,Self-Employed,621.0,15800.0,0,High School,1
42,Male,56200.0,Unemployed,569.0,21100.0,0,PhD,1
59,Female,45400.0,Employed,721.0,42300.0,0,Master,1
67,Female,51700.0,Employed,697.0,11400.0,0,High School,1
50,Male,63000.0,Employed,695.0,6000.0,0,High School,1
41,Male,21300.0,Employed,640.0,18800.0,0,High School,1
50,Male,28200.0,Employed,850.0,6900.0,0,Bachelor,1
48,Female,127700.0,Employed,808.0,29300.0,0,Bachelor,1
51,Female,44500.0,Retired,644.0,44800.0,0,High School,0
46,Male,18000.0,Employed,678.0,33500.0,0,Bachelor,0
63,Female,18000.0,Self-Employed,722.0,13300.0,2,Master,0
42,Female,38700.0,Employed,767.0,47700.0,0,Bachelor,1
41,Female,30900.0,Employed,721.0,11400.0,0,Master,1
21,Female,26800.0,Employed,690.0,10000.0,0,Master,1
57,Male,98400.0,Employed,560.0,42500.0,0,Master,1
33,Female,33400.0,Retired,847.0,14600.0,1,High School,0
41,Male,60500.0,Employed,626.0,19800.0,0,High School,1
66,Female,45500.0,Employed,770.0,33100.0,0,Bachelor,1
29,Female,34600.0,Employed,683.0,9300.0,0,Bachelor,1
37,Female,22700.0,Employed,786.0,13100.0,0,Bachelor,1
67,Female,59000.0,Employed,569.0,12700.0,1,High School,0
41,Male,18000.0,Employed,626.0,15700.0,0,High School,1
51,Female,62000.0,Employed,668.0,11800.0,0,Bachelor,1
59,Female,43300.0,Employed,602.0,22500.0,0,High School,1
42,Female,54700.0,Employed,634.0,22400.0,0,PhD,1
32,Male,40300.0,Self-Employed,790.0,18000.0,0,PhD,1
26,Male,21700.0,Employed,727.0,20700.0,0,High School,1
36,Male,49100.0,Employed,803.0,12200.0,0,Bachelor,1
46,Female,61400.0,Employed,686.0,18300.0,0,High School,1
25,Female,31600.0,Self-Employed,666.0,6600.0,0,Bachelor,1
29,Male,55800.0,Self-Employed,569.0,32700.0,0,Bachelor,1
66,Male,46500.0,Self-Employed,769.0,12900.0,4,High School,0
60,Female,50300.0,Employed,666.0,13200.0,2,Bachelor,0
34,Female,26100.0,Employed,697.0,10300.0,0,Master,1
64,Female,76200.0,Employed,632.0,19600.0,0,High School,1
62,Female,46500.0,Self-Employed,850.0,13100.0,2,High School,0
50,Male,60800.0,Employed,690.0,26300.0,0,Bachelor,1
46,Male,33100.0,Employed,619.0,9600.0,0,Bachelor,1
65,Female,65600.0,Self-Employed,581.0,19600.0,0,Master,1
49,Female,32500.0,Employed,725.0,23300.0,0,Bachelor,1
39,Female,25700.0,Employed,616.0,29100.0,1,Bachelor,0
67,Female,97300.0,Employed,642.0,26900.0,1,Bachelor,1
28,Female,18000.0,Employed,550.0,10500.0,2,High School,0
43,Male,179000.0,Employed,686.0,18800.0,0,High School,1
62,Male,57000.0,Employed,685.0,16900.0,0,Bachelor,1
55,Male,34300.0,Self-Employed,838.0,9600.0,0,High School,1
51,Male,47200.0,Unemployed,634.0,17700.0,1,Master,0
55,Female,57000.0,Employed,493.0,7800.0,0,Bachelor,1
52,Female,34000.0,Employed,661.0,20800.0,4,Bachelor,0
25,Male,111000.0,Employed,791.0,37200.0,2,High School,0
36,Male,83900.0,Employed,732.0,32800.0,0,Bachelor,1
37,Female,156900.0,Employed,772.0,22800.0,0,High School,1
52,Male,21800.0,Employed,718.0,21100.0,0,High School,1
58,Female,44700.0,Self-Employed,643.0,16800.0,0,Bachelor,1
52,Female,20100.0,Retired,584.0,65900.0,2,High School,0
40,Female,23300.0,Employed,596.0,15900.0,0,Master,1
22,Male,34100.0,Employed,629.0,8200.0,1,PhD,1
40,Male,34400.0,Employed,734.0,28500.0,0,High School,1
67,Female,48300.0,Employed,673.0,23800.0,0,Bachelor,1
38,Female,38000.0,Employed,527.0,9300.0,1,High School,0
21,Male,59900.0,Self-Employed,707.0,14200.0,0,Bachelor,1
49,Female,47100.0,Self-Employed,784.0,20000.0,0,High School,1
49,Male,91500.0,Employed,546.0,12900.0,1,PhD,1
39,Female,60700.0,Employed,727.0,31300.0,1,Master,1
64,Male,22300.0,Retired,501.0,11300.0,0,Bachelor,1
60,Female,37300.0,Self-Employed,606.0,15500.0,0,High School,1
26,Male,38600.0,Employed,571.0,14000.0,0,Master,1
64,Male,50000.0,Employed,738.0,23600.0,0,Bachelor,1
59,Male,68700.0,Self-Employed,821.0,26400.0,0,Bachelor,1
66,Male,46200.0,Employed,770.0,23600.0,0,Bachelor,1
28,Female,53600.0,Employed,767.0,6000.0,0,Bachelor,1
44,Female,22800.0,Employed,601.0,19900.0,0,High School,0
40,Male,31900.0,Self-Employed,730.0,24000.0,1,Bachelor,0
34,Male,18000.0,Employed,700.0,25700.0,1,Bachelor,0
25,Female,50100.0,Employed,580.0,16200.0,0,Bachelor,1
61,Female,61100.0,Unemployed,771.0,18300.0,0,Master,1
60,Female,20800.0,Unemployed,717.0,12800.0,0,Bachelor,0
54,Male,43400.0,Self-Employed,661.0,38800.0,0,Bachelor,1
36,Male,38100.0,Employed,750.0,8100.0,1,High School,1
65,Female,93400.0,Employed,693.0,23600.0,0,Bachelor,1
27,Male,25700.0,Employed,782.0,9900.0,0,High School,1
36,Female,63500.0,Employed,840.0,13500.0,0,High School,1
27,Male,71100.0,Unemployed,656.0,17600.0,0,Bachelor,1
47,Female,36400.0,Unemployed,655.0,5500.0,0,PhD,1
34,Male,46500.0,Employed,638.0,7800.0,0,Bachelor,1
34,Female,68800.0,Employed,681.0,6900.0,0,Bachelor,1
64,Male,23200.0,Employed,795.0,23300.0,0,High School,1
53,Female,32400.0,Employed,590.0,33300.0,0,Master,0
53,Male,44100.0,Employed,564.0,6900.0,0,High School,1
64,Female,112600.0,Employed,700.0,16200.0,0,Bachelor,1
40,Female,32900.0,Employed,677.0,21300.0,0,High School,1
67,Female,35100.0,Unemployed,696.0,21200.0,0,High School,0
56,Female,87000.0,Employed,514.0,60200.0,0,Bachelor,1
27,Female,55900.0,Employed,811.0,19800.0,0,Master,1
52,Female,119500.0,Self-Employed,697.0,10300.0,0,High School,1
23,Male,69300.0,Employed,850.0,28300.0,0,High School,1
59,Female,37300.0,Employed,715.0,46900.0,0,High School,0
49,Male,34700.0,Employed,646.0,8300.0,0,Bachelor,1
44,Male,26600.0,Self-Employed,702.0,24800.0,1,Bachelor,0
42,Male,20900.0,Self-Employed,806.0,18300.0,0,High School,1
26,Male,47600.0,Self-Employed,619.0,10200.0,0,Bachelor,1
44,Female,54900.0,Employed,730.0,12300.0,0,Bachelor,1
60,Female,58300.0,Self-Employed,717.0,46900.0,0,Bachelor,1
43,Female,37700.0,Employed,730.0,28700.0,1,High School,0
58,Male,105400.0,Employed,603.0,23300.0,0,Bachelor,1
30,Male,20300.0,Retired,734.0,7400.0,1,Bachelor,0
36,Male,19200.0,Employed,728.0,27000.0,0,Master,1
31,Male,26600.0,Unemployed,813.0,35200.0,1,Bachelor,0
52,Male,40300.0,Self-Employed,831.0,7900.0,0,High School,1
65,Male,23200.0,Employed,712.0,18300.0,0,Master,1
26,Male,78700.0,Employed,699.0,33000.0,0,Master,1
44,Female,27700.0,Employed,598.0,30500.0,0,High School,0
53,Female,25400.0,Self-Employed,663.0,26500.0,1,Master,0
32,Female,68000.0,Employed,641.0,18500.0,0,Master,1
47,Female,44500.0,Self-Employed,763.0,34600.0,0,Bachelor,1
58,Female,59400.0,Employed,706.0,19900.0,0,High School,1
38,Male,39200.0,Employed,597.0,25100.0,0,Master,1
65,Female,46000.0,Employed,608.0,22200.0,1,High School,0
59,Female,19600.0,Employed,850.0,9500.0,4,Bachelor,0
33,Male,37300.0,Self-Employed,644.0,10400.0,0,Bachelor,1
60,Male,23800.0,Employed,738.0,7500.0,1,Bachelor,1
50,Female,106600.0,Employed,682.0,14300.0,0,Master,1
61,Male,76600.0,Employed,659.0,29400.0,2,Master,0
33,Female,28900.0,Employed,780.0,22100.0,0,PhD,1
54,Female,36200.0,Employed,641.0,17700.0,3,Bachelor,0
56,Male,37000.0,Self-Employed,654.0,40800.0,0,High School,1
50,Male,117800.0,Employed,797.0,15000.0,1,High School,1
45,Male,48900.0,Employed,647.0,25200.0,0,Bachelor,1
22,Male,32400.0,Employed,560.0,14700.0,0,Master,1
56,Male,43200.0,Employed,584.0,7300.0,0,Bachelor,1
38,Female,18600.0,Employed,724.0,11500.0,0,Bachelor,1
25,Male,38700.0,Employed,620.0,11300.0,2,High School,0
39,Male,23400.0,Employed,776.0,7700.0,0,Bachelor,1
62,Male,18000.0,Employed,682.0,16500.0,2,High School,0
38,Female,108400.0,Employed,745.0,11600.0,0,Master,1
52,Male,39600.0,Self-Employed,710.0,44300.0,0,Master,1
41,Male,27300.0,Employed,770.0,15700.0,0,High School,1
30,Female,18000.0,Employed,840.0,10900.0,1,Bachelor,0
57,Female,35900.0,Employed,728.0,9400.0,1,High School,1
42,Male,37300.0,Retired,724.0,9200.0,1,Bachelor,1
33,Female,58800.0,Self-Employed,775.0,30500.0,0,High School,1
37,Male,24900.0,Employed,632.0,32200.0,3,Master,0
29,Male,30700.0,Employed,726.0,5400.0,1,High School,1
44,Male,25300.0,Self-Employed,602.0,66000.0,2,Bachelor,0
64,Male,36000.0,Employed,615.0,18900.0,0,Bachelor,1
34,Female,18000.0,Retired,640.0,33300.0,1,Bachelor,0
66,Male,26800.0,Employed,788.0,11100.0,0,High School,1
28,Male,55000.0,Employed,668.0,10000.0,0,Bachelor,1
57,Female,21700.0,Employed,614.0,15500.0,0,Bachelor,1
39,Female,66200.0,Employed,745.0,22600.0,0,PhD,1
48,Male,62100.0,Retired,540.0,20600.0,0,Bachelor,1
66,Female,64800.0,Self-Employed,521.0,36400.0,1,High School,0
61,Male,40000.0,Employed,658.0,6200.0,0,High School,1
50,Female,38300.0,Employed,657.0,31100.0,0,High School,1
27,Female,47100.0,Self-Employed,769.0,24500.0,0,Bachelor,1
46,Female,77700.0,Employed,782.0,21700.0,0,High School,1
60,Male,74200.0,Employed,671.0,8000.0,0,High School,1
66,Male,18000.0,Employed,662.0,11200.0,0,High School,1
66,Male,25900.0,Employed,614.0,26400.0,0,Bachelor,1
31,Male,23700.0,Self-Employed,671.0,4100.0,0,Bachelor,1
34,Male,57700.0,Employed,463.0,5800.0,0,Bachelor,1
41,Female,28600.0,Employed,642.0,23800.0,0,High School,1
28,Male,36300.0,Self-Employed,673.0,25300.0,0,High School,1
23,Male,94300.0,Employed,613.0,11500.0,0,Master,1
48,Female,70300.0,Employed,625.0,11500.0,0,High School,1
49,Male,79900.0,Self-Employed,655.0,31900.0,0,High School,1
43,Female,28000.0,Employed,679.0,30700.0,0,Bachelor,1
38,Male,18000.0,Employed,753.0,14700.0,1,High School,0
55,Male,32900.0,Employed,716.0,8600.0,3,High School,0
33,Male,19500.0,Self-Employed,755.0,43700.0,1,Bachelor,0
32,Male,18000.0,Employed,729.0,8300.0,0,High School,1
67,Female,70600.0,Employed,690.0,27100.0,0,Bachelor,1
25,Male,25700.0,Employed,850.0,37100.0,0,Bachelor,1
59,Female,26800.0,Self-Employed,619.0,18000.0,0,High School,1
31,Male,33400.0,Employed,602.0,12700.0,0,High School,1
31,Male,91400.0,Self-Employed,667.0,6800.0,0,Bachelor,1
67,Female,37000.0,Employed,675.0,18700.0,0,Master,1
62,Male,64600.0,Employed,692.0,7500.0,0,Bachelor,1
67,Female,34300.0,Unemployed,599.0,21700.0,0,Bachelor,0
51,Female,18200.0,Employed,846.0,5300.0,0,High School,1
51,Female,22100.0,Employed,651.0,6600.0,0,Bachelor,1
33,Female,40100.0,Employed,598.0,19500.0,1,High School,0
34,Male,42400.0,Employed,702.0,29800.0,0,Bachelor,1
65,Male,52600.0,Employed,773.0,15200.0,0,Bachelor,1
62,Male,52700.0,Retired,817.0,33900.0,0,High School,1
45,Female,62900.0,Self-Employed,476.0,12900.0,0,Bachelor,1
53,Female,27300.0,Employed,745.0,66600.0,1,Bachelor,0
53,Male,100100.0,Unemployed,829.0,8100.0,0,Bachelor,1
35,Female,104800.0,Employed,629.0,11800.0,0,Bachelor,1
36,Male,30900.0,Employed,660.0,40600.0,0,Bachelor,1
64,Female,27000.0,Employed,599.0,15400.0,0,High School,1
58,Male,18000.0,Employed,632.0,31900.0,1,PhD,0
26,Female,43700.0,Employed,589.0,8200.0,0,High School,1
64,Female,50300.0,Unemployed,759.0,10200.0,0,High School,1
45,Male,30000.0,Self-Employed,671.0,25800.0,1,High School,0
35,Male,46200.0,Employed,425.0,7600.0,0,PhD,1
24,Male,20100.0,Employed,629.0,8700.0,3,High School,0
24,Male,65100.0,Employed,621.0,16900.0,1,Bachelor,1
50,Male,30800.0,Unemployed,753.0,39800.0,2,High School,0
54,Female,46400.0,Employed,674.0,22500.0,1,Bachelor,0
47,Female,44600.0,Employed,672.0,15900.0,0,High School,1
51,Female,18000.0,Unemployed,735.0,19900.0,0,Bachelor,0
52,Male,60900.0,Employed,770.0,6300.0,0,High School,1
64,Female,27100.0,Employed,703.0,12700.0,0,Bachelor,1
59,Female,44400.0,Employed,624.0,23500.0,0,Bachelor,1
29,Male,19800.0,Employed,552.0,20800.0,0,High School,0
61,Female,31600.0,Employed,803.0,26000.0,2,High School,0
28,Female,48100.0,Employed,850.0,27500.0,0,High School,1
34,Male,23400.0,Employed,691.0,20700.0,0,Bachelor,1
53,Male,24000.0,Employed,707.0,4000.0,0,High School,1
43,Male,42700.0,Employed,808.0,22100.0,0,PhD,1
41,Male,36900.0,Employed,534.0,13500.0,0,Master,1
32,Female,47800.0,Employed,761.0,14300.0,0,High School,1
22,Female,33400.0,Unemployed,712.0,14400.0,0,High School,0
33,Female,55300.0,Employed,615.0,21500.0,0,Master,1
24,Male,30200.0,Employed,636.0,7500.0,1,High School,1
40,Male,54100.0,Employed,568.0,6400.0,3,Bachelor,0
34,Female,25500.0,Employed,776.0,8600.0,0,Bachelor,1
50,Female,29600.0,Employed,592.0,31300.0,0,Bachelor,0
49,Male,57800.0,Unemployed,715.0,13900.0,1,Master,0
28,Male,31000.0,Employed,542.0,24400.0,0,Bachelor,1
32,Female,22300.0,Self-Employed,799.0,24100.0,1,Bachelor,0
61,Male,95300.0,Employed,663.0,22900.0,3,Bachelor,0
58,Male,39400.0,Employed,771.0,24700.0,2,High School,0
46,Female,50800.0,Self-Employed,662.0,13200.0,3,Master,0
22,Male,18000.0,Employed,628.0,26900.0,0,Bachelor,0
60,Male,78100.0,Employed,566.0,22700.0,0,High School,1
34,Male,150700.0,Employed,770.0,7000.0,0,Master,1
26,Male,74700.0,Employed,649.0,18700.0,1,Bachelor,1
62,Female,80200.0,Employed,705.0,16500.0,0,High School,1
60,Male,32700.0,Self-Employed,620.0,23800.0,0,High School,1
51,Male,45500.0,Employed,679.0,18300.0,0,Bachelor,1
37,Female,51200.0,Unemployed,697.0,15600.0,0,High School,1
45,Female,28300.0,Employed,531.0,45900.0,0,Master,0
52,Female,37700.0,Employed,622.0,26000.0,0,Master,1
32,Male,24300.0,Employed,814.0,18500.0,3,Bachelor,0
33,Male,32900.0,Employed,611.0,9200.0,0,Bachelor,1
39,Female,61100.0,Employed,757.0,19400.0,0,Master,1
64,Female,18000.0,Employed,708.0,10800.0,1,High School,0
45,Male,64600.0,Retired,723.0,6700.0,0,Bachelor,1
51,Male,18200.0,Self-Employed,734.0,14100.0,0,High School,1
57,Male,41200.0,Self-Employed,682.0,14700.0,0,Bachelor,1
45,Female,43100.0,Employed,632.0,33500.0,1,Master,0
36,Female,53400.0,Unemployed,617.0,32300.0,0,High School,0
58,Male,36700.0,Employed,652.0,26900.0,1,Master,0
63,Male,23800.0,Self-Employed,786.0,17100.0,0,Bachelor,1
43,Female,44000.0,Employed,565.0,17200.0,0,Master,1
34,Female,118900.0,Employed,654.0,25200.0,0,Master,1
26,Male,39800.0,Retired,551.0,26500.0,0,Master,1
45,Female,25800.0,Employed,631.0,22300.0,0,Master,1
43,Female,31800.0,Unemployed,669.0,24500.0,3,High School,0
63,Male,43300.0,Employed,799.0,17300.0,0,Bachelor,1
32,Female,35100.0,Employed,808.0,15200.0,2,High School,0
33,Male,32700.0,Self-Employed,527.0,4800.0,0,Bachelor,1
56,Female,77900.0,Employed,552.0,14700.0,0,Bachelor,1
59,Female,52000.0,Self-Employed,666.0,11700.0,0,Master,1
54,Female,37800.0,Employed,745.0,19100.0,0,Bachelor,1
26,Female,38000.0,Employed,544.0,12000.0,0,Bachelor,1
58,Male,43800.0,Employed,649.0,19600.0,1,High School,1
60,Female,53100.0,Employed,768.0,5900.0,0,Master,1
28,Female,76200.0,Self-Employed,778.0,10100.0,0,Bachelor,1
28,Male,32700.0,Employed,654.0,11700.0,0,Bachelor,1
60,Female,24400.0,Employed,510.0,9600.0,0,PhD,1
53,Female,30400.0,Self-Employed,769.0,117100.0,0,Master,0
54,Male,25900.0,Employed,602.0,5300.0,2,Bachelor,0
64,Female,18700.0,Unemployed,726.0,27000.0,0,Master,0
35,Female,81300.0,Retired,604.0,32800.0,0,Bachelor,1
56,Male,61500.0,Employed,689.0,13800.0,0,Bachelor,1
55,Female,18000.0,Employed,706.0,22000.0,0,Bachelor,0
66,Male,44800.0,Employed,789.0,26000.0,1,High School,1
42,Male,33200.0,Self-Employed,560.0,19600.0,1,Bachelor,0
43,Male,31300.0,Employed,605.0,6300.0,0,Bachelor,1
60,Female,18000.0,Self-Employed,817.0,23000.0,3,Master,0
65,Female,39600.0,Employed,700.0,32300.0,0,Bachelor,1
42,Male,41700.0,Self-Employed,607.0,62200.0,0,Bachelor,0
25,Male,22300.0,Self-Employed,741.0,7900.0,3,Bachelor,0
51,Female,90300.0,Retired,595.0,16300.0,0,High School,1
33,Male,59600.0,Employed,697.0,17700.0,0,Bachelor,1
48,Female,23500.0,Employed,622.0,17000.0,0,Bachelor,1
40,Female,66900.0,Employed,786.0,6600.0,0,PhD,1
53,Male,31800.0,Employed,607.0,34900.0,0,Bachelor,1
36,Female,68000.0,Employed,454.0,32800.0,0,Bachelor,1
49,Male,19500.0,Retired,642.0,22600.0,0,High School,0
43,Female,43700.0,Self-Employed,623.0,14000.0,1,High School,0
44,Female,21800.0,Employed,659.0,15800.0,0,Bachelor,1
54,Female,26400.0,Self-Employed,727.0,15200.0,0,Master,1
27,Male,18000.0,Employed,580.0,7800.0,0,Master,1
58,Female,21700.0,Employed,614.0,27500.0,2,Bachelor,0
57,Male,21600.0,Self-Employed,680.0,18300.0,0,Bachelor,1
24,Male,20300.0,Retired,624.0,27200.0,0,High School,0
54,Male,44100.0,Employed,686.0,21100.0,1,High School,1
62,Female,18000.0,Self-Employed,726.0,9900.0,0,PhD,1
42,Female,46600.0,Self-Employed,681.0,10400.0,0,Master,1
25,Female,66400.0,Employed,774.0,39700.0,0,High School,1
62,Female,25700.0,Employed,599.0,25200.0,1,Bachelor,0
43,Male,38500.0,Self-Employed,631.0,14400.0,0,Bachelor,1
35,Female,33900.0,Self-Employed,807.0,25200.0,3,High School,0
51,Male,32700.0,Employed,618.0,10700.0,0,PhD,1
29,Female,18000.0,Employed,850.0,34600.0,0,High School,0
63,Female,22800.0,Employed,762.0,8000.0,0,Master,1
45,Female,83300.0,Self-Employed,610.0,20300.0,0,PhD,1
45,Female,47200.0,Employed,730.0,16600.0,0,Bachelor,1
41,Male,35600.0,Employed,705.0,18200.0,0,PhD,1
29,Male,18000.0,Self-Employed,556.0,26700.0,0,High School,0
58,Female,54000.0,Employed,811.0,32900.0,0,Bachelor,1
42,Male,25400.0,Self-Employed,750.0,14100.0,0,Bachelor,1
63,Male,21600.0,Unemployed,806.0,5500.0,0,Master,1
43,Male,22700.0,Self-Employed,769.0,6400.0,0,Bachelor,1
24,Female,51800.0,Retired,710.0,14300.0,2,Bachelor,0
49,Male,38700.0,Retired,772.0,18400.0,1,High School,0
35,Male,61800.0,Employed,566.0,22600.0,0,Master,1
21,Female,70500.0,Self-Employed,849.0,20200.0,2,Master,0
50,Female,27700.0,Employed,743.0,30800.0,1,Bachelor,0
49,Male,39300.0,Employed,514.0,53200.0,0,Master,0
40,Male,34500.0,Employed,553.0,19100.0,0,High School,1
53,Male,20300.0,Employed,704.0,22400.0,3,High School,0
61,Male,21800.0,Employed,604.0,11400.0,0,Master,1
64,Male,37000.0,Employed,724.0,18600.0,0,PhD,1
56,Female,39000.0,Employed,596.0,20400.0,0,Bachelor,1
42,Female,39000.0,Unemployed,572.0,19800.0,0,Bachelor,0
33,Female,39100.0,Employed,634.0,11500.0,0,Bachelor,1
27,Male,26700.0,Employed,850.0,19900.0,0,Bachelor,1
28,Female,115900.0,Employed,587.0,19100.0,0,Bachelor,1
48,Male,45100.0,Employed,787.0,21800.0,0,High School,1
65,Female,30100.0,Self-Employed,616.0,14200.0,0,High School,1
63,Female,49100.0,Employed,672.0,18200.0,1,Bachelor,0
29,Male,26200.0,Employed,691.0,66600.0,4,High School,0
45,Female,40700.0,Self-Employed,675.0,18600.0,0,Master,1
36,Male,49000.0,Employed,685.0,34300.0,1,PhD,0
30,Female,52900.0,Unemployed,709.0,42400.0,0,Bachelor,0
31,Male,21400.0,Employed,553.0,7500.0,1,High School,0
51,Male,182500.0,Employed,669.0,16000.0,0,Bachelor,1
32,Female,72500.0,Employed,675.0,16400.0,2,Bachelor,0
51,Male,110900.0,Employed,727.0,60400.0,0,High School,1
34,Female,35300.0,Employed,656.0,55800.0,0,Bachelor,0
64,Male,45400.0,Employed,725.0,7500.0,0,Bachelor,1
52,Female,40900.0,Self-Employed,625.0,9900.0,1,Master,0
37,Female,30500.0,Self-Employed,633.0,37600.0,0,Bachelor,0
55,Male,58600.0,Employed,706.0,13200.0,0,Bachelor,1
21,Male,25800.0,Employed,593.0,26600.0,0,PhD,1
49,Male,56900.0,Unemployed,632.0,15800.0,1,Bachelor,0
24,Male,31300.0,Employed,638.0,9500.0,0,Master,1
43,Male,49000.0,Employed,642.0,39400.0,0,High School,1
48,Female,83400.0,Employed,685.0,11700.0,1,Bachelor,1
36,Female,37600.0,Self-Employed,604.0,16700.0,1,High School,0
32,Female,59300.0,Employed,733.0,9100.0,0,Bachelor,1
41,Female,31100.0,Unemployed,657.0,9300.0,1,Master,0
65,Female,22200.0,Employed,714.0,18700.0,2,Master,0
37,Female,92100.0,Employed,576.0,10200.0,0,PhD,1
60,Male,58300.0,Employed,437.0,44600.0,0,Bachelor,1
33,Female,37500.0,Employed,760.0,27300.0,2,High School,0
52,Female,56900.0,Employed,698.0,29000.0,0,High School,1
57,Female,24100.0,Unemployed,726.0,15100.0,0,High School,0
35,Male,50100.0,Employed,792.0,15400.0,0,Bachelor,1
32,Male,44700.0,Unemployed,600.0,23500.0,4,Bachelor,0
35,Male,55600.0,Employed,526.0,3600.0,2,Bachelor,0
54,Female,91200.0,Employed,763.0,13700.0,1,Master,1
26,Female,82800.0,Employed,735.0,6000.0,0,Bachelor,1
37,Male,20000.0,Employed,774.0,20700.0,0,High School,1
40,Female,18000.0,Employed,821.0,9000.0,0,High School,1
29,Male,45400.0,Unemployed,580.0,16800.0,0,Master,0
25,Male,43700.0,Employed,760.0,10600.0,1,PhD,1
43,Male,22700.0,Employed,658.0,42500.0,0,High School,0
53,Female,24800.0,Employed,762.0,70000.0,0,PhD,0
58,Female,27300.0,Unemployed,836.0,31300.0,0,Bachelor,0
34,Male,78200.0,Unemployed,682.0,32300.0,1,Master,0
37,Female,31700.0,Employed,617.0,17600.0,0,Bachelor,1
39,Male,18900.0,Employed,565.0,12400.0,0,Master,1
53,Female,38900.0,Self-Employed,488.0,5700.0,0,Bachelor,1
21,Female,40100.0,Self-Employed,803.0,20100.0,0,High School,1
33,Female,24000.0,Employed,809.0,15100.0,0,High School,1
66,Male,53900.0,Employed,766.0,20600.0,0,Bachelor,1
47,Female,70900.0,Self-Employed,654.0,11800.0,0,High School,1
26,Female,33600.0,Employed,747.0,7400.0,0,High School,1
26,Male,18900.0,Employed,706.0,9000.0,0,High School,1
53,Female,35000.0,Employed,581.0,45200.0,2,Bachelor,0
50,Male,46700.0,Employed,778.0,57600.0,0,Bachelor,1
66,Female,18000.0,Unemployed,723.0,7000.0,0,Master,0
55,Male,51100.0,Employed,743.0,12100.0,0,Master,1
43,Female,33300.0,Self-Employed,708.0,6300.0,0,PhD,1
30,Female,41000.0,Employed,691.0,18700.0,0,Bachelor,1
39,Male,34700.0,Self-Employed,710.0,19000.0,0,Master,1
48,Male,27500.0,Employed,656.0,16800.0,0,Master,1
43,Male,38000.0,Employed,732.0,13300.0,0,Master,1
24,Male,31100.0,Unemployed,846.0,20900.0,0,High School,1
40,Male,33600.0,Employed,719.0,26700.0,0,PhD,1
39,Female,25800.0,Employed,775.0,27300.0,1,High School,0
62,Male,52500.0,Employed,580.0,37500.0,0,Bachelor,1
47,Male,74500.0,Employed,749.0,14600.0,0,Bachelor,1
54,Female,25900.0,Employed,723.0,12700.0,1,Bachelor,0
24,Male,37900.0,Self-Employed,771.0,31900.0,1,Bachelor,0
58,Female,23200.0,Employed,644.0,12900.0,3,Bachelor,0
27,Female,48700.0,Employed,764.0,15900.0,0,Bachelor,1
27,Female,44900.0,Employed,619.0,13000.0,0,Bachelor,1
46,Female,30000.0,Employed,777.0,50000.0,0,High School,0
46,Female,38500.0,Self-Employed,783.0,25600.0,3,Bachelor,0
39,Male,61900.0,Unemployed,586.0,9100.0,0,Bachelor,1
29,Male,18000.0,Employed,711.0,18000.0,2,Bachelor,0
40,Male,21000.0,Employed,661.0,23000.0,0,High School,1
62,Female,53700.0,Employed,721.0,9200.0,2,Bachelor,0
65,Male,41200.0,Employed,683.0,22300.0,0,Master,1
36,Female,38800.0,Employed,661.0,16500.0,0,Bachelor,1
37,Female,64300.0,Employed,631.0,8600.0,0,Bachelor,1
42,Female,57100.0,Employed,803.0,8000.0,0,High School,1
33,Female,94600.0,Employed,617.0,41000.0,2,Bachelor,0
32,Male,62800.0,Employed,634.0,10900.0,0,Bachelor,1
30,Female,52200.0,Employed,573.0,33000.0,0,Master,1
21,Female,39100.0,Retired,753.0,26700.0,0,High School,1
52,Male,37300.0,Employed,768.0,12400.0,0,PhD,1
50,Male,40100.0,Employed,713.0,24300.0,0,Bachelor,1
28,Female,44900.0,Employed,615.0,22000.0,0,Bachelor,1
41,Female,22000.0,Self-Employed,535.0,31100.0,0,Master,0
42,Female,45800.0,Employed,728.0,20000.0,0,High School,1
38,Female,35500.0,Employed,756.0,14800.0,0,High School,1
22,Female,48000.0,Employed,637.0,39900.0,4,Master,0
64,Male,30100.0,Self-Employed,686.0,28000.0,0,Master,1
29,Male,28900.0,Self-Employed,546.0,12300.0,0,Master,1
23,Male,45000.0,Employed,613.0,16200.0,1,High School,1
46,Male,51000.0,Self-Employed,713.0,39300.0,0,Bachelor,1
41,Female,29700.0,Self-Employed,671.0,44300.0,0,Bachelor,0
50,Female,77600.0,Retired,696.0,16200.0,1,Master,1
48,Female,77400.0,Unemployed,777.0,24200.0,0,High School,1
56,Male,18200.0,Employed,574.0,22400.0,0,Master,0
46,Female,27200.0,Self-Employed,697.0,9300.0,0,Bachelor,1
54,Female,42500.0,Employed,622.0,24500.0,0,Bachelor,1
28,Female,48300.0,Employed,665.0,5000.0,0,High School,1
30,Female,116600.0,Employed,705.0,31100.0,0,High School,1
63,Male,43100.0,Employed,572.0,24600.0,0,Bachelor,1
34,Male,37900.0,Employed,625.0,3000.0,1,High School,1
60,Male,22700.0,Retired,645.0,10100.0,0,Bachelor,1
35,Male,18200.0,Employed,714.0,6300.0,0,Bachelor,1
37,Male,37500.0,Employed,774.0,9700.0,0,Master,1
38,Female,112300.0,Employed,538.0,19500.0,0,High School,1
52,Female,36100.0,Employed,623.0,51300.0,2,Bachelor,0
58,Female,27300.0,Unemployed,668.0,24600.0,1,High School,0
43,Female,50300.0,Employed,667.0,14400.0,0,Bachelor,1
66,Male,18000.0,Employed,715.0,27700.0,0,Master,0
43,Female,41800.0,Unemployed,575.0,26200.0,1,Bachelor,0
55,Male,60600.0,Employed,663.0,43000.0,3,Master,0
59,Male,25000.0,Retired,645.0,29800.0,0,Master,0
35,Male,79600.0,Employed,741.0,18100.0,0,High School,1
44,Male,55800.0,Self-Employed,686.0,7300.0,0,High School,1
48,Male,79900.0,Employed,642.0,40500.0,0,Bachelor,1
36,Male,20200.0,Unemployed,784.0,16700.0,0,Bachelor,0
36,Male,36700.0,Employed,635.0,10600.0,1,Bachelor,1
60,Female,63600.0,Employed,612.0,5500.0,0,Bachelor,1
59,Male,19000.0,Unemployed,730.0,9000.0,0,High School,1
26,Male,64400.0,Employed,640.0,23000.0,2,Master,0
22,Male,36700.0,Self-Employed,686.0,14300.0,0,High School,1
33,Female,64200.0,Self-Employed,827.0,32700.0,0,High School,1
64,Male,44700.0,Employed,638.0,47700.0,0,Bachelor,1
67,Male,81300.0,Employed,598.0,5000.0,0,Bachelor,1
29,Male,21000.0,Unemployed,662.0,9800.0,1,Bachelor,0
54,Male,47300.0,Self-Employed,654.0,19600.0,0,Master,1
37,Male,18800.0,Employed,745.0,43800.0,0,Bachelor,0
47,Male,49500.0,Employed,564.0,10900.0,0,High School,1
49,Male,47300.0,Employed,850.0,20600.0,1,High School,1
57,Male,34800.0,Employed,619.0,9400.0,0,High School,1
63,Male,27100.0,Employed,725.0,17100.0,2,High School,0
42,Female,34100.0,Self-Employed,759.0,19600.0,1,Master,0
44,Female,42100.0,Self-Employed,696.0,14800.0,0,Master,1
27,Male,46300.0,Self-Employed,733.0,48200.0,0,Bachelor,1
54,Male,105500.0,Employed,686.0,36800.0,0,Bachelor,1
32,Female,62100.0,Employed,734.0,14900.0,0,Bachelor,1
43,Male,29900.0,Self-Employed,644.0,15400.0,0,High School,1
35,Male,53600.0,Self-Employed,624.0,29100.0,0,High School,1
53,Female,62400.0,Employed,529.0,18600.0,0,Bachelor,1
33,Male,28900.0,Employed,717.0,18200.0,1,High School,0
43,Male,57000.0,Employed,651.0,11900.0,0,Master,1
58,Male,19100.0,Employed,712.0,25800.0,0,Bachelor,1
52,Female,28400.0,Employed,653.0,12300.0,1,High School,0
65,Male,19700.0,Employed,785.0,12300.0,0,Bachelor,1
55,Female,36100.0,Employed,666.0,21500.0,0,Bachelor,1
21,Female,31700.0,Unemployed,627.0,19600.0,0,Bachelor,0
67,Male,32900.0,Employed,646.0,18400.0,3,Master,0
65,Male,60300.0,Employed,723.0,6100.0,0,Bachelor,1
25,Male,42000.0,Self-Employed,850.0,20800.0,0,Bachelor,1
33,Male,59900.0,Employed,797.0,5400.0,0,Bachelor,1
25,Male,90500.0,Self-Employed,577.0,33300.0,0,Bachelor,1
52,Female,114400.0,Self-Employed,700.0,12900.0,1,High School,1
41,Female,37400.0,Unemployed,613.0,19800.0,0,High School,0
44,Female,52400.0,Employed,647.0,12700.0,2,High School,0
38,Male,37100.0,Employed,654.0,21700.0,0,High School,1
41,Female,66600.0,Employed,673.0,8800.0,0,Master,1
30,Female,60500.0,Self-Employed,755.0,54800.0,0,Master,1
44,Female,28800.0,Employed,658.0,11900.0,0,Bachelor,1
60,Male,31000.0,Employed,694.0,30500.0,0,Bachelor,1
67,Female,80300.0,Employed,679.0,9200.0,0,Bachelor,1
41,Male,30500.0,Employed,621.0,14200.0,0,Bachelor,1
45,Male,38000.0,Self-Employed,634.0,11500.0,2,Bachelor,0
43,Male,56200.0,Employed,628.0,12600.0,1,Bachelor,1
42,Female,36900.0,Employed,736.0,23200.0,0,Bachelor,1
24,Female,86400.0,Employed,648.0,23900.0,0,Bachelor,1
54,Male,67300.0,Self-Employed,830.0,23000.0,0,Bachelor,1
26,Male,25800.0,Unemployed,613.0,10700.0,0,Master,0
48,Male,29900.0,Employed,613.0,19500.0,0,Bachelor,1
51,Male,53800.0,Employed,589.0,10900.0,0,High School,1
55,Male,39100.0,Employed,671.0,43500.0,0,Bachelor,1
59,Male,18000.0,Employed,634.0,10300.0,4,Bachelor,0
62,Female,24700.0,Employed,650.0,13600.0,0,High School,1
43,Male,45100.0,Employed,767.0,18700.0,0,Bachelor,1
26,Male,62600.0,Unemployed,666.0,9800.0,0,Bachelor,1
36,Male,63100.0,Unemployed,648.0,26400.0,0,Bachelor,1
22,Female,107100.0,Employed,704.0,35200.0,0,Master,1
44,Female,28400.0,Employed,696.0,10600.0,2,Bachelor,0
37,Female,29100.0,Employed,744.0,12000.0,0,High School,1
65,Male,39600.0,Employed,751.0,36900.0,2,Bachelor,0
21,Female,18000.0,Employed,718.0,19700.0,0,High School,1
26,Male,40100.0,Self-Employed,760.0,15800.0,0,Bachelor,1
25,Female,36400.0,Employed,622.0,11400.0,0,High School,1
65,Female,59600.0,Self-Employed,670.0,14500.0,0,High School,1
49,Female,64900.0,Employed,690.0,16500.0,0,High School,1
32,Female,48000.0,Retired,687.0,26500.0,1,High School,0
59,Female,40200.0,Employed,850.0,18000.0,0,High School,1
67,Male,48100.0,Self-Employed,773.0,10400.0,0,Master,1
23,Female,27000.0,Employed,770.0,13200.0,0,High School,1
21,Male,38500.0,Self-Employed,656.0,9200.0,2,High School,0
47,Female,40500.0,Employed,674.0,16700.0,0,Master,1
44,Male,38700.0,Employed,745.0,69700.0,0,Bachelor,0
64,Male,36800.0,Employed,808.0,79700.0,1,Bachelor,0
39,Male,29400.0,Employed,607.0,21900.0,1,High School,0
28,Male,24000.0,Employed,640.0,6700.0,0,High School,1
64,Male,36200.0,Employed,663.0,31400.0,0,Bachelor,1
67,Female,54000.0,Employed,702.0,26900.0,0,Bachelor,1
22,Male,18000.0,Retired,746.0,90400.0,0,High School,0
50,Male,31300.0,Employed,741.0,18900.0,1,Bachelor,1
50,Female,112900.0,Self-Employed,719.0,14000.0,0,High School,1
59,Male,36400.0,Employed,615.0,9900.0,0,Bachelor,1
65,Female,43300.0,Employed,665.0,29500.0,0,High School,1
52,Female,100600.0,Employed,566.0,16100.0,0,High School,1
21,Female,47100.0,Employed,763.0,15500.0,3,Bachelor,0
58,Female,47600.0,Employed,683.0,13300.0,0,Bachelor,1
33,Male,25500.0,Employed,581.0,67500.0,0,Bachelor,0
31,Female,46900.0,Employed,850.0,14100.0,1,High School,1
30,Male,39800.0,Unemployed,463.0,27500.0,0,Bachelor,0
46,Male,63700.0,Employed,675.0,23800.0,0,High School,1
40,Female,76000.0,Self-Employed,792.0,4800.0,0,Bachelor,1
37,Male,40700.0,Retired,639.0,68000.0,0,Bachelor,0
37,Female,48600.0,Employed,694.0,5900.0,1,Bachelor,1
24,Female,18000.0,Unemployed,721.0,10500.0,0,Bachelor,0
25,Female,18000.0,Employed,486.0,13300.0,0,Bachelor,0
43,Female,69300.0,Self-Employed,587.0,11700.0,0,Bachelor,1
66,Male,18000.0,Employed,675.0,15700.0,2,High School,0
30,Male,47300.0,Employed,673.0,11300.0,2,High School,0
66,Female,36800.0,Employed,566.0,40700.0,0,High School,0
48,Male,74300.0,Unemployed,678.0,25700.0,0,High School,1
53,Female,39400.0,Unemployed,725.0,12400.0,0,Master,1
63,Female,98800.0,Employed,790.0,10900.0,3,Master,0
46,Female,36200.0,Employed,698.0,12800.0,0,High School,1
49,Male,71200.0,Self-Employed,603.0,10500.0,0,High School,1
47,Male,19000.0,Self-Employed,729.0,8800.0,0,High School,1
38,Male,18000.0,Employed,739.0,31600.0,3,Master,0
60,Male,39600.0,Employed,666.0,14300.0,2,Master,0
30,Female,19900.0,Self-Employed,648.0,22900.0,0,Bachelor,0
62,Male,39000.0,Self-Employed,641.0,18800.0,0,Bachelor,1
25,Male,32600.0,Employed,733.0,43000.0,0,Bachelor,1
30,Male,54300.0,Self-Employed,668.0,30900.0,1,High School,0
41,Female,23600.0,Employed,708.0,22400.0,0,High School,1
44,Female,49600.0,Unemployed,617.0,71500.0,1,Bachelor,0
58,Male,61800.0,Employed,686.0,11800.0,0,Master,1
23,Male,36200.0,Employed,586.0,16100.0,0,Bachelor,1
60,Male,51000.0,Self-Employed,630.0,26700.0,0,Master,1
51,Male,24600.0,Employed,684.0,29900.0,0,Master,1
61,Female,33100.0,Unemployed,617.0,10600.0,0,High School,0
57,Female,20500.0,Employed,646.0,17700.0,0,High School,1
22,Male,129200.0,Unemployed,745.0,18300.0,0,Bachelor,1
22,Male,74200.0,Employed,655.0,73000.0,1,Bachelor,0
59,Female,92000.0,Employed,649.0,26800.0,1,Bachelor,1
62,Male,73700.0,Self-Employed,604.0,34500.0,0,High School,1
64,Female,28800.0,Self-Employed,636.0,14300.0,0,Master,1
54,Male,18600.0,Employed,679.0,11500.0,0,PhD,1
62,Male,32500.0,Employed,734.0,14000.0,0,High School,1
40,Male,50900.0,Employed,549.0,25100.0,2,Bachelor,0
53,Male,34700.0,Employed,748.0,43700.0,0,Master,1
24,Female,18000.0,Self-Employed,648.0,7700.0,1,High School,0
65,Male,58300.0,Employed,672.0,59200.0,0,Bachelor,1
64,Male,18000.0,Self-Employed,740.0,30700.0,1,Bachelor,0
31,Male,32500.0,Employed,850.0,32900.0,0,High School,1
62,Male,96000.0,Employed,726.0,31600.0,0,High School,1
67,Male,41100.0,Employed,638.0,14100.0,2,Bachelor,0
25,Male,68800.0,Employed,696.0,16700.0,2,Bachelor,0
45,Female,47700.0,Employed,716.0,27100.0,2,Bachelor,0
57,Male,24200.0,Employed,561.0,15500.0,0,High School,1
54,Male,57800.0,Self-Employed,588.0,20800.0,0,Bachelor,1
29,Female,38900.0,Employed,714.0,12100.0,0,Bachelor,1
26,Male,19100.0,Retired,725.0,28700.0,0,Bachelor,0
38,Female,18000.0,Unemployed,712.0,16600.0,0,Bachelor,0
34,Male,48600.0,Employed,735.0,14100.0,0,Bachelor,1
39,Female,117100.0,Unemployed,649.0,11000.0,0,Bachelor,1
34,Female,23400.0,Employed,772.0,12100.0,0,Bachelor,1
60,Female,24900.0,Employed,835.0,8200.0,0,Master,1
37,Female,49000.0,Employed,625.0,23200.0,0,Bachelor,1
55,Male,20800.0,Self-Employed,573.0,12600.0,0,Bachelor,1
49,Female,130200.0,Retired,674.0,17600.0,0,High School,1
62,Male,26000.0,Employed,755.0,37400.0,0,Bachelor,1
37,Male,31300.0,Employed,736.0,16800.0,0,Bachelor,1
63,Male,26800.0,Employed,692.0,16400.0,0,Bachelor,1
28,Female,64000.0,Employed,484.0,17500.0,0,High School,1
21,Male,118300.0,Employed,621.0,21500.0,0,High School,1
65,Female,28200.0,Self-Employed,774.0,13600.0,0,High School,1
56,Female,61900.0,Employed,532.0,30100.0,0,Bachelor,1
27,Female,20900.0,Employed,682.0,19500.0,0,High School,1
66,Female,64800.0,Employed,631.0,13000.0,1,High School,1
25,Male,96700.0,Employed,736.0,14700.0,0,Bachelor,1
44,Male,83000.0,Employed,538.0,35800.0,0,High School,1
48,Male,42900.0,Employed,654.0,12200.0,0,High School,1
63,Male,23900.0,Retired,693.0,23200.0,0,Bachelor,1
37,Male,40200.0,Self-Employed,650.0,24000.0,0,Bachelor,1
57,Male,34400.0,Employed,731.0,9500.0,0,High School,1
40,Male,32100.0,Employed,549.0,7600.0,0,High School,1
23,Female,44500.0,Employed,585.0,14900.0,0,High School,1
57,Female,38800.0,Self-Employed,652.0,29200.0,0,Master,1
46,Male,57200.0,Employed,709.0,7500.0,0,Bachelor,1
35,Female,57400.0,Retired,724.0,10700.0,0,Master,1
28,Male,38900.0,Retired,695.0,27000.0,0,Bachelor,1
33,Male,49800.0,Employed,602.0,9500.0,0,PhD,1
23,Female,77700.0,Retired,629.0,33300.0,0,PhD,1
21,Male,30800.0,Retired,774.0,88500.0,0,High School,0
29,Male,40500.0,Employed,850.0,11100.0,0,High School,1
51,Female,24000.0,Employed,732.0,43600.0,0,Bachelor,0
61,Female,51000.0,Self-Employed,709.0,22000.0,0,High School,1
46,Female,44300.0,Employed,582.0,11200.0,0,Bachelor,1
37,Female,50500.0,Employed,697.0,46900.0,0,High School,1
54,Female,24500.0,Employed,537.0,23000.0,1,Master,0
29,Male,58900.0,Employed,792.0,36800.0,1,Bachelor,1
33,Male,42200.0,Retired,728.0,73700.0,0,Bachelor,0
25,Male,67200.0,Employed,675.0,16900.0,0,Bachelor,1
61,Male,32200.0,Self-Employed,582.0,25100.0,0,Bachelor,1
33,Female,56500.0,Employed,695.0,9200.0,0,Bachelor,1
21,Male,50100.0,Self-Employed,552.0,13600.0,0,Bachelor,1
45,Female,86000.0,Employed,653.0,17200.0,0,Bachelor,1
67,Female,37900.0,Employed,715.0,20500.0,0,Bachelor,1
24,Female,30400.0,Employed,619.0,5000.0,1,Bachelor,0
56,Female,31400.0,Self-Employed,677.0,45700.0,1,Bachelor,0
30,Female,23100.0,Employed,850.0,26400.0,0,Bachelor,1
48,Male,31200.0,Self-Employed,528.0,24600.0,0,Bachelor,1
26,Female,18000.0,Employed,614.0,61600.0,2,High School,0
47,Male,79600.0,Employed,658.0,47700.0,0,Bachelor,1
32,Female,105600.0,Unemployed,635.0,16500.0,0,Master,1
23,Male,37300.0,Employed,719.0,12800.0,1,High School,1
66,Female,50000.0,Employed,726.0,26200.0,0,High School,1
53,Female,43600.0,Employed,684.0,45700.0,2,Master,0
30,Male,20800.0,Employed,692.0,16500.0,0,Bachelor,1
51,Male,67000.0,Self-Employed,527.0,30700.0,0,Bachelor,1
35,Female,72200.0,Employed,720.0,50200.0,0,Bachelor,1
27,Male,23800.0,Self-Employed,696.0,32600.0,0,Bachelor,0
56,Female,47300.0,Self-Employed,621.0,6900.0,0,Bachelor,1
34,Female,35200.0,Employed,818.0,8800.0,0,Master,1
34,Male,72800.0,Employed,674.0,59300.0,0,PhD,1
23,Male,38500.0,Retired,699.0,19300.0,2,Master,0
66,Male,39000.0,Retired,677.0,22000.0,1,High School,0
23,Female,99800.0,Employed,540.0,25400.0,0,Bachelor,1
42,Male,21100.0,Employed,594.0,42600.0,2,Bachelor,0
39,Male,45400.0,Employed,656.0,11300.0,1,Bachelor,1
55,Male,42000.0,Employed,763.0,14100.0,1,Bachelor,1
32,Female,29700.0,Self-Employed,641.0,9900.0,0,Master,1
25,Female,111300.0,Employed,698.0,5200.0,0,Master,1
30,Female,47500.0,Employed,719.0,23100.0,0,Master,1
61,Male,56200.0,Self-Employed,612.0,10700.0,0,Bachelor,1
53,Female,60300.0,Unemployed,600.0,32100.0,1,High School,0
33,Female,34200.0,Unemployed,622.0,12500.0,0,Bachelor,0
55,Female,74700.0,Employed,617.0,8000.0,0,Bachelor,1
52,Female,67500.0,Employed,588.0,33900.0,0,Bachelor,1
31,Male,37800.0,Employed,753.0,24700.0,0,High School,1
58,Male,64200.0,Self-Employed,730.0,16300.0,0,Master,1
44,Female,74600.0,Unemployed,588.0,16900.0,0,High School,0
55,Male,59700.0,Unemployed,694.0,25900.0,0,PhD,1
39,Female,26400.0,Self-Employed,653.0,50100.0,0,Master,0
26,Female,38300.0,Employed,670.0,22900.0,1,PhD,0
60,Male,50900.0,Employed,683.0,23900.0,1,Master,1
65,Female,45500.0,Employed,554.0,13700.0,0,High School,1
64,Male,27700.0,Unemployed,511.0,15700.0,0,Bachelor,0
62,Male,34800.0,Employed,682.0,3000.0,0,Master,1
55,Female,47900.0,Employed,647.0,10200.0,1,High School,0
24,Female,18900.0,Employed,661.0,9500.0,0,Bachelor,1
53,Male,40500.0,Employed,625.0,9400.0,0,Bachelor,1
33,Male,56900.0,Self-Employed,679.0,14300.0,2,Bachelor,0
56,Female,46200.0,Employed,537.0,15300.0,1,Master,0
63,Female,26100.0,Self-Employed,682.0,9500.0,0,Bachelor,1
39,Female,28500.0,Employed,463.0,38400.0,0,High School,0
63,Male,84400.0,Employed,617.0,25800.0,0,Bachelor,1
32,Male,25100.0,Employed,639.0,20400.0,0,Bachelor,1
31,Male,72600.0,Retired,523.0,26600.0,0,Bachelor,1
26,Female,29400.0,Employed,787.0,6400.0,0,PhD,1
32,Male,70600.0,Employed,672.0,6300.0,1,Bachelor,1
47,Male,52600.0,Employed,616.0,37500.0,3,Bachelor,0
61,Female,33700.0,Employed,840.0,75300.0,0,Bachelor,0
45,Male,18000.0,Employed,699.0,18600.0,0,PhD,1
62,Female,49000.0,Employed,710.0,69600.0,1,Bachelor,0
23,Female,43900.0,Retired,659.0,18000.0,0,High School,1
23,Female,49400.0,Self-Employed,633.0,11800.0,0,Master,1
40,Male,52600.0,Employed,696.0,32500.0,0,Bachelor,1
48,Male,20800.0,Self-Employed,437.0,5000.0,1,High School,0
43,Female,48900.0,Self-Employed,519.0,12700.0,0,High School,1
23,Female,58200.0,Unemployed,550.0,11000.0,0,High School,0
62,Female,57800.0,Employed,475.0,8800.0,2,PhD,0
44,Male,21400.0,Employed,718.0,13400.0,3,High School,0
63,Female,71500.0,Self-Employed,613.0,21500.0,0,Bachelor,1
60,Female,49700.0,Self-Employed,777.0,39600.0,1,Bachelor,0
26,Female,53000.0,Employed,655.0,33700.0,0,High School,1
40,Female,25600.0,Employed,598.0,6900.0,0,Bachelor,1
31,Female,58600.0,Employed,660.0,71200.0,0,High School,1
52,Female,18000.0,Employed,760.0,38100.0,3,Master,0
47,Male,26300.0,Employed,645.0,18500.0,0,Bachelor,1
41,Male,75600.0,Employed,772.0,40400.0,0,Bachelor,1
64,Male,57200.0,Employed,759.0,10400.0,0,Master,1
33,Male,46400.0,Employed,617.0,29900.0,0,Bachelor,1
42,Male,64300.0,Employed,624.0,5600.0,0,Bachelor,1
55,Male,66600.0,Employed,620.0,15000.0,2,Master,0
67,Male,58600.0,Employed,563.0,40900.0,0,Bachelor,1
42,Male,36000.0,Employed,539.0,13700.0,0,Bachelor,1
48,Female,25900.0,Employed,623.0,14100.0,0,Bachelor,1
41,Female,28800.0,Employed,459.0,12600.0,0,High School,1
66,Male,81300.0,Employed,569.0,16000.0,1,High School,1
38,Female,21200.0,Employed,706.0,9800.0,2,Bachelor,0
51,Female,51300.0,Employed,546.0,46600.0,0,High School,0
66,Male,51300.0,Employed,773.0,8800.0,1,High School,1
57,Male,83600.0,Self-Employed,714.0,21900.0,0,High School,1
41,Male,51300.0,Employed,821.0,30000.0,2,Bachelor,0
34,Female,32500.0,Self-Employed,839.0,11600.0,2,Bachelor,0
45,Female,32700.0,Employed,727.0,7500.0,0,Master,1
47,Male,40000.0,Unemployed,613.0,12700.0,0,Bachelor,1
60,Male,70700.0,Employed,522.0,14200.0,1,Bachelor,1
43,Male,60100.0,Employed,538.0,31300.0,0,High School,1
51,Male,23300.0,Employed,830.0,16500.0,0,Bachelor,1
67,Male,46100.0,Unemployed,536.0,18100.0,0,Bachelor,0
49,Male,60600.0,Employed,645.0,7800.0,0,Master,1
67,Female,35600.0,Self-Employed,765.0,16100.0,1,Master,0
50,Female,18000.0,Employed,589.0,42700.0,0,Bachelor,0
46,Male,36400.0,Self-Employed,775.0,34800.0,1,Bachelor,0
40,Female,19100.0,Unemployed,658.0,13300.0,0,Master,0
58,Male,18000.0,Retired,682.0,29700.0,0,Bachelor,0
39,Male,68400.0,Self-Employed,639.0,16600.0,1,Bachelor,1
47,Male,141600.0,Employed,585.0,24400.0,0,Bachelor,1
45,Female,79400.0,Employed,722.0,15100.0,0,Bachelor,1
60,Female,18000.0,Employed,712.0,10100.0,0,High School,1
58,Female,36800.0,Employed,726.0,9800.0,0,Master,1
43,Male,29900.0,Employed,749.0,24700.0,0,PhD,1
49,Female,19200.0,Employed,627.0,3700.0,0,Bachelor,1
35,Male,50600.0,Self-Employed,712.0,34200.0,1,Bachelor,0
23,Female,36600.0,Employed,740.0,15600.0,1,Bachelor,0
30,Male,22400.0,Employed,699.0,12300.0,0,Bachelor,1
35,Male,18000.0,Employed,629.0,32800.0,0,High School,0
36,Female,29600.0,Unemployed,694.0,3400.0,0,High School,1
37,Female,40300.0,Employed,494.0,23800.0,1,Master,0
39,Male,37800.0,Employed,696.0,48300.0,0,Master,1
31,Female,68300.0,Retired,569.0,7900.0,0,High School,1
25,Male,47500.0,Employed,666.0,13700.0,0,High School,1
25,Female,33800.0,Self-Employed,628.0,23700.0,0,PhD,1
34,Female,26700.0,Unemployed,668.0,7000.0,0,Bachelor,0
46,Female,18000.0,Employed,532.0,20900.0,0,Bachelor,0
28,Female,23300.0,Retired,724.0,90400.0,1,Bachelor,0
25,Female,79200.0,Self-Employed,741.0,21900.0,0,Master,1
27,Male,61800.0,Employed,581.0,21500.0,0,Bachelor,1
36,Female,46400.0,Employed,548.0,8800.0,1,Bachelor,0
34,Male,31300.0,Employed,587.0,40000.0,2,High School,0
57,Male,74600.0,Unemployed,727.0,3500.0,0,High School,1
61,Male,24200.0,Employed,658.0,17600.0,1,Master,0
24,Male,24300.0,Self-Employed,647.0,31200.0,0,High School,0
56,Female,38300.0,Employed,651.0,4000.0,2,High School,0
37,Male,18000.0,Self-Employed,607.0,5400.0,2,High School,0
67,Female,23900.0,Employed,692.0,7400.0,1,High School,0
56,Male,35700.0,Employed,793.0,41100.0,0,Bachelor,1
26,Male,31900.0,Employed,588.0,12300.0,0,PhD,1
36,Male,24500.0,Self-Employed,717.0,30900.0,0,High School,0
49,Male,111000.0,Employed,659.0,28000.0,0,Master,1
56,Male,79400.0,Self-Employed,659.0,6700.0,0,High School,1
58,Female,94600.0,Employed,781.0,14300.0,0,PhD,1
57,Male,38200.0,Self-Employed,748.0,15700.0,0,Bachelor,1
30,Female,31400.0,Self-Employed,665.0,24500.0,1,Master,0
61,Male,89400.0,Employed,743.0,20700.0,0,High School,1
56,Male,41900.0,Self-Employed,518.0,17300.0,0,Master,1
49,Female,23600.0,Employed,477.0,36300.0,1,High School,0
34,Male,24500.0,Unemployed,604.0,36000.0,0,High School,0
24,Male,34100.0,Employed,579.0,7600.0,0,Bachelor,1
64,Male,39700.0,Employed,643.0,13800.0,0,High School,1
62,Male,41800.0,Self-Employed,761.0,18400.0,0,Master,1
56,Female,36600.0,Self-Employed,646.0,19000.0,0,Bachelor,1
65,Male,129300.0,Employed,744.0,25100.0,0,Bachelor,1
33,Female,20400.0,Retired,742.0,22600.0,0,High School,0
66,Female,56200.0,Employed,515.0,25800.0,2,High School,0
38,Male,31600.0,Retired,725.0,27700.0,0,Bachelor,1
53,Female,39400.0,Employed,765.0,15200.0,0,Master,1
41,Male,64200.0,Employed,771.0,14700.0,0,Bachelor,1
36,Female,18000.0,Employed,657.0,41600.0,0,Bachelor,0
35,Male,25000.0,Retired,674.0,13400.0,0,High School,1
25,Female,37500.0,Employed,679.0,28100.0,0,Master,1
26,Male,84000.0,Retired,661.0,11500.0,0,PhD,1
58,Male,83700.0,Self-Employed,580.0,22000.0,0,High School,1
23,Female,76000.0,Employed,599.0,23000.0,0,Bachelor,1
32,Female,18000.0,Employed,720.0,26600.0,0,High School,0
56,Male,23700.0,Employed,656.0,46800.0,0,Master,0
53,Male,24200.0,Employed,677.0,9900.0,0,High School,1
56,Female,39000.0,Employed,762.0,19700.0,0,Bachelor,1
53,Female,18000.0,Unemployed,675.0,26800.0,1,Bachelor,0
51,Female,69500.0,Employed,572.0,26900.0,0,High School,1
41,Female,18000.0,Unemployed,850.0,15000.0,0,High School,0
47,Female,67300.0,Employed,644.0,22700.0,0,Master,1
47,Female,62000.0,Employed,639.0,17800.0,0,High School,1
28,Male,23200.0,Employed,693.0,28100.0,0,Bachelor,1
57,Male,75400.0,Self-Employed,657.0,17200.0,1,Bachelor,1
52,Female,34000.0,Employed,664.0,17400.0,2,Bachelor,0
46,Female,29800.0,Retired,621.0,21200.0,0,High School,0
22,Male,32500.0,Employed,752.0,13400.0,0,High School,1
32,Male,33900.0,Retired,764.0,11400.0,0,Bachelor,1
42,Female,35500.0,Unemployed,824.0,8100.0,0,High School,1
37,Male,35900.0,Self-Employed,836.0,16600.0,0,Bachelor,1
27,Male,25700.0,Employed,501.0,11600.0,1,Bachelor,0
63,Male,28900.0,Employed,721.0,15100.0,0,Bachelor,1
24,Male,30200.0,Self-Employed,568.0,37900.0,1,Bachelor,0
57,Male,92600.0,Employed,778.0,15400.0,1,Bachelor,1
58,Male,30200.0,Self-Employed,697.0,38400.0,0,Master,1
52,Male,29200.0,Self-Employed,607.0,22700.0,0,Master,1
31,Female,85700.0,Employed,573.0,15200.0,0,High School,1
21,Male,34200.0,Employed,613.0,9800.0,1,Bachelor,1
45,Female,25700.0,Employed,601.0,16800.0,0,Bachelor,1
62,Female,23100.0,Employed,782.0,14200.0,0,Bachelor,1
44,Male,19700.0,Unemployed,675.0,36700.0,0,High School,0
63,Female,52600.0,Self-Employed,585.0,58800.0,0,High School,0
37,Male,18000.0,Employed,705.0,33500.0,0,Bachelor,0
28,Female,78700.0,Self-Employed,704.0,11600.0,1,High School,1
65,Male,38300.0,Employed,658.0,18600.0,0,Bachelor,1
47,Female,32300.0,Employed,776.0,15700.0,0,Bachelor,1
38,Female,35800.0,Employed,720.0,12700.0,1,High School,0
47,Male,50600.0,Retired,713.0,17100.0,0,Bachelor,1
42,Male,31700.0,Retired,515.0,16700.0,3,Bachelor,0
36,Female,36500.0,Employed,643.0,54300.0,0,Master,0
22,Female,68000.0,Employed,728.0,22000.0,2,PhD,0
25,Male,47700.0,Employed,704.0,29600.0,1,High School,0
38,Female,21500.0,Self-Employed,680.0,33800.0,1,Bachelor,0
23,Male,28200.0,Employed,731.0,28400.0,0,Master,1
47,Female,18000.0,Employed,711.0,40900.0,0,Master,0
37,Male,54600.0,Self-Employed,742.0,14400.0,0,Bachelor,1
36,Female,57600.0,Employed,707.0,32100.0,1,High School,0
26,Male,25200.0,Employed,738.0,58500.0,0,Bachelor,0
27,Male,127100.0,Employed,734.0,11700.0,0,Bachelor,1
34,Male,135800.0,Self-Employed,673.0,14700.0,1,Bachelor,1
58,Male,40600.0,Retired,677.0,14100.0,0,Bachelor,1
60,Male,26900.0,Employed,687.0,65700.0,1,High School,0
35,Male,46000.0,Employed,574.0,9500.0,0,Bachelor,1
67,Female,26600.0,Employed,549.0,19300.0,0,Bachelor,1
67,Male,64500.0,Employed,723.0,24200.0,0,Bachelor,1
53,Male,43600.0,Employed,727.0,13000.0,1,Bachelor,1
63,Male,45200.0,Employed,678.0,9900.0,0,Master,1
47,Male,96700.0,Employed,710.0,11000.0,0,High School,1
49,Male,29500.0,Self-Employed,736.0,15500.0,3,Bachelor,0
57,Male,30000.0,Employed,717.0,13100.0,0,Bachelor,1
25,Male,61600.0,Retired,728.0,42900.0,0,Master,1
49,Male,32500.0,Employed,570.0,13200.0,0,Bachelor,1
52,Female,89500.0,Employed,820.0,13100.0,1,High School,1
26,Female,66200.0,Employed,707.0,22800.0,0,High School,1
22,Male,33300.0,Employed,760.0,21500.0,0,High School,1
26,Male,18000.0,Unemployed,730.0,3000.0,0,Bachelor,1
66,Female,19400.0,Self-Employed,592.0,10700.0,0,High School,1
63,Male,31500.0,Employed,622.0,13300.0,0,High School,1
24,Female,49100.0,Self-Employed,635.0,9800.0,2,High School,0
49,Male,69600.0,Retired,778.0,32100.0,0,Bachelor,1
45,Female,36000.0,Employed,598.0,7400.0,0,Bachelor,1
29,Female,25700.0,Employed,573.0,33900.0,0,Master,0
23,Female,37400.0,Employed,716.0,5100.0,2,Bachelor,0
46,Female,40500.0,Self-Employed,829.0,18900.0,0,Bachelor,1
63,Male,77100.0,Employed,608.0,46100.0,0,Bachelor,1
47,Male,75000.0,Employed,802.0,12600.0,0,Bachelor,1
56,Female,24300.0,Employed,743.0,18300.0,0,Bachelor,1
52,Female,50400.0,Employed,644.0,33400.0,0,Bachelor,1
21,Male,26200.0,Self-Employed,568.0,32800.0,0,PhD,0
36,Male,26600.0,Employed,651.0,21600.0,0,Bachelor,1
31,Male,67500.0,Employed,613.0,16200.0,0,Bachelor,1
46,Male,36300.0,Retired,782.0,16100.0,1,Master,1
60,Female,55300.0,Employed,677.0,7800.0,0,Bachelor,1
21,Male,52400.0,Employed,721.0,9800.0,0,High School,1
46,Male,38600.0,Self-Employed,721.0,18400.0,0,Master,1
48,Male,47400.0,Self-Employed,626.0,21200.0,0,Bachelor,1
29,Male,44400.0,Employed,686.0,84300.0,0,Bachelor,0
64,Male,22600.0,Employed,765.0,28800.0,0,Bachelor,1
42,Female,51200.0,Self-Employed,674.0,14600.0,0,Bachelor,1
28,Female,28200.0,Employed,657.0,24500.0,0,Bachelor,1
62,Female,23500.0,Self-Employed,739.0,6300.0,2,Bachelor,0
47,Male,61500.0,Self-Employed,569.0,19000.0,0,Bachelor,1
59,Female,29900.0,Employed,493.0,27200.0,0,High School,0
39,Female,69900.0,Self-Employed,704.0,27300.0,1,High School,0
45,Female,69500.0,Employed,767.0,17300.0,0,High School,1
58,Male,31600.0,Self-Employed,833.0,25400.0,0,Master,1
41,Male,68500.0,Self-Employed,697.0,15300.0,0,High School,1
44,Male,33000.0,Employed,750.0,22900.0,0,Bachelor,1
44,Male,38800.0,Employed,792.0,10300.0,0,High School,1
39,Male,51400.0,Employed,683.0,9200.0,0,Bachelor,1
67,Male,111300.0,Employed,625.0,38500.0,0,PhD,1
22,Male,64200.0,Employed,617.0,16100.0,0,High School,1
34,Female,39000.0,Self-Employed,655.0,23500.0,1,Bachelor,0
52,Male,42300.0,Employed,803.0,11300.0,0,High School,1
62,Male,18200.0,Employed,759.0,9200.0,3,High School,0
52,Female,66300.0,Self-Employed,661.0,13000.0,3,High School,0
48,Female,62900.0,Employed,786.0,23300.0,0,Bachelor,1
59,Female,46200.0,Self-Employed,718.0,5200.0,0,Bachelor,1
60,Female,57500.0,Employed,662.0,20400.0,0,Bachelor,1
62,Female,18000.0,Employed,695.0,27100.0,0,Bachelor,0
67,Female,23400.0,Employed,714.0,10600.0,0,Master,1
60,Male,98800.0,Unemployed,692.0,20800.0,0,High School,1
33,Male,35300.0,Employed,828.0,19900.0,0,Master,1
32,Male,58600.0,Employed,667.0,10700.0,0,Bachelor,1
28,Male,27600.0,Employed,562.0,16500.0,1,Master,0
35,Male,32200.0,Self-Employed,707.0,17900.0,0,Bachelor,1
46,Female,101500.0,Employed,655.0,10700.0,0,Bachelor,1
32,Female,37100.0,Self-Employed,566.0,14600.0,0,Bachelor,1
63,Female,52100.0,Self-Employed,736.0,17800.0,0,High School,1
66,Male,42800.0,Employed,373.0,21400.0,0,High School,1
47,Female,45400.0,Employed,705.0,56000.0,0,Bachelor,1
38,Female,44600.0,Employed,479.0,10100.0,0,Bachelor,1
65,Male,18000.0,Employed,680.0,40600.0,0,Bachelor,0
56,Female,50900.0,Employed,727.0,10500.0,0,High School,1
47,Male,30700.0,Employed,742.0,18000.0,1,Bachelor,1
29,Male,97700.0,Employed,749.0,31300.0,0,High School,1
59,Female,27300.0,Employed,590.0,23500.0,2,Bachelor,0
21,Male,31700.0,Employed,696.0,4400.0,1,High School,1
27,Male,136400.0,Employed,620.0,34600.0,0,PhD,1
46,Female,57600.0,Unemployed,616.0,21900.0,3,Bachelor,0
27,Female,24500.0,Employed,671.0,12900.0,0,Master,1
27,Male,43800.0,Employed,644.0,16700.0,0,High School,1
28,Male,21800.0,Employed,592.0,23300.0,0,High School,1
36,Male,45700.0,Employed,707.0,25600.0,0,High School,1
23,Female,26800.0,Employed,727.0,25100.0,1,Bachelor,0
65,Male,102000.0,Employed,607.0,11700.0,0,Master,1
30,Male,49500.0,Employed,664.0,17900.0,1,Bachelor,1
27,Female,52200.0,Self-Employed,666.0,10900.0,0,Bachelor,1
41,Female,64500.0,Unemployed,667.0,28600.0,1,High School,0
57,Male,68200.0,Employed,675.0,15600.0,0,High School,1
51,Male,28400.0,Self-Employed,705.0,23400.0,0,Bachelor,1
43,Female,42100.0,Employed,779.0,13200.0,0,Bachelor,1
47,Male,32100.0,Employed,691.0,19000.0,0,Bachelor,1
42,Male,114400.0,Employed,637.0,16100.0,1,Bachelor,1
59,Female,18000.0,Employed,679.0,8700.0,1,PhD,0
47,Male,30100.0,Employed,590.0,34700.0,0,High School,0
24,Female,38600.0,Self-Employed,604.0,26900.0,0,PhD,1
44,Male,43000.0,Employed,717.0,8400.0,0,High School,1
43,Male,42500.0,Employed,414.0,11000.0,1,Bachelor,0
39,Male,39200.0,Employed,662.0,12600.0,0,Bachelor,1
62,Male,37000.0,Employed,759.0,39700.0,0,High School,1
23,Male,45300.0,Employed,714.0,30300.0,0,Bachelor,1
47,Male,50600.0,Employed,753.0,20500.0,0,Bachelor,1
23,Female,98300.0,Employed,709.0,7000.0,0,Master,1
48,Female,97800.0,Employed,849.0,23700.0,0,High School,1
37,Female,46700.0,Employed,575.0,20000.0,0,Master,1
51,Female,31300.0,Employed,690.0,14700.0,0,Master,1
30,Male,32400.0,Employed,742.0,39900.0,0,High School,1
42,Female,20800.0,Employed,644.0,16000.0,1,Bachelor,0
50,Male,64600.0,Employed,780.0,36600.0,1,High School,1
41,Female,39200.0,Employed,731.0,14500.0,1,Bachelor,1
56,Female,49900.0,Employed,553.0,10800.0,0,PhD,1
43,Female,47400.0,Employed,711.0,8500.0,0,High School,1
58,Female,28300.0,Self-Employed,732.0,17200.0,0,High School,1
32,Female,26600.0,Employed,819.0,18500.0,1,Bachelor,0
45,Male,32000.0,Retired,665.0,10200.0,0,Bachelor,1
40,Male,51200.0,Employed,728.0,10500.0,0,Bachelor,1
62,Female,38500.0,Self-Employed,702.0,36500.0,0,Bachelor,1
27,Male,18000.0,Self-Employed,632.0,28100.0,0,High School,0
49,Female,24100.0,Unemployed,650.0,54100.0,0,Bachelor,0
49,Female,35100.0,Retired,494.0,6800.0,0,Master,1
33,Male,39500.0,Employed,640.0,50300.0,0,Bachelor,1
23,Female,51900.0,Employed,814.0,11200.0,0,Bachelor,1
22,Female,40900.0,Employed,665.0,8200.0,1,High School,1
36,Female,33500.0,Employed,752.0,21000.0,2,Bachelor,0
50,Female,32900.0,Self-Employed,699.0,5900.0,0,Bachelor,1
58,Female,44400.0,Employed,716.0,34500.0,0,High School,1
26,Female,49500.0,Self-Employed,850.0,20000.0,0,Bachelor,1
65,Female,34000.0,Employed,645.0,11800.0,2,Bachelor,0
27,Male,23400.0,Employed,645.0,32900.0,0,High School,0
25,Male,38200.0,Retired,772.0,16600.0,2,Bachelor,0
27,Female,29000.0,Employed,673.0,18400.0,0,High School,1
54,Male,46300.0,Employed,657.0,26300.0,0,Bachelor,1
52,Female,84200.0,Employed,761.0,12400.0,2,Bachelor,0
33,Female,20400.0,Self-Employed,702.0,9600.0,2,Bachelor,0
50,Male,71300.0,Self-Employed,667.0,16700.0,1,Bachelor,1
45,Female,50700.0,Self-Employed,651.0,8000.0,0,Bachelor,1
41,Female,69700.0,Employed,608.0,13900.0,0,High School,1
41,Male,32300.0,Employed,548.0,9900.0,0,Master,1
48,Male,19500.0,Employed,774.0,15000.0,0,High School,1
40,Male,43900.0,Employed,644.0,10500.0,1,Bachelor,1
54,Male,80800.0,Employed,535.0,14700.0,0,Bachelor,1
25,Female,23600.0,Employed,832.0,33400.0,0,High School,1
38,Male,25500.0,Employed,687.0,11600.0,0,PhD,1
59,Female,53800.0,Employed,682.0,22700.0,0,Bachelor,1
63,Male,31100.0,Employed,545.0,6100.0,0,Bachelor,1
31,Male,92300.0,Employed,729.0,14800.0,0,Bachelor,1
37,Female,55600.0,Employed,635.0,11000.0,0,High School,1
65,Female,28000.0,Employed,635.0,18700.0,0,Master,1
42,Male,30300.0,Employed,715.0,12900.0,1,High School,1
57,Male,30900.0,Self-Employed,690.0,30300.0,0,High School,1
40,Male,39300.0,Employed,597.0,14600.0,0,High School,1
66,Male,46700.0,Self-Employed,559.0,35400.0,0,High School,1
26,Female,45100.0,Employed,694.0,5100.0,3,Master,0
54,Male,22900.0,Employed,687.0,18500.0,0,Master,1
34,Male,63000.0,Employed,850.0,19500.0,0,Bachelor,1
43,Male,34700.0,Employed,489.0,10300.0,1,Master,0
40,Female,25200.0,Employed,693.0,18000.0,0,Bachelor,1
33,Female,31800.0,Employed,542.0,24100.0,0,Bachelor,1
67,Male,66600.0,Unemployed,645.0,34600.0,0,Master,1
64,Female,44100.0,Employed,644.0,15200.0,3,High School,0
61,Male,46100.0,Employed,726.0,13900.0,0,High School,1
52,Male,22400.0,Employed,728.0,12600.0,0,High School,1
46,Female,42900.0,Employed,796.0,18600.0,2,Bachelor,0
34,Female,66100.0,Self-Employed,701.0,10300.0,0,Master,1
56,Female,18000.0,Employed,764.0,28300.0,0,Master,0
28,Female,33000.0,Employed,797.0,6800.0,0,Master,1
60,Male,54800.0,Employed,702.0,17300.0,0,Bachelor,1
42,Female,43400.0,Employed,780.0,7900.0,0,Master,1
42,Male,24100.0,Employed,698.0,17500.0,0,High School,1
36,Female,49000.0,Employed,679.0,29300.0,1,Bachelor,0
47,Male,22400.0,Self-Employed,625.0,20200.0,2,Bachelor,0
30,Female,26000.0,Employed,712.0,12600.0,0,High School,1
45,Male,27400.0,Employed,709.0,27700.0,0,Master,1
51,Male,86800.0,Self-Employed,710.0,3500.0,0,Bachelor,1
41,Female,18000.0,Employed,777.0,17300.0,1,Bachelor,0
47,Male,18100.0,Employed,757.0,10900.0,0,High School,1
37,Male,46200.0,Unemployed,555.0,24300.0,0,Bachelor,0
53,Male,42300.0,Employed,556.0,3900.0,0,Bachelor,1
51,Male,31700.0,Employed,690.0,13600.0,0,Bachelor,1
62,Male,40400.0,Employed,597.0,12300.0,0,High School,1
46,Male,23600.0,Self-Employed,672.0,31000.0,0,Bachelor,0
41,Female,42000.0,Employed,603.0,11200.0,0,Bachelor,1
56,Male,44600.0,Self-Employed,688.0,15800.0,0,Bachelor,1
21,Female,73700.0,Employed,593.0,18800.0,0,Bachelor,1
24,Female,104200.0,Employed,714.0,17800.0,0,High School,1
24,Male,35100.0,Employed,589.0,17600.0,0,Master,1
46,Female,21200.0,Employed,692.0,18700.0,0,Bachelor,1
24,Male,48700.0,Self-Employed,537.0,18000.0,2,High School,0
29,Female,37500.0,Self-Employed,584.0,75100.0,1,High School,0
50,Male,36700.0,Employed,740.0,6200.0,0,High School,1
65,Male,18000.0,Employed,789.0,11200.0,0,High School,1
24,Female,42200.0,Employed,757.0,17500.0,0,Bachelor,1
25,Female,49600.0,Employed,744.0,35200.0,3,Bachelor,0
65,Female,66000.0,Employed,806.0,32000.0,0,High School,1
43,Male,31200.0,Self-Employed,762.0,33600.0,0,PhD,1
36,Female,26600.0,Employed,550.0,17700.0,0,Master,1
42,Male,31000.0,Employed,761.0,38000.0,1,Bachelor,0
57,Male,64000.0,Self-Employed,760.0,12600.0,0,High School,1
28,Male,80300.0,Employed,521.0,31200.0,0,Master,1
53,Female,70300.0,Self-Employed,623.0,20200.0,0,Bachelor,1
58,Male,55500.0,Self-Employed,814.0,20400.0,0,Bachelor,1
63,Male,39500.0,Employed,669.0,8200.0,0,Bachelor,1
36,Female,42700.0,Employed,583.0,6200.0,1,High School,0
25,Male,45900.0,Employed,753.0,15100.0,2,High School,0
36,Male,35400.0,Self-Employed,657.0,17100.0,0,Bachelor,1
27,Male,62600.0,Employed,647.0,9200.0,1,Master,1
21,Female,18000.0,Self-Employed,754.0,31400.0,0,Master,0
29,Male,19300.0,Employed,714.0,11000.0,0,Bachelor,1
38,Male,18000.0,Employed,670.0,25500.0,1,Bachelor,0
65,Female,26900.0,Retired,708.0,15100.0,0,Bachelor,1
67,Female,78700.0,Employed,665.0,28800.0,0,High School,1
23,Male,22100.0,Unemployed,758.0,8800.0,0,Bachelor,1
44,Female,22600.0,Employed,560.0,6900.0,0,Bachelor,1
48,Female,26600.0,Employed,664.0,24900.0,1,Bachelor,0
30,Female,69800.0,Employed,645.0,30100.0,0,Bachelor,1
29,Male,82300.0,Unemployed,706.0,21800.0,0,Bachelor,1
33,Female,66700.0,Unemployed,584.0,10600.0,0,Bachelor,1
55,Female,68800.0,Self-Employed,807.0,27100.0,1,Master,1
43,Male,91700.0,Employed,617.0,25400.0,0,Bachelor,1
67,Male,18000.0,Employed,770.0,9100.0,0,Bachelor,1
37,Male,21800.0,Employed,731.0,23600.0,1,Bachelor,0
66,Male,28300.0,Employed,698.0,19600.0,2,High School,0
27,Female,42300.0,Self-Employed,701.0,19200.0,0,High School,1
36,Male,42200.0,Self-Employed,522.0,7900.0,0,High School,1
60,Male,42500.0,Employed,637.0,29500.0,0,High School,1
56,Female,60900.0,Self-Employed,850.0,13000.0,3,Bachelor,0
40,Male,18000.0,Self-Employed,698.0,12200.0,1,PhD,0
44,Female,37400.0,Unemployed,715.0,23700.0,1,Bachelor,0
67,Male,45800.0,Employed,517.0,15800.0,0,Bachelor,1
25,Male,34100.0,Self-Employed,659.0,7600.0,1,Bachelor,1
65,Male,44100.0,Employed,650.0,45100.0,0,Bachelor,1
26,Male,66900.0,Employed,617.0,20700.0,2,High School,0
48,Male,41400.0,Employed,729.0,17800.0,0,High School,1
25,Female,116900.0,Employed,644.0,17700.0,1,Master,1
59,Female,64600.0,Employed,618.0,18200.0,0,Bachelor,1
58,Male,45800.0,Employed,555.0,19100.0,0,High School,1
22,Female,51600.0,Self-Employed,586.0,35800.0,0,Bachelor,1
63,Female,58200.0,Employed,596.0,46600.0,0,Bachelor,1
59,Female,93200.0,Employed,651.0,15200.0,0,Master,1
41,Male,72200.0,Employed,638.0,27100.0,0,High School,1
60,Male,51900.0,Employed,627.0,26300.0,0,Bachelor,1
57,Male,27900.0,Employed,537.0,27300.0,0,Master,1
38,Female,49400.0,Employed,595.0,38700.0,0,Master,1
66,Female,53600.0,Self-Employed,691.0,30100.0,0,Bachelor,1
32,Male,59200.0,Self-Employed,804.0,23200.0,0,Bachelor,1
37,Male,27800.0,Employed,816.0,12300.0,0,PhD,1
57,Female,58000.0,Employed,850.0,21600.0,0,Bachelor,1
66,Female,59900.0,Employed,702.0,9600.0,3,Master,0
58,Female,21900.0,Employed,675.0,23800.0,0,Bachelor,1
35,Female,22000.0,Employed,734.0,21800.0,0,Master,1
27,Male,70200.0,Self-Employed,650.0,7600.0,0,Master,1
34,Female,26200.0,Employed,748.0,13600.0,1,Bachelor,0
21,Female,86600.0,Self-Employed,666.0,11600.0,0,High School,1
58,Male,34900.0,Employed,704.0,27500.0,1,High School,0
23,Female,48700.0,Employed,618.0,15100.0,0,Master,1
57,Female,47500.0,Employed,762.0,7700.0,1,High School,1
64,Male,28100.0,Employed,596.0,23600.0,2,Master,0
51,Female,80400.0,Employed,626.0,20400.0,0,High School,1
63,Female,34900.0,Employed,651.0,19400.0,0,Master,1
33,Female,41300.0,Employed,609.0,9300.0,1,Master,0
38,Male,18000.0,Employed,728.0,25700.0,1,Master,0
37,Male,20600.0,Employed,691.0,16900.0,0,High School,1
37,Female,70500.0,Employed,597.0,16300.0,2,Master,0
31,Male,40000.0,Employed,636.0,8500.0,0,Bachelor,1
40,Female,29900.0,Employed,692.0,8700.0,0,High School,1
30,Female,30200.0,Employed,698.0,120000.0,0,Master,0
49,Male,52800.0,Employed,599.0,9000.0,0,High School,1
54,Male,75400.0,Unemployed,681.0,5100.0,0,High School,1
37,Male,30300.0,Self-Employed,733.0,14300.0,0,Bachelor,1
62,Male,69400.0,Unemployed,654.0,16100.0,2,Bachelor,0
33,Female,37000.0,Employed,593.0,10400.0,2,Master,0
64,Female,51600.0,Employed,793.0,11000.0,0,Bachelor,1
67,Female,18000.0,Self-Employed,733.0,16800.0,0,High School,1
59,Female,18000.0,Employed,645.0,22400.0,1,PhD,0
47,Male,60500.0,Employed,688.0,7800.0,1,Bachelor,1
46,Female,46000.0,Employed,650.0,14200.0,0,High School,1
48,Female,49100.0,Employed,596.0,18000.0,0,PhD,1
33,Female,23400.0,Employed,738.0,15600.0,2,Bachelor,0
32,Female,32500.0,Employed,822.0,11900.0,0,High School,1
64,Male,18000.0,Employed,757.0,9700.0,0,Master,1
48,Female,26300.0,Unemployed,701.0,50900.0,0,Master,0
22,Male,39700.0,Employed,653.0,4400.0,0,Master,1
57,Male,47300.0,Employed,454.0,33400.0,2,High School,0
54,Male,28100.0,Unemployed,813.0,9100.0,2,High School,0
43,Female,52900.0,Employed,623.0,20800.0,0,Bachelor,1
65,Female,39400.0,Self-Employed,751.0,18900.0,0,Bachelor,1
49,Female,35800.0,Employed,760.0,9700.0,0,Bachelor,1
55,Female,41800.0,Employed,758.0,16100.0,0,Master,1
31,Female,114700.0,Unemployed,561.0,14200.0,0,High School,1
53,Female,37000.0,Employed,764.0,18300.0,1,Bachelor,0
31,Male,64600.0,Employed,640.0,38900.0,0,PhD,1
29,Male,52700.0,Employed,672.0,42400.0,0,Bachelor,1
34,Male,35500.0,Employed,670.0,11400.0,2,Bachelor,0
29,Female,18500.0,Self-Employed,628.0,22200.0,2,Bachelor,0
59,Female,29300.0,Employed,655.0,33200.0,2,High School,0
23,Male,41700.0,Employed,692.0,13900.0,1,Bachelor,1
49,Male,38100.0,Self-Employed,600.0,25800.0,0,High School,1
39,Female,76800.0,Employed,541.0,75200.0,0,High School,1
56,Male,27800.0,Self-Employed,756.0,9100.0,0,Master,1
52,Female,37300.0,Employed,705.0,24000.0,0,High School,1
27,Female,52500.0,Employed,522.0,9900.0,0,Bachelor,1
48,Male,34900.0,Employed,715.0,12400.0,2,Master,0
64,Male,65300.0,Retired,665.0,13600.0,2,High School,0
38,Female,23300.0,Employed,569.0,23500.0,0,Bachelor,0
25,Female,18800.0,Employed,634.0,60800.0,1,Bachelor,0
43,Female,34800.0,Employed,711.0,12600.0,1,Bachelor,0
42,Female,38700.0,Employed,596.0,33000.0,0,High School,1
46,Male,44800.0,Employed,594.0,10500.0,0,High School,1
62,Male,43000.0,Self-Employed,632.0,13900.0,0,High School,1
32,Female,32700.0,Employed,600.0,39600.0,3,High School,0
60,Female,18900.0,Employed,586.0,32000.0,2,Bachelor,0
39,Male,37800.0,Employed,585.0,14100.0,0,Master,1
67,Female,23900.0,Employed,717.0,12500.0,0,Bachelor,1
21,Female,41600.0,Unemployed,603.0,23900.0,0,High School,0
23,Male,23100.0,Employed,772.0,12200.0,0,Master,1
47,Male,48500.0,Self-Employed,850.0,13500.0,0,Bachelor,1
38,Female,92400.0,Employed,666.0,14200.0,0,Bachelor,1
50,Male,27900.0,Self-Employed,850.0,16200.0,0,Bachelor,1
22,Male,21300.0,Employed,726.0,12700.0,0,Master,1
25,Male,71100.0,Retired,694.0,6800.0,1,Bachelor,1
49,Female,97100.0,Employed,675.0,45800.0,0,Bachelor,1
53,Female,21500.0,Self-Employed,514.0,29500.0,1,Bachelor,0
62,Female,38300.0,Employed,642.0,17100.0,0,Bachelor,1
40,Male,51200.0,Employed,584.0,11600.0,0,High School,1
50,Female,35200.0,Employed,754.0,37100.0,1,PhD,0
62,Female,18000.0,Self-Employed,826.0,23900.0,1,High School,0
25,Female,20200.0,Employed,698.0,12200.0,0,Bachelor,1
41,Female,21300.0,Self-Employed,701.0,24500.0,0,Bachelor,0
35,Male,23900.0,Employed,762.0,18900.0,0,High School,1
40,Female,41900.0,Retired,690.0,19500.0,0,PhD,1
28,Male,69500.0,Employed,782.0,30200.0,1,Bachelor,1
51,Female,20400.0,Employed,850.0,24400.0,0,Bachelor,1
32,Male,27100.0,Employed,803.0,30100.0,0,Bachelor,1
41,Male,23000.0,Employed,627.0,54200.0,0,Bachelor,0
50,Male,46400.0,Employed,751.0,25600.0,1,High School,1
47,Female,26600.0,Employed,623.0,73900.0,0,High School,0
64,Male,24200.0,Self-Employed,661.0,36900.0,0,PhD,0
46,Female,18100.0,Self-Employed,820.0,15600.0,0,Bachelor,1
53,Male,79200.0,Employed,595.0,7300.0,0,Bachelor,1
46,Male,119900.0,Employed,646.0,37100.0,0,Bachelor,1
46,Female,41900.0,Employed,777.0,8300.0,2,High School,0
56,Male,84400.0,Employed,607.0,19800.0,0,PhD,1
60,Male,30200.0,Employed,517.0,27800.0,1,PhD,0
21,Female,40100.0,Self-Employed,553.0,9500.0,2,Master,0
35,Male,55600.0,Retired,628.0,12400.0,0,Master,1
21,Male,27600.0,Employed,677.0,9500.0,0,Bachelor,1
31,Male,37100.0,Employed,654.0,62200.0,1,Bachelor,0
22,Female,34800.0,Employed,636.0,28000.0,0,Bachelor,1
21,Female,50000.0,Unemployed,687.0,11700.0,2,Master,0
51,Female,41400.0,Employed,638.0,7200.0,0,PhD,1
64,Female,27900.0,Employed,621.0,10700.0,0,Bachelor,1
36,Male,34500.0,Self-Employed,700.0,12400.0,0,Bachelor,1
42,Male,70100.0,Employed,690.0,12900.0,2,Master,0
62,Female,52800.0,Employed,766.0,29000.0,1,Bachelor,1
38,Male,50600.0,Employed,850.0,7700.0,0,Master,1
67,Male,124000.0,Self-Employed,501.0,34600.0,2,Bachelor,0
37,Male,22800.0,Employed,724.0,6100.0,2,Bachelor,0
50,Male,57200.0,Retired,694.0,17200.0,0,Bachelor,1
30,Female,41200.0,Unemployed,789.0,11900.0,1,High School,0
55,Male,47700.0,Self-Employed,637.0,32800.0,1,High School,0
41,Male,44000.0,Employed,648.0,42800.0,0,High School,1
36,Male,28300.0,Self-Employed,570.0,29300.0,0,High School,0
26,Female,23900.0,Employed,767.0,23500.0,2,Bachelor,0
23,Male,40100.0,Employed,692.0,15300.0,0,Bachelor,1
61,Male,27100.0,Employed,776.0,40300.0,0,High School,1
63,Female,33400.0,Employed,643.0,9900.0,0,High School,1
41,Female,59800.0,Self-Employed,623.0,23600.0,0,Bachelor,1
33,Male,21700.0,Unemployed,742.0,34600.0,0,Bachelor,0
38,Male,36500.0,Employed,651.0,31200.0,0,High School,1
44,Male,68000.0,Self-Employed,734.0,24800.0,0,Bachelor,1
47,Male,31100.0,Unemployed,723.0,24400.0,0,High School,0
24,Male,83700.0,Unemployed,689.0,30800.0,0,Bachelor,1
42,Male,18500.0,Employed,628.0,16700.0,0,High School,1
44,Male,99700.0,Employed,710.0,42400.0,3,High School,0
60,Male,40500.0,Employed,616.0,62000.0,0,High School,0
65,Female,20700.0,Employed,688.0,5900.0,0,Bachelor,1
30,Female,60900.0,Employed,823.0,14200.0,3,Bachelor,0
22,Female,49800.0,Retired,785.0,9200.0,1,High School,1
60,Male,80100.0,Unemployed,637.0,12200.0,0,Bachelor,1
26,Male,18600.0,Employed,703.0,19400.0,2,Master,0
38,Female,23200.0,Employed,634.0,23900.0,1,High School,0
37,Male,59000.0,Employed,704.0,16300.0,0,Bachelor,1
58,Male,143600.0,Employed,602.0,26400.0,0,Bachelor,1
65,Female,53500.0,Employed,624.0,11600.0,1,High School,0
43,Female,57800.0,Self-Employed,839.0,14100.0,0,Bachelor,1
66,Female,27400.0,Employed,691.0,26600.0,0,Bachelor,1
50,Male,36600.0,Employed,642.0,14800.0,0,Bachelor,1
41,Male,29400.0,Employed,499.0,8300.0,0,Master,1
30,Female,51600.0,Employed,694.0,68800.0,0,Bachelor,0
63,Male,63900.0,Self-Employed,850.0,31700.0,0,Bachelor,1
33,Female,44000.0,Self-Employed,632.0,19900.0,0,Bachelor,1
32,Female,59700.0,Employed,647.0,30800.0,0,Master,1
29,Female,39600.0,Self-Employed,684.0,23200.0,0,Bachelor,1
24,Male,77800.0,Employed,626.0,7000.0,0,Bachelor,1
59,Male,26100.0,Employed,850.0,19800.0,0,Bachelor,1
44,Female,81500.0,Employed,763.0,11700.0,0,Bachelor,1
54,Female,28100.0,Employed,739.0,19300.0,0,Bachelor,1
59,Female,40500.0,Employed,850.0,23000.0,0,Master,1
61,Male,22100.0,Employed,825.0,31900.0,1,Master,0
25,Male,51700.0,Employed,687.0,10000.0,1,Bachelor,1
35,Female,42900.0,Employed,656.0,10200.0,0,PhD,1
24,Female,58100.0,Unemployed,655.0,13600.0,0,PhD,1
59,Female,18000.0,Employed,634.0,43400.0,0,PhD,0
28,Male,42900.0,Unemployed,661.0,14500.0,0,High School,1
65,Female,49100.0,Employed,637.0,24900.0,0,High School,1
44,Female,24500.0,Self-Employed,584.0,17400.0,3,Bachelor,0
48,Female,52400.0,Employed,474.0,14200.0,0,Bachelor,1
63,Male,18000.0,Employed,769.0,19500.0,0,Bachelor,1
47,Male,37700.0,Employed,454.0,29000.0,0,Bachelor,1
21,Female,81300.0,Employed,710.0,27000.0,0,Bachelor,1
54,Male,37500.0,Self-Employed,762.0,8700.0,0,Bachelor,1
37,Male,28000.0,Retired,717.0,22000.0,2,Bachelor,0
57,Female,38900.0,Employed,667.0,48000.0,0,High School,0
58,Male,42200.0,Employed,698.0,21700.0,0,PhD,1
46,Female,62800.0,Employed,643.0,35500.0,0,Bachelor,1
44,Male,42800.0,Employed,672.0,51200.0,0,High School,1
59,Female,58700.0,Unemployed,653.0,19900.0,0,Bachelor,0
41,Female,42000.0,Employed,622.0,17400.0,0,Bachelor,1
50,Male,27600.0,Employed,781.0,23300.0,0,Bachelor,1
67,Male,19900.0,Employed,754.0,39000.0,0,Bachelor,0
33,Male,48300.0,Employed,667.0,16400.0,0,High School,1
57,Male,18000.0,Self-Employed,684.0,9100.0,0,Bachelor,1
23,Female,18000.0,Employed,617.0,22400.0,0,Bachelor,0
52,Female,19900.0,Employed,711.0,31500.0,1,High School,0
55,Male,57400.0,Employed,671.0,22900.0,0,Master,1
39,Male,19100.0,Employed,652.0,23500.0,1,Bachelor,0
34,Male,50800.0,Employed,702.0,17600.0,1,Master,1
42,Female,24000.0,Retired,687.0,15700.0,0,Bachelor,1
37,Male,37300.0,Unemployed,608.0,38700.0,0,Bachelor,0
24,Female,38900.0,Unemployed,756.0,6200.0,0,Master,1
65,Female,37000.0,Retired,764.0,19100.0,0,Bachelor,1
60,Female,29000.0,Employed,622.0,10000.0,1,Bachelor,0
39,Male,18300.0,Employed,850.0,17700.0,0,High School,1
57,Female,40700.0,Employed,600.0,21100.0,0,High School,1
22,Male,53000.0,Unemployed,732.0,24400.0,0,Bachelor,1
35,Male,56400.0,Self-Employed,728.0,19600.0,0,Bachelor,1
22,Female,41800.0,Employed,741.0,41500.0,2,Bachelor,0
31,Female,45700.0,Unemployed,825.0,19200.0,0,Bachelor,1
65,Male,27300.0,Employed,657.0,9500.0,2,Master,0
43,Male,50200.0,Employed,684.0,33600.0,0,High School,1
30,Male,49300.0,Employed,716.0,22100.0,2,Bachelor,0
23,Male,34600.0,Employed,537.0,10100.0,1,Bachelor,0
25,Male,41100.0,Employed,692.0,28000.0,1,High School,0
23,Male,39600.0,Employed,714.0,12900.0,0,Bachelor,1
58,Male,50400.0,Self-Employed,620.0,31600.0,1,Master,0
33,Female,18500.0,Employed,850.0,8500.0,0,High School,1
62,Female,18400.0,Self-Employed,702.0,16700.0,0,Bachelor,1
39,Female,18800.0,Employed,617.0,23300.0,0,Bachelor,0
60,Male,32100.0,Retired,631.0,9500.0,0,Bachelor,1
55,Female,50400.0,Self-Employed,613.0,24700.0,0,Master,1
44,Female,18000.0,Retired,616.0,33500.0,1,Bachelor,0
44,Female,42100.0,Employed,709.0,16000.0,0,Bachelor,1
37,Female,72900.0,Employed,716.0,22800.0,0,High School,1
60,Female,46000.0,Employed,718.0,11200.0,0,High School,1
30,Female,18000.0,Employed,738.0,100400.0,0,Bachelor,0
22,Male,52100.0,Employed,716.0,18100.0,0,Bachelor,1
64,Female,45300.0,Employed,850.0,22000.0,0,Bachelor,1
43,Female,33800.0,Employed,757.0,15400.0,0,Bachelor,1
26,Female,44000.0,Unemployed,592.0,12100.0,1,High School,0
22,Female,20000.0,Employed,683.0,32200.0,0,Bachelor,0
41,Male,41200.0,Retired,584.0,4300.0,0,High School,1
55,Male,51000.0,Employed,682.0,6000.0,0,Bachelor,1
49,Female,28400.0,Employed,560.0,21900.0,0,PhD,1
27,Female,31700.0,Employed,660.0,14500.0,2,Bachelor,0
49,Female,30200.0,Self-Employed,671.0,29900.0,1,High School,0
57,Male,31600.0,Self-Employed,566.0,13200.0,0,Bachelor,1
43,Male,26500.0,Self-Employed,681.0,6600.0,0,Bachelor,1
53,Female,27300.0,Employed,648.0,17300.0,0,Bachelor,1
28,Female,52000.0,Employed,587.0,15400.0,0,Bachelor,1
32,Female,18000.0,Employed,758.0,9400.0,0,Bachelor,1
66,Male,44000.0,Employed,650.0,28900.0,0,High School,1
30,Female,51900.0,Retired,776.0,22300.0,0,High School,1
35,Male,20400.0,Unemployed,697.0,10000.0,4,High School,0
44,Female,38600.0,Employed,647.0,7200.0,3,High School,0
46,Male,25400.0,Self-Employed,598.0,22300.0,0,Master,1
67,Male,70800.0,Employed,580.0,10200.0,0,Bachelor,1
62,Female,36200.0,Employed,696.0,10100.0,2,Bachelor,0
59,Female,83800.0,Employed,711.0,16900.0,0,Bachelor,1
23,Male,77700.0,Employed,609.0,18600.0,2,Master,0
22,Female,46800.0,Employed,577.0,24400.0,0,High School,1
26,Male,117200.0,Employed,739.0,34000.0,0,Bachelor,1
41,Male,18300.0,Unemployed,743.0,13700.0,0,Bachelor,0
29,Male,82700.0,Employed,610.0,25700.0,1,Bachelor,1
30,Male,35100.0,Employed,664.0,16200.0,1,Bachelor,1
56,Male,37700.0,Employed,724.0,36500.0,0,Bachelor,1
23,Male,31900.0,Self-Employed,586.0,10800.0,0,Master,1
61,Male,19400.0,Employed,605.0,24700.0,0,Bachelor,0
44,Female,53400.0,Self-Employed,750.0,11000.0,0,High School,1
42,Male,21600.0,Employed,604.0,10500.0,1,Bachelor,0
34,Female,29900.0,Employed,686.0,13700.0,0,Bachelor,1
62,Male,30500.0,Employed,688.0,5100.0,1,PhD,1
65,Female,66000.0,Employed,578.0,32600.0,3,High School,0
64,Male,38700.0,Employed,763.0,10700.0,0,Bachelor,1
47,Male,18000.0,Employed,548.0,13700.0,1,Bachelor,0
53,Male,25600.0,Employed,704.0,10100.0,0,Bachelor,1
42,Male,18400.0,Employed,641.0,31900.0,0,Bachelor,0
49,Male,51600.0,Employed,689.0,21200.0,0,High School,1
39,Female,22200.0,Self-Employed,660.0,25100.0,0,Bachelor,0
39,Female,29600.0,Self-Employed,584.0,20000.0,0,Bachelor,1
26,Female,96300.0,Self-Employed,655.0,20000.0,2,Bachelor,0
65,Female,55200.0,Employed,721.0,22000.0,1,High School,1
39,Male,22400.0,Employed,659.0,31900.0,0,Master,0
33,Male,60600.0,Self-Employed,639.0,9100.0,0,Bachelor,1
46,Male,28000.0,Employed,511.0,12800.0,0,Bachelor,1
42,Male,60600.0,Self-Employed,604.0,9600.0,0,Bachelor,1
41,Male,32700.0,Self-Employed,617.0,25800.0,0,Bachelor,1
56,Female,24800.0,Employed,751.0,23500.0,0,Bachelor,1
22,Male,23700.0,Employed,647.0,27700.0,2,Bachelor,0
67,Male,46300.0,Retired,723.0,3900.0,0,Bachelor,1
64,Female,63400.0,Self-Employed,614.0,13900.0,0,High School,1
50,Female,48300.0,Self-Employed,505.0,4300.0,0,High School,1
47,Male,32300.0,Employed,764.0,58100.0,1,High School,0
27,Female,18000.0,Employed,614.0,19500.0,0,High School,0
40,Female,29200.0,Employed,759.0,11000.0,0,High School,1
51,Male,21500.0,Employed,661.0,16800.0,0,High School,1
43,Male,79600.0,Employed,797.0,17800.0,0,Bachelor,1
33,Male,32900.0,Self-Employed,850.0,59100.0,0,Bachelor,0
37,Female,46600.0,Employed,718.0,16100.0,0,Master,1
24,Female,33800.0,Employed,564.0,20200.0,0,Bachelor,1
34,Male,49800.0,Employed,727.0,12600.0,1,High School,1
40,Male,57500.0,Employed,712.0,63900.0,0,Bachelor,1
33,Female,128600.0,Unemployed,575.0,46300.0,2,Bachelor,0
23,Male,32000.0,Self-Employed,624.0,5600.0,0,Bachelor,1
46,Male,67600.0,Employed,643.0,30100.0,0,Bachelor,1
46,Female,46100.0,Employed,710.0,23600.0,0,Master,1
38,Female,30100.0,Employed,602.0,11300.0,0,High School,1
52,Female,31200.0,Employed,592.0,9900.0,0,Bachelor,1
34,Female,50800.0,Employed,580.0,5300.0,0,Master,1
67,Female,34600.0,Employed,521.0,26500.0,0,Master,1
23,Male,42300.0,Self-Employed,733.0,8000.0,1,High School,1
21,Female,56000.0,Employed,687.0,21700.0,0,Master,1
46,Male,139800.0,Employed,747.0,9400.0,0,High School,1
44,Female,40800.0,Employed,619.0,8800.0,0,Master,1
55,Male,22800.0,Unemployed,617.0,18600.0,0,High School,0
34,Female,49000.0,Retired,709.0,38200.0,3,High School,0
23,Male,31500.0,Self-Employed,756.0,11400.0,0,High School,1
33,Male,103400.0,Employed,764.0,17400.0,0,Bachelor,1
67,Male,31300.0,Employed,585.0,19200.0,0,Bachelor,1
34,Male,40500.0,Self-Employed,760.0,17200.0,0,Bachelor,1
41,Female,54800.0,Unemployed,808.0,21700.0,0,Bachelor,1
46,Female,51300.0,Employed,716.0,18200.0,0,Bachelor,1
23,Male,80400.0,Employed,778.0,6300.0,2,PhD,1
60,Male,56000.0,Employed,724.0,39500.0,1,High School,1
24,Male,129500.0,Self-Employed,585.0,22900.0,0,High School,1
56,Male,50200.0,Employed,759.0,15900.0,0,Bachelor,1
63,Male,76800.0,Employed,713.0,9900.0,0,Bachelor,1
21,Female,31700.0,Retired,593.0,14500.0,0,High School,1
60,Male,107700.0,Self-Employed,632.0,30500.0,0,Master,1
67,Male,33700.0,Employed,715.0,8100.0,0,High School,1
53,Male,84400.0,Employed,850.0,10900.0,0,Bachelor,1
27,Male,62700.0,Employed,833.0,17100.0,1,High School,1
31,Male,41500.0,Employed,510.0,6900.0,0,Master,1
47,Female,84800.0,Employed,680.0,10100.0,0,High School,1
34,Male,39900.0,Employed,807.0,15300.0,0,Bachelor,1
42,Male,79600.0,Employed,646.0,4100.0,0,Master,1
36,Male,48500.0,Employed,637.0,15600.0,1,High School,1
66,Male,33200.0,Retired,634.0,8200.0,0,High School,1
32,Male,47100.0,Self-Employed,752.0,36700.0,0,Bachelor,1
66,Female,40800.0,Employed,713.0,12900.0,0,Bachelor,1
30,Female,32200.0,Unemployed,725.0,28100.0,0,Bachelor,0
44,Female,45100.0,Employed,663.0,22700.0,0,Bachelor,1
66,Male,49100.0,Self-Employed,829.0,11200.0,0,Master,1
38,Male,18000.0,Employed,653.0,22300.0,0,Bachelor,1
42,Female,51600.0,Self-Employed,755.0,50000.0,3,High School,0
29,Female,58100.0,Employed,504.0,18600.0,0,Master,1
37,Female,82900.0,Employed,677.0,14600.0,0,High School,1
58,Male,21600.0,Self-Employed,640.0,22700.0,0,Bachelor,1
60,Male,24100.0,Employed,689.0,24100.0,4,High School,0
33,Male,44600.0,Employed,542.0,14400.0,2,Bachelor,0
57,Female,28100.0,Employed,819.0,3200.0,0,Bachelor,1
26,Female,22100.0,Employed,694.0,10600.0,3,Bachelor,0
41,Female,32600.0,Employed,850.0,8200.0,0,Bachelor,1
56,Male,33500.0,Employed,747.0,17800.0,4,Master,0
27,Female,24200.0,Employed,703.0,36500.0,1,Master,0
56,Male,24100.0,Employed,681.0,24200.0,0,Bachelor,1
45,Male,37800.0,Unemployed,736.0,13400.0,1,Bachelor,0
31,Male,19500.0,Employed,744.0,21100.0,0,High School,1
64,Female,19300.0,Employed,723.0,17800.0,0,Bachelor,1
34,Male,41600.0,Employed,850.0,24600.0,1,High School,1
65,Male,85200.0,Self-Employed,778.0,25500.0,0,Bachelor,1
49,Female,57900.0,Self-Employed,626.0,39400.0,4,Bachelor,0
30,Male,74000.0,Employed,613.0,16600.0,0,High School,1
25,Male,18000.0,Unemployed,718.0,6100.0,0,High School,1
28,Male,19800.0,Self-Employed,696.0,8100.0,2,Master,0
66,Male,40300.0,Self-Employed,704.0,18200.0,0,Bachelor,1
25,Female,61000.0,Employed,542.0,15300.0,0,Bachelor,1
44,Male,55200.0,Employed,756.0,27800.0,0,Bachelor,1
60,Male,20500.0,Employed,648.0,33600.0,1,Bachelor,0
46,Female,70800.0,Employed,850.0,18400.0,0,Master,1
26,Female,38500.0,Employed,700.0,8500.0,2,High School,0
36,Female,59200.0,Employed,671.0,25300.0,3,Master,0
56,Male,29700.0,Self-Employed,722.0,21300.0,0,Bachelor,1
32,Male,18500.0,Employed,624.0,26400.0,0,Master,0
31,Female,61300.0,Employed,822.0,11700.0,0,Master,1
23,Female,50800.0,Unemployed,850.0,107800.0,0,Bachelor,0
64,Female,21500.0,Employed,742.0,6300.0,0,Master,1
57,Female,28700.0,Employed,737.0,19100.0,0,Bachelor,1
26,Female,56600.0,Employed,630.0,27700.0,1,High School,0
39,Male,44500.0,Retired,679.0,29600.0,4,PhD,0
38,Male,51600.0,Unemployed,726.0,18100.0,0,High School,1
36,Female,30900.0,Employed,582.0,26200.0,0,Bachelor,1
43,Male,81800.0,Unemployed,814.0,31000.0,0,Bachelor,1
63,Male,38000.0,Employed,550.0,19200.0,1,Bachelor,0
57,Female,18000.0,Employed,504.0,20700.0,0,Master,0
29,Female,42300.0,Employed,828.0,26500.0,0,High School,1
23,Male,54300.0,Employed,746.0,18300.0,0,Bachelor,1
28,Male,46600.0,Employed,600.0,40100.0,0,Bachelor,1
58,Male,32400.0,Employed,693.0,32800.0,0,Master,1
24,Female,18000.0,Employed,700.0,15000.0,0,High School,1
32,Female,29000.0,Employed,689.0,11700.0,0,High School,1
64,Male,30400.0,Employed,592.0,28700.0,0,High School,1
51,Male,28900.0,Self-Employed,707.0,19000.0,0,Bachelor,1
45,Female,54500.0,Employed,779.0,12600.0,0,High School,1
36,Male,34000.0,Employed,533.0,13500.0,1,Bachelor,0
62,Female,80100.0,Employed,639.0,26600.0,0,Bachelor,1
34,Female,35900.0,Unemployed,581.0,13600.0,0,High School,0
33,Male,73700.0,Employed,615.0,42900.0,0,Master,1
61,Female,44700.0,Employed,712.0,9900.0,0,High School,1
27,Male,45800.0,Employed,570.0,13400.0,0,Master,1
32,Male,28500.0,Employed,828.0,10300.0,0,Master,1
57,Female,20400.0,Employed,686.0,8700.0,0,Bachelor,1
24,Male,38700.0,Employed,647.0,11200.0,0,Bachelor,1
22,Female,93300.0,Self-Employed,519.0,13300.0,1,Bachelor,0
55,Female,31900.0,Employed,692.0,14000.0,0,Bachelor,1
64,Male,29500.0,Self-Employed,685.0,4900.0,0,Bachelor,1
23,Male,36800.0,Employed,567.0,8800.0,0,Master,1
24,Male,97200.0,Employed,596.0,20100.0,0,High School,1
58,Male,59500.0,Employed,826.0,11800.0,0,Master,1
32,Male,73700.0,Employed,647.0,33700.0,0,High School,1
39,Male,18000.0,Employed,684.0,15600.0,0,Bachelor,1
30,Male,26600.0,Self-Employed,727.0,25700.0,0,High School,1
21,Female,27000.0,Self-Employed,667.0,14400.0,1,Master,0
37,Female,70800.0,Self-Employed,795.0,31200.0,2,Bachelor,0
36,Female,55800.0,Employed,618.0,4400.0,0,Bachelor,1
29,Male,68000.0,Employed,644.0,19200.0,0,High School,1
29,Male,18000.0,Self-Employed,645.0,45200.0,0,Bachelor,0
29,Female,69900.0,Employed,613.0,7500.0,1,High School,1
32,Male,55800.0,Self-Employed,605.0,28300.0,0,High School,1
61,Male,25300.0,Self-Employed,683.0,22800.0,0,High School,1
35,Female,36400.0,Self-Employed,795.0,7700.0,2,Master,0
22,Female,25700.0,Employed,580.0,22200.0,0,Bachelor,0
31,Female,38200.0,Unemployed,664.0,22100.0,0,Bachelor,0
31,Male,50200.0,Employed,745.0,17100.0,0,Bachelor,1
28,Female,81000.0,Employed,848.0,35800.0,0,Bachelor,1
52,Female,25100.0,Employed,760.0,32900.0,0,Bachelor,1
26,Female,31700.0,Employed,662.0,29400.0,1,Bachelor,0
40,Female,23100.0,Employed,632.0,41800.0,3,High School,0
59,Female,58900.0,Unemployed,776.0,11100.0,0,Bachelor,1
55,Male,18300.0,Employed,755.0,13200.0,0,Master,1
28,Male,43800.0,Employed,681.0,12100.0,0,PhD,1
63,Female,21700.0,Employed,662.0,13300.0,1,Bachelor,0
54,Female,41100.0,Employed,850.0,13400.0,0,High School,1
39,Female,71500.0,Employed,838.0,16600.0,0,Bachelor,1
27,Male,31100.0,Retired,713.0,14300.0,0,High School,1
51,Male,44800.0,Employed,698.0,9400.0,0,High School,1
38,Female,25700.0,Self-Employed,582.0,29000.0,1,High School,0
60,Female,37900.0,Self-Employed,684.0,10700.0,0,High School,1
34,Female,18400.0,Employed,783.0,46400.0,0,High School,0
59,Female,57200.0,Employed,516.0,29300.0,0,Bachelor,1
56,Female,32600.0,Employed,731.0,8900.0,0,High School,1
37,Female,36200.0,Retired,738.0,17800.0,0,High School,1
57,Female,41500.0,Employed,739.0,7700.0,1,High School,1
64,Female,18000.0,Employed,624.0,38700.0,0,Bachelor,0
29,Female,28400.0,Retired,653.0,18100.0,0,Bachelor,1
40,Male,42900.0,Self-Employed,627.0,17700.0,0,Bachelor,1
65,Male,37100.0,Employed,849.0,20600.0,0,PhD,1
48,Female,119200.0,Retired,812.0,16300.0,0,Master,1
40,Male,75300.0,Employed,712.0,12100.0,0,Bachelor,1
61,Male,43000.0,Self-Employed,683.0,17000.0,1,Master,1
56,Male,24100.0,Employed,679.0,38300.0,3,High School,0
47,Male,31300.0,Employed,653.0,12900.0,0,High School,1
28,Male,55800.0,Employed,520.0,41600.0,0,Bachelor,1
52,Male,41700.0,Employed,683.0,13600.0,1,High School,1
21,Female,76000.0,Employed,850.0,20100.0,0,Bachelor,1
37,Male,41500.0,Employed,705.0,58500.0,1,Bachelor,0
29,Male,42500.0,Employed,627.0,25300.0,1,High School,0
40,Male,90400.0,Employed,702.0,22300.0,0,High School,1
65,Female,23200.0,Self-Employed,661.0,26700.0,0,Bachelor,0
52,Male,95500.0,Employed,595.0,32800.0,0,High School,1
22,Female,59000.0,Employed,585.0,10900.0,0,Bachelor,1
52,Female,202300.0,Self-Employed,683.0,24300.0,0,Master,1
65,Female,28300.0,Employed,556.0,21100.0,0,Bachelor,1
29,Male,90600.0,Unemployed,681.0,4900.0,1,Bachelor,0
50,Female,42900.0,Self-Employed,673.0,20900.0,3,Bachelor,0
40,Male,36600.0,Employed,741.0,10000.0,0,Bachelor,1
58,Female,46700.0,Retired,666.0,19300.0,0,Bachelor,1
21,Female,42700.0,Employed,591.0,32600.0,0,Bachelor,1
25,Male,27200.0,Employed,693.0,10300.0,1,Master,1
55,Male,37600.0,Employed,769.0,16800.0,1,PhD,1
56,Male,46800.0,Employed,635.0,14000.0,0,Bachelor,1
21,Female,32400.0,Employed,817.0,35800.0,0,Bachelor,1
34,Male,52600.0,Self-Employed,690.0,13000.0,0,Bachelor,1
29,Female,34600.0,Employed,650.0,20500.0,0,High School,1
50,Male,50500.0,Retired,627.0,26300.0,0,PhD,1
44,Female,47500.0,Self-Employed,697.0,28400.0,0,High School,1
24,Female,50300.0,Self-Employed,672.0,10100.0,0,High School,1
34,Female,20400.0,Employed,571.0,15500.0,0,Bachelor,1
45,Female,69500.0,Employed,815.0,47100.0,0,Bachelor,1
24,Male,26000.0,Self-Employed,651.0,17900.0,1,Bachelor,0
45,Male,36600.0,Self-Employed,815.0,33500.0,0,Bachelor,1
30,Female,29100.0,Unemployed,587.0,62000.0,0,Master,0
55,Male,41600.0,Unemployed,762.0,17300.0,0,Bachelor,1
27,Male,38000.0,Employed,795.0,29700.0,1,Bachelor,1
62,Male,55600.0,Unemployed,788.0,32000.0,1,Bachelor,0
33,Male,41000.0,Employed,714.0,8000.0,3,Bachelor,0
24,Male,33000.0,Employed,765.0,23000.0,0,Bachelor,1
63,Female,18000.0,Employed,720.0,44400.0,1,Bachelor,0
56,Male,62500.0,Unemployed,592.0,7000.0,0,High School,1
34,Female,52000.0,Unemployed,715.0,16800.0,0,Bachelor,1
38,Male,63700.0,Employed,587.0,19300.0,0,Bachelor,1
28,Female,36600.0,Employed,576.0,17000.0,0,Bachelor,1
52,Male,48000.0,Retired,704.0,16000.0,0,Bachelor,1
47,Female,28900.0,Employed,630.0,9300.0,0,Master,1
62,Female,27700.0,Employed,815.0,22700.0,0,Bachelor,1
57,Male,34800.0,Employed,823.0,11500.0,3,High School,0
43,Female,63600.0,Employed,850.0,11700.0,0,High School,1
27,Female,35000.0,Retired,564.0,5800.0,0,High School,1
32,Female,39100.0,Employed,584.0,7700.0,1,High School,0
45,Female,45300.0,Employed,754.0,43800.0,0,Bachelor,1
23,Male,40600.0,Employed,653.0,18900.0,0,Bachelor,1
46,Female,66600.0,Employed,619.0,28100.0,0,Master,1
24,Male,27600.0,Employed,647.0,10600.0,0,Bachelor,1
62,Male,42200.0,Unemployed,674.0,5600.0,0,Bachelor,1
56,Female,50900.0,Self-Employed,736.0,12200.0,1,Bachelor,1
35,Male,18000.0,Retired,526.0,5700.0,0,Bachelor,1
52,Female,45800.0,Unemployed,715.0,11800.0,2,High School,0
49,Female,78500.0,Employed,664.0,36000.0,0,Master,1
30,Female,33700.0,Employed,613.0,17000.0,1,High School,0
41,Female,23300.0,Employed,798.0,43000.0,0,Master,0
36,Male,50700.0,Employed,643.0,25400.0,0,Bachelor,1
67,Male,43900.0,Employed,651.0,34200.0,0,High School,1
39,Male,85900.0,Employed,656.0,15600.0,0,Bachelor,1
49,Male,50000.0,Employed,813.0,7800.0,0,Bachelor,1
38,Male,25000.0,Employed,689.0,9800.0,0,High School,1
64,Male,24500.0,Employed,674.0,37600.0,0,Bachelor,0
36,Female,61700.0,Employed,755.0,20100.0,0,High School,1
21,Female,48000.0,Employed,490.0,7900.0,0,Bachelor,1
22,Male,39000.0,Employed,697.0,26600.0,1,Bachelor,0
35,Female,43700.0,Employed,699.0,7100.0,1,Bachelor,1
59,Male,50100.0,Employed,750.0,23800.0,0,High School,1
48,Male,48400.0,Unemployed,705.0,15400.0,0,Master,1
21,Female,18900.0,Employed,584.0,27300.0,0,Bachelor,0
25,Female,73700.0,Employed,539.0,15400.0,1,Bachelor,0
62,Female,76300.0,Employed,734.0,27900.0,0,Bachelor,1
42,Male,99200.0,Employed,638.0,7200.0,0,Master,1
56,Female,89000.0,Employed,652.0,22000.0,1,Bachelor,1
66,Female,81700.0,Employed,607.0,13800.0,1,High School,1
33,Female,34800.0,Employed,681.0,22600.0,1,Bachelor,0
21,Female,46700.0,Employed,674.0,15000.0,0,Bachelor,1
36,Female,71900.0,Employed,576.0,10500.0,0,High School,1
61,Female,18000.0,Employed,746.0,16900.0,0,Bachelor,1
42,Female,36000.0,Employed,619.0,37900.0,2,Master,0
52,Female,18000.0,Self-Employed,801.0,12600.0,0,Bachelor,1
36,Female,46200.0,Employed,698.0,20300.0,1,Bachelor,0
35,Male,75600.0,Employed,673.0,12000.0,3,Bachelor,0
66,Female,40500.0,Employed,552.0,5500.0,0,High School,1
62,Male,30200.0,Employed,726.0,18900.0,1,Bachelor,0
32,Male,46200.0,Employed,677.0,120000.0,0,Master,0
21,Female,49300.0,Employed,695.0,8100.0,0,High School,1
37,Female,51100.0,Employed,792.0,32100.0,0,High School,1
61,Female,21900.0,Employed,754.0,4300.0,0,High School,1
48,Male,45300.0,Employed,775.0,17400.0,0,Master,1
27,Female,44000.0,Employed,475.0,7800.0,0,Bachelor,1
29,Male,64500.0,Employed,662.0,23400.0,0,High School,1
42,Female,38600.0,Employed,545.0,12900.0,0,Bachelor,1
46,Female,107700.0,Employed,720.0,12700.0,0,Bachelor,1
32,Female,41800.0,Employed,520.0,9100.0,0,PhD,1
27,Female,31600.0,Employed,770.0,5000.0,3,Bachelor,0
66,Female,24300.0,Employed,813.0,15100.0,0,Bachelor,1
67,Female,31000.0,Self-Employed,664.0,11800.0,0,High School,1
35,Male,26900.0,Employed,709.0,14000.0,0,High School,1
58,Male,37100.0,Self-Employed,812.0,14700.0,0,Bachelor,1
41,Female,93300.0,Employed,850.0,10900.0,0,Bachelor,1
34,Female,19300.0,Employed,823.0,19400.0,0,Bachelor,1
22,Male,20000.0,Employed,726.0,15800.0,0,Bachelor,1
28,Female,35700.0,Unemployed,817.0,29600.0,0,Master,0
65,Male,20300.0,Self-Employed,598.0,75200.0,0,Bachelor,0
26,Male,24600.0,Employed,622.0,20700.0,2,High School,0
57,Female,47600.0,Employed,760.0,35000.0,0,High School,1
57,Female,39100.0,Employed,682.0,19400.0,0,High School,1
53,Female,50000.0,Unemployed,737.0,23800.0,0,Master,1
61,Male,53900.0,Employed,758.0,14800.0,2,Bachelor,0
26,Male,78500.0,Employed,759.0,17000.0,0,Bachelor,1
46,Female,48500.0,Employed,523.0,11200.0,2,High School,0
59,Female,73300.0,Employed,738.0,42200.0,1,Bachelor,1
61,Male,42300.0,Employed,626.0,32200.0,0,Bachelor,1
57,Female,48800.0,Employed,702.0,21000.0,0,High School,1
34,Male,48500.0,Employed,642.0,9700.0,0,Bachelor,1
57,Female,46300.0,Employed,644.0,16200.0,0,High School,1
28,Female,44500.0,Employed,627.0,32200.0,0,High School,1
59,Male,99800.0,Employed,745.0,78200.0,0,High School,1
33,Male,56900.0,Employed,666.0,18900.0,0,Master,1
33,Female,32100.0,Unemployed,659.0,37600.0,0,High School,0
60,Female,129500.0,Employed,652.0,20000.0,0,Bachelor,1
63,Female,33200.0,Employed,730.0,38800.0,4,High School,0
48,Female,40000.0,Self-Employed,607.0,5100.0,0,Bachelor,1
38,Female,26500.0,Self-Employed,815.0,10800.0,0,High School,1
39,Female,57400.0,Self-Employed,624.0,21800.0,0,Master,1
58,Female,93400.0,Employed,643.0,8700.0,0,Bachelor,1
52,Male,19000.0,Employed,682.0,23300.0,0,Master,1
42,Male,34900.0,Employed,720.0,18500.0,0,Bachelor,1
22,Male,70100.0,Employed,664.0,6900.0,0,Bachelor,1
33,Female,23600.0,Employed,660.0,6200.0,0,Bachelor,1
43,Male,53500.0,Employed,772.0,22000.0,0,High School,1
45,Female,20900.0,Employed,487.0,9100.0,0,Master,1
48,Female,49200.0,Employed,631.0,13700.0,0,High School,1
31,Female,41700.0,Employed,610.0,26300.0,0,High School,1
53,Male,210800.0,Employed,646.0,17200.0,0,Bachelor,1
44,Male,58200.0,Employed,798.0,14000.0,0,High School,1
22,Male,18000.0,Employed,622.0,7300.0,0,High School,1
50,Male,38700.0,Employed,672.0,44400.0,1,Bachelor,0
37,Male,60600.0,Self-Employed,727.0,29200.0,1,High School,1
60,Female,32600.0,Employed,613.0,12300.0,0,High School,1
54,Female,31900.0,Self-Employed,486.0,10500.0,1,Bachelor,0
58,Female,32700.0,Employed,463.0,12900.0,0,High School,1
42,Female,52800.0,Employed,793.0,10000.0,0,Bachelor,1
25,Male,21400.0,Employed,719.0,15100.0,4,Bachelor,0
60,Female,30300.0,Employed,652.0,35200.0,0,Bachelor,0
36,Female,67300.0,Employed,651.0,33100.0,0,Bachelor,1
33,Male,31500.0,Employed,608.0,33000.0,1,High School,0
46,Female,30500.0,Employed,694.0,8300.0,0,Master,1
51,Male,20200.0,Employed,741.0,9700.0,0,Master,1
59,Female,55400.0,Employed,604.0,32100.0,0,Bachelor,1
43,Female,49600.0,Employed,702.0,23600.0,0,Bachelor,1
32,Male,65300.0,Employed,607.0,13900.0,0,Master,1
34,Female,37900.0,Self-Employed,672.0,27600.0,0,Bachelor,1
38,Female,47000.0,Self-Employed,632.0,24400.0,0,Bachelor,1
47,Female,46800.0,Retired,757.0,7200.0,0,Bachelor,1
48,Male,19700.0,Employed,681.0,4700.0,0,High School,1
38,Female,130200.0,Self-Employed,582.0,17900.0,0,Bachelor,1
36,Male,65400.0,Self-Employed,673.0,4900.0,0,High School,1
36,Male,41800.0,Employed,764.0,34800.0,0,High School,1
33,Male,35900.0,Employed,577.0,24500.0,0,Master,1
49,Female,77800.0,Retired,657.0,14500.0,0,Bachelor,1
29,Female,42100.0,Retired,646.0,8600.0,1,Bachelor,0
46,Female,63400.0,Employed,698.0,10300.0,1,High School,1
48,Female,30100.0,Employed,662.0,3000.0,2,High School,0
61,Male,25900.0,Self-Employed,711.0,41600.0,1,Bachelor,0
33,Male,37000.0,Employed,619.0,20300.0,0,Bachelor,1
56,Male,40300.0,Employed,665.0,16200.0,0,Bachelor,1
29,Male,49600.0,Retired,663.0,54200.0,0,Master,1
67,Male,83600.0,Self-Employed,832.0,10200.0,3,Master,0
34,Male,70000.0,Unemployed,707.0,16000.0,0,PhD,1
32,Male,77600.0,Employed,752.0,11900.0,0,Bachelor,1
52,Male,27800.0,Employed,837.0,62800.0,0,High School,0
58,Male,34600.0,Retired,701.0,15200.0,0,Master,1
23,Male,65100.0,Employed,661.0,20200.0,0,PhD,1
36,Female,73700.0,Self-Employed,596.0,47700.0,0,Bachelor,1
40,Female,58200.0,Employed,575.0,34600.0,0,High School,1
52,Female,30300.0,Employed,497.0,6800.0,3,High School,0
43,Male,23800.0,Employed,755.0,14900.0,0,Bachelor,1
37,Male,45100.0,Employed,719.0,17300.0,0,Bachelor,1
36,Female,25700.0,Employed,660.0,19900.0,2,High School,0
58,Male,50500.0,Employed,658.0,21800.0,1,Master,1
28,Male,75000.0,Employed,595.0,10500.0,0,Bachelor,1
39,Male,44100.0,Employed,722.0,45100.0,0,Bachelor,1
50,Male,20900.0,Self-Employed,629.0,23600.0,1,Bachelor,0
54,Male,31100.0,Employed,658.0,26600.0,0,Bachelor,1
34,Male,61800.0,Employed,586.0,41100.0,0,Master,1
42,Female,50900.0,Employed,600.0,21300.0,1,High School,0
64,Male,52900.0,Employed,759.0,15900.0,1,Bachelor,1
37,Male,97200.0,Employed,775.0,14500.0,0,Bachelor,1
35,Female,47800.0,Employed,575.0,15800.0,0,High School,1
52,Male,47000.0,Employed,731.0,16400.0,0,Bachelor,1
33,Male,61600.0,Employed,617.0,5700.0,3,High School,0
41,Female,22300.0,Employed,638.0,12400.0,0,Master,1
60,Male,32100.0,Unemployed,782.0,9400.0,0,Master,1
53,Male,27700.0,Unemployed,656.0,5300.0,0,Master,1
47,Male,55700.0,Employed,655.0,19800.0,1,Master,1
55,Male,25300.0,Employed,540.0,23500.0,0,Master,1
36,Female,53200.0,Unemployed,651.0,10800.0,1,Bachelor,0
48,Female,36000.0,Employed,627.0,15200.0,1,Master,0
54,Male,33600.0,Employed,719.0,25300.0,0,High School,1
67,Female,63300.0,Employed,634.0,15000.0,0,High School,1
21,Male,20600.0,Retired,784.0,16600.0,0,High School,1
61,Male,31400.0,Self-Employed,714.0,15600.0,0,High School,1
51,Female,173600.0,Employed,697.0,25900.0,0,High School,1
56,Male,101200.0,Employed,740.0,17900.0,0,Bachelor,1
64,Male,18000.0,Retired,697.0,14800.0,0,Bachelor,1
53,Male,31100.0,Employed,742.0,13600.0,1,Bachelor,1
53,Male,41400.0,Employed,667.0,10900.0,0,Bachelor,1
59,Male,19800.0,Employed,673.0,25800.0,0,Master,1
38,Female,110100.0,Self-Employed,612.0,25300.0,0,PhD,1
43,Male,40700.0,Employed,619.0,18000.0,0,Bachelor,1
43,Male,36600.0,Self-Employed,791.0,31700.0,1,High School,0
35,Male,48600.0,Employed,720.0,18200.0,0,Bachelor,1
46,Female,48200.0,Employed,549.0,21900.0,3,Bachelor,0
50,Female,26200.0,Employed,770.0,12800.0,0,High School,1
45,Female,77500.0,Self-Employed,691.0,37000.0,3,High School,0
65,Female,43500.0,Employed,613.0,19900.0,3,High School,0
36,Female,77200.0,Employed,832.0,22700.0,0,Bachelor,1
59,Male,30100.0,Employed,787.0,18800.0,0,Bachelor,1
65,Female,18000.0,Employed,744.0,19000.0,0,Bachelor,1
34,Female,82300.0,Self-Employed,694.0,21100.0,2,Master,0
37,Female,58100.0,Employed,709.0,5300.0,1,Master,1
32,Female,72000.0,Employed,496.0,23300.0,0,Bachelor,1
49,Male,74200.0,Employed,744.0,11800.0,0,Bachelor,1
52,Male,40500.0,Employed,695.0,15700.0,1,High School,1
44,Male,33400.0,Unemployed,701.0,12200.0,0,Bachelor,1
33,Female,38300.0,Employed,699.0,29700.0,0,Bachelor,1
40,Male,52900.0,Employed,640.0,11200.0,0,High School,1
35,Male,46100.0,Employed,599.0,15100.0,1,High School,1
24,Female,18000.0,Employed,688.0,12200.0,1,Master,0
54,Male,37800.0,Employed,567.0,11600.0,0,High School,1
48,Female,81400.0,Employed,704.0,11600.0,0,Master,1
22,Male,40100.0,Unemployed,593.0,8600.0,0,High School,1
67,Male,122100.0,Employed,762.0,12900.0,0,Bachelor,1
50,Male,24800.0,Employed,559.0,20200.0,0,Bachelor,1
46,Female,47800.0,Employed,676.0,10400.0,0,High School,1
67,Male,24500.0,Employed,686.0,19400.0,1,Bachelor,0
46,Male,26200.0,Employed,784.0,24800.0,0,Bachelor,1
40,Female,26300.0,Employed,702.0,16600.0,0,Master,1
62,Male,121200.0,Employed,611.0,8800.0,0,Master,1
48,Female,35400.0,Employed,604.0,6300.0,0,Bachelor,1
40,Female,28200.0,Self-Employed,803.0,29300.0,0,High School,1
31,Male,40100.0,Employed,677.0,45500.0,0,High School,1
30,Female,35900.0,Retired,663.0,42000.0,0,High School,0
43,Male,60200.0,Employed,621.0,21600.0,0,Master,1
57,Female,18000.0,Employed,577.0,21700.0,0,Bachelor,0
61,Male,24900.0,Employed,842.0,15800.0,0,High School,1
39,Female,61300.0,Employed,685.0,15700.0,0,Bachelor,1
65,Male,31400.0,Employed,586.0,11700.0,0,PhD,1
38,Female,27500.0,Employed,743.0,10900.0,0,Bachelor,1
47,Male,26900.0,Employed,731.0,5900.0,0,Master,1
26,Male,57600.0,Employed,574.0,27400.0,0,Master,1
30,Male,56400.0,Employed,630.0,25100.0,0,Bachelor,1
22,Male,64800.0,Employed,719.0,14400.0,0,Master,1
44,Female,22400.0,Employed,742.0,38300.0,0,Bachelor,0
58,Male,21800.0,Employed,615.0,68900.0,0,Bachelor,0
48,Female,70900.0,Unemployed,521.0,7400.0,0,Bachelor,0
48,Female,44500.0,Self-Employed,701.0,25300.0,0,High School,1
65,Female,29600.0,Employed,753.0,17800.0,0,Bachelor,1
59,Male,37100.0,Employed,675.0,47400.0,0,PhD,1
22,Male,21700.0,Employed,654.0,13200.0,1,Master,0
66,Female,30800.0,Self-Employed,815.0,34100.0,1,Master,0
25,Male,43500.0,Self-Employed,509.0,27300.0,1,PhD,0
31,Male,47900.0,Employed,742.0,36000.0,0,Bachelor,1
30,Female,38400.0,Self-Employed,747.0,11700.0,0,High School,1
63,Female,36500.0,Employed,614.0,14300.0,0,Bachelor,1
22,Female,57900.0,Self-Employed,483.0,24700.0,0,High School,1
35,Male,38200.0,Employed,744.0,35600.0,0,High School,1
59,Female,32100.0,Employed,707.0,20600.0,1,High School,0
61,Male,27400.0,Self-Employed,801.0,5800.0,0,High School,1
57,Male,18000.0,Employed,632.0,36700.0,1,Bachelor,0
27,Female,55500.0,Retired,695.0,39200.0,0,Master,1
40,Male,83400.0,Employed,537.0,13000.0,0,Bachelor,1
54,Male,26500.0,Employed,741.0,30000.0,0,High School,1
55,Male,21300.0,Self-Employed,550.0,24200.0,0,Master,0
54,Female,29400.0,Employed,677.0,10600.0,0,Master,1
42,Female,46400.0,Employed,592.0,30700.0,0,High School,1
51,Female,31200.0,Employed,709.0,17600.0,0,Bachelor,1
43,Female,30900.0,Retired,664.0,8000.0,2,Bachelor,0
39,Male,38500.0,Self-Employed,661.0,30900.0,1,Bachelor,0
24,Male,42200.0,Employed,675.0,64100.0,1,Master,0
44,Male,48200.0,Employed,683.0,4500.0,3,Bachelor,0
40,Male,34600.0,Employed,799.0,21700.0,0,High School,1
59,Male,34300.0,Employed,720.0,21200.0,1,Bachelor,0
48,Female,18000.0,Retired,622.0,9000.0,0,Bachelor,1
59,Male,64100.0,Employed,629.0,33400.0,0,PhD,1
37,Male,45500.0,Employed,766.0,9400.0,0,Bachelor,1
39,Male,85400.0,Employed,589.0,19000.0,0,Master,1
55,Male,51800.0,Retired,681.0,11500.0,1,Bachelor,1
52,Female,38700.0,Employed,536.0,9700.0,0,Bachelor,1
67,Male,19100.0,Retired,670.0,22500.0,1,Bachelor,0
66,Male,18000.0,Employed,586.0,11800.0,2,Master,0
67,Female,67800.0,Self-Employed,625.0,38900.0,0,Bachelor,1
66,Male,53100.0,Employed,696.0,18300.0,0,High School,1
59,Male,83500.0,Employed,731.0,30200.0,0,High School,1
55,Male,63900.0,Employed,619.0,29100.0,0,High School,1
50,Female,33300.0,Employed,775.0,36800.0,0,Bachelor,1
37,Female,18000.0,Employed,579.0,15100.0,1,Bachelor,0
62,Female,54300.0,Unemployed,747.0,16800.0,0,Master,1
67,Male,24100.0,Employed,645.0,10600.0,0,PhD,1
49,Female,36600.0,Retired,761.0,19600.0,0,Master,1
26,Male,49300.0,Employed,644.0,11200.0,1,High School,1
37,Male,29300.0,Employed,621.0,35600.0,0,Master,1
37,Male,26600.0,Unemployed,732.0,10400.0,1,High School,0
34,Male,34400.0,Self-Employed,718.0,13900.0,0,Bachelor,1
44,Male,18000.0,Employed,634.0,25000.0,0,High School,0
57,Female,23900.0,Employed,726.0,24400.0,0,High School,1
60,Female,23800.0,Self-Employed,669.0,9100.0,0,High School,1
59,Male,35700.0,Self-Employed,693.0,12600.0,0,Bachelor,1
52,Male,25000.0,Self-Employed,709.0,15000.0,2,High School,0
56,Male,31000.0,Self-Employed,560.0,16300.0,1,High School,0
57,Male,32100.0,Employed,680.0,20300.0,0,Bachelor,1
34,Female,116300.0,Self-Employed,556.0,28400.0,0,Bachelor,1
47,Male,59000.0,Employed,591.0,16600.0,1,High School,1
39,Female,37800.0,Employed,671.0,19100.0,2,Bachelor,0
51,Male,50200.0,Employed,763.0,11300.0,0,Bachelor,1
66,Male,63600.0,Employed,660.0,44400.0,0,High School,1
29,Male,46300.0,Employed,650.0,23100.0,0,PhD,1
58,Male,23900.0,Employed,642.0,15200.0,0,Master,1
37,Male,37500.0,Employed,713.0,37700.0,0,High School,1
39,Female,24600.0,Employed,585.0,22500.0,1,Bachelor,0
64,Male,34000.0,Employed,561.0,20600.0,0,Bachelor,1
24,Female,37100.0,Employed,795.0,18100.0,0,Bachelor,1
31,Male,67900.0,Employed,715.0,33200.0,0,Bachelor,1
42,Male,27000.0,Self-Employed,620.0,47500.0,2,Bachelor,0
24,Male,25900.0,Employed,625.0,32800.0,2,Master,0
37,Female,28000.0,Employed,633.0,18400.0,1,High School,0
28,Male,29600.0,Retired,569.0,40300.0,1,Bachelor,0
66,Female,34200.0,Employed,653.0,15400.0,0,PhD,1
54,Male,47300.0,Employed,682.0,10600.0,0,Master,1
31,Female,27100.0,Employed,795.0,29300.0,0,Bachelor,1
51,Male,42500.0,Self-Employed,689.0,42800.0,0,High School,1
31,Female,42800.0,Self-Employed,743.0,18000.0,2,Bachelor,0
58,Female,52900.0,Employed,655.0,48500.0,1,Bachelor,0
41,Female,36100.0,Self-Employed,641.0,7600.0,0,Bachelor,1
66,Male,60800.0,Self-Employed,679.0,17100.0,0,High School,1
50,Male,48300.0,Employed,753.0,10800.0,0,Bachelor,1
30,Male,47200.0,Employed,629.0,10700.0,0,Master,1
46,Female,30500.0,Self-Employed,699.0,17700.0,0,Bachelor,1
47,Female,46000.0,Employed,697.0,50700.0,0,Bachelor,1
28,Female,47900.0,Employed,678.0,39800.0,0,Bachelor,1
59,Male,29800.0,Employed,753.0,41700.0,4,High School,0
28,Male,72900.0,Employed,684.0,23500.0,1,Bachelor,1
28,Male,149000.0,Employed,668.0,15200.0,0,Bachelor,1
54,Female,28900.0,Employed,675.0,22100.0,1,High School,0
36,Female,31700.0,Employed,500.0,7700.0,0,Master,1
61,Female,32100.0,Unemployed,666.0,45600.0,0,High School,0
33,Male,20900.0,Employed,589.0,6200.0,1,High School,0
43,Female,25900.0,Employed,662.0,16700.0,0,Bachelor,1
32,Female,61600.0,Retired,678.0,18000.0,0,High School,1
47,Male,38500.0,Self-Employed,719.0,30000.0,1,High School,0
42,Female,104800.0,Employed,850.0,23500.0,2,Bachelor,0
52,Female,34700.0,Employed,794.0,24400.0,0,Master,1
47,Female,49400.0,Employed,679.0,4400.0,0,Bachelor,1
22,Female,25500.0,Unemployed,727.0,16300.0,2,High School,0
65,Male,38000.0,Employed,646.0,12300.0,3,Bachelor,0
53,Male,41900.0,Employed,696.0,19700.0,0,High School,1
46,Female,18000.0,Self-Employed,698.0,16700.0,0,Bachelor,1
48,Male,26600.0,Employed,597.0,20600.0,2,Bachelor,0
39,Female,55200.0,Self-Employed,641.0,8800.0,0,High School,1
63,Female,53700.0,Employed,536.0,19200.0,0,Bachelor,1
25,Female,21500.0,Employed,665.0,51500.0,0,Master,0
53,Female,33500.0,Employed,677.0,64700.0,0,Bachelor,0
40,Male,18000.0,Employed,674.0,40500.0,0,Master,0
50,Male,40100.0,Self-Employed,595.0,6000.0,0,Bachelor,1
65,Male,75400.0,Self-Employed,673.0,15200.0,0,Bachelor,1
28,Male,77000.0,Self-Employed,694.0,13400.0,0,Master,1
58,Male,75700.0,Employed,719.0,19800.0,0,Bachelor,1
37,Male,52200.0,Employed,703.0,40000.0,0,Bachelor,1
64,Female,71600.0,Employed,653.0,17500.0,0,PhD,1
21,Female,36500.0,Employed,668.0,10400.0,2,Master,0
23,Male,30900.0,Employed,702.0,36200.0,0,Bachelor,1
66,Male,71000.0,Self-Employed,644.0,22500.0,2,Bachelor,0
46,Female,46400.0,Employed,607.0,28700.0,0,Bachelor,1
51,Male,18000.0,Employed,648.0,33100.0,2,High School,0
28,Male,73700.0,Self-Employed,713.0,14700.0,1,High School,1
63,Male,36000.0,Employed,741.0,8900.0,4,Bachelor,0
66,Female,28800.0,Employed,759.0,20500.0,0,Bachelor,1
28,Male,65500.0,Employed,608.0,14700.0,0,Master,1
55,Female,61200.0,Retired,844.0,18800.0,0,Bachelor,1
59,Male,24900.0,Employed,620.0,42200.0,2,Master,0
48,Male,37100.0,Employed,661.0,20300.0,0,Master,1
24,Male,25500.0,Unemployed,781.0,54400.0,2,Bachelor,0
36,Male,25800.0,Unemployed,538.0,21500.0,0,Master,0
33,Female,18000.0,Self-Employed,691.0,15200.0,0,Bachelor,1
40,Female,24200.0,Employed,656.0,8500.0,0,Bachelor,1
25,Female,36800.0,Self-Employed,561.0,20600.0,0,High School,1
57,Female,18000.0,Employed,563.0,10400.0,0,Bachelor,1
40,Female,20200.0,Employed,775.0,24800.0,0,High School,1
44,Female,54400.0,Employed,724.0,16800.0,0,High School,1
56,Female,19800.0,Self-Employed,761.0,16500.0,1,High School,0
54,Male,37100.0,Employed,592.0,19000.0,0,Bachelor,1
65,Male,18000.0,Employed,704.0,20700.0,0,Bachelor,1
54,Male,49300.0,Employed,850.0,17700.0,0,Master,1
39,Female,34100.0,Employed,660.0,65000.0,2,Master,0
37,Male,25400.0,Employed,684.0,11300.0,0,Bachelor,1
25,Male,18000.0,Employed,681.0,33300.0,0,Bachelor,0
45,Female,25700.0,Self-Employed,671.0,38300.0,0,Master,0
38,Female,56000.0,Employed,614.0,9300.0,0,Bachelor,1
28,Female,87100.0,Self-Employed,684.0,18700.0,0,Master,1
47,Male,36000.0,Employed,818.0,22300.0,3,High School,0
35,Female,38200.0,Employed,676.0,20000.0,0,Bachelor,1
65,Male,28600.0,Employed,784.0,19500.0,0,High School,1
33,Male,74200.0,Self-Employed,850.0,26200.0,0,Bachelor,1
36,Male,35600.0,Employed,611.0,5100.0,1,Bachelor,1
42,Male,62700.0,Employed,726.0,17000.0,0,Bachelor,1
40,Male,45400.0,Employed,581.0,14000.0,0,Bachelor,1
33,Female,42700.0,Retired,668.0,11700.0,0,Bachelor,1
40,Male,24100.0,Employed,850.0,30600.0,0,High School,1
22,Female,97900.0,Employed,735.0,33500.0,0,Master,1
55,Female,83500.0,Unemployed,706.0,35700.0,1,Bachelor,0
67,Male,125100.0,Self-Employed,579.0,30100.0,0,PhD,1
39,Male,23200.0,Employed,629.0,8800.0,0,Bachelor,1
65,Male,45800.0,Employed,609.0,19700.0,2,Bachelor,0
57,Female,27000.0,Employed,592.0,35100.0,0,Bachelor,0
26,Male,50100.0,Self-Employed,750.0,4000.0,0,Bachelor,1
34,Male,46400.0,Employed,739.0,47800.0,0,High School,1
24,Male,32600.0,Self-Employed,666.0,8500.0,1,High School,0
42,Female,35800.0,Unemployed,634.0,10600.0,0,High School,0
59,Female,114200.0,Retired,742.0,28600.0,4,High School,0
56,Male,37500.0,Unemployed,823.0,58100.0,1,High School,0
54,Female,18000.0,Employed,764.0,10300.0,0,Bachelor,1
47,Female,30700.0,Employed,689.0,11300.0,1,Bachelor,0
27,Female,23200.0,Employed,758.0,38300.0,0,Master,0
23,Female,25300.0,Employed,762.0,19900.0,0,Bachelor,1
67,Female,57200.0,Employed,693.0,15500.0,0,Master,1
53,Female,62700.0,Employed,693.0,20500.0,0,High School,1
22,Female,26300.0,Unemployed,635.0,66900.0,0,Master,0
62,Male,30500.0,Unemployed,750.0,28600.0,0,Master,0
36,Male,28300.0,Employed,666.0,22300.0,0,Bachelor,1
45,Male,85700.0,Employed,597.0,25500.0,0,Bachelor,1
35,Female,63600.0,Employed,600.0,23100.0,0,PhD,1
44,Female,56300.0,Self-Employed,677.0,31200.0,1,Bachelor,0
35,Male,24000.0,Employed,600.0,12300.0,2,High School,0
51,Female,18000.0,Retired,850.0,17300.0,0,Bachelor,1
34,Male,74300.0,Self-Employed,721.0,17800.0,0,High School,1
34,Male,104800.0,Retired,638.0,10300.0,0,Bachelor,1
26,Female,18000.0,Self-Employed,696.0,9300.0,0,Bachelor,1
34,Male,123100.0,Self-Employed,743.0,41700.0,0,Bachelor,1
37,Male,38100.0,Self-Employed,699.0,27600.0,0,High School,1
38,Female,43700.0,Employed,598.0,52100.0,2,High School,0
40,Female,20800.0,Employed,671.0,24400.0,0,Master,0
37,Male,18000.0,Self-Employed,660.0,21800.0,2,Bachelor,0
36,Female,18000.0,Employed,641.0,16000.0,0,Bachelor,1
60,Female,67200.0,Employed,610.0,33000.0,0,Bachelor,1
59,Male,38500.0,Self-Employed,754.0,8400.0,2,Master,0
52,Male,50500.0,Self-Employed,720.0,21700.0,0,Bachelor,1
64,Female,70700.0,Employed,719.0,31400.0,3,High School,0
29,Male,38300.0,Employed,523.0,17100.0,0,Bachelor,1
47,Female,93400.0,Employed,646.0,23500.0,2,Master,0
66,Female,26600.0,Employed,786.0,46700.0,0,PhD,0
53,Female,32600.0,Unemployed,713.0,15700.0,0,Master,0
30,Male,25600.0,Employed,581.0,23200.0,0,High School,1
37,Female,60900.0,Retired,822.0,33300.0,0,Bachelor,1
56,Male,70000.0,Employed,474.0,14900.0,0,High School,1
37,Male,32000.0,Employed,691.0,9400.0,0,Bachelor,1
38,Male,20000.0,Self-Employed,826.0,27900.0,0,High School,1
43,Male,74300.0,Employed,547.0,19300.0,0,Bachelor,1
54,Female,25800.0,Employed,640.0,17700.0,0,Bachelor,1
28,Male,32800.0,Retired,560.0,20000.0,3,Bachelor,0
33,Male,23500.0,Self-Employed,800.0,8900.0,0,High School,1
43,Female,46300.0,Employed,610.0,15500.0,0,High School,1
40,Male,27300.0,Employed,765.0,27700.0,0,Bachelor,1
42,Female,57000.0,Employed,798.0,18000.0,0,Bachelor,1
67,Male,30300.0,Retired,571.0,13200.0,0,Bachelor,1
43,Female,52500.0,Self-Employed,553.0,11600.0,0,PhD,1
61,Female,25300.0,Employed,721.0,21200.0,0,Bachelor,1
55,Male,74100.0,Employed,746.0,29900.0,0,High School,1
23,Male,31300.0,Self-Employed,674.0,33400.0,0,Bachelor,1
54,Male,42000.0,Employed,682.0,12900.0,0,Master,1
53,Female,22200.0,Unemployed,806.0,47800.0,2,Bachelor,0
66,Male,39800.0,Retired,660.0,19300.0,0,Bachelor,1
37,Male,22600.0,Unemployed,797.0,6700.0,0,Master,1
65,Male,39300.0,Self-Employed,631.0,19400.0,0,Master,1
39,Male,24800.0,Employed,850.0,9900.0,0,Bachelor,1
50,Male,37100.0,Employed,605.0,23100.0,1,High School,0
43,Female,50700.0,Self-Employed,781.0,21300.0,0,Bachelor,1
35,Male,20200.0,Employed,598.0,7200.0,0,PhD,1
34,Male,39300.0,Employed,747.0,42700.0,3,Master,0
22,Female,49200.0,Employed,679.0,12200.0,0,High School,1
59,Female,49100.0,Employed,704.0,6100.0,0,High School,1
38,Male,104700.0,Employed,737.0,38900.0,0,Bachelor,1
26,Male,27700.0,Self-Employed,701.0,26000.0,0,High School,1
52,Male,40100.0,Employed,693.0,15500.0,0,Bachelor,1
41,Female,96200.0,Employed,522.0,18600.0,0,High School,1
60,Male,20200.0,Employed,797.0,16800.0,0,High School,1
48,Female,18000.0,Employed,810.0,7000.0,0,High School,1
47,Female,52500.0,Unemployed,671.0,7800.0,3,High School,0
22,Female,67600.0,Employed,727.0,31900.0,2,High School,0
53,Male,18000.0,Employed,796.0,23100.0,1,Bachelor,0
36,Male,34200.0,Employed,731.0,31200.0,0,Bachelor,1
59,Male,24100.0,Retired,635.0,37200.0,0,High School,0
42,Male,46900.0,Employed,578.0,3000.0,0,High School,1
63,Female,39500.0,Employed,734.0,14100.0,0,High School,1
67,Female,77200.0,Employed,692.0,9000.0,1,Master,1
33,Female,20500.0,Employed,680.0,16700.0,2,High School,0
22,Female,48700.0,Employed,615.0,5900.0,1,High School,1
34,Male,54800.0,Self-Employed,651.0,25800.0,0,Bachelor,1
58,Male,41200.0,Employed,709.0,26800.0,0,Master,1
61,Male,18000.0,Self-Employed,655.0,70600.0,0,High School,0
48,Female,49400.0,Employed,683.0,17000.0,1,High School,0
27,Female,27900.0,Employed,677.0,27100.0,1,Bachelor,0
38,Female,18000.0,Self-Employed,736.0,32300.0,0,Bachelor,0
61,Male,48300.0,Employed,558.0,50600.0,0,Bachelor,1
56,Male,58900.0,Self-Employed,650.0,9100.0,0,Bachelor,1
61,Female,29500.0,Self-Employed,586.0,30900.0,0,High School,0
56,Male,60900.0,Retired,693.0,22900.0,3,Bachelor,0
64,Female,61200.0,Employed,611.0,6800.0,1,Master,1
24,Female,39800.0,Employed,760.0,23900.0,0,High School,1
50,Female,54100.0,Employed,645.0,28100.0,1,Bachelor,0
44,Male,65400.0,Employed,631.0,6600.0,1,Master,1
40,Male,52200.0,Employed,609.0,17200.0,0,Bachelor,1
66,Male,18000.0,Employed,701.0,18900.0,0,Bachelor,1
51,Male,18000.0,Employed,572.0,18600.0,1,High School,0
44,Male,68400.0,Employed,672.0,26200.0,1,PhD,1
27,Female,28400.0,Self-Employed,670.0,12600.0,0,High School,1
46,Female,31300.0,Self-Employed,636.0,9400.0,2,Bachelor,0
33,Male,103300.0,Employed,699.0,24200.0,0,High School,1
28,Male,27800.0,Self-Employed,641.0,46300.0,0,Bachelor,0
25,Male,37500.0,Employed,704.0,44300.0,0,Master,1
64,Male,40400.0,Employed,634.0,75700.0,0,Bachelor,0
33,Female,36100.0,Employed,617.0,14400.0,0,High School,1
49,Male,78600.0,Self-Employed,702.0,16300.0,0,PhD,1
40,Male,33300.0,Employed,749.0,5000.0,0,Master,1
34,Male,57500.0,Employed,850.0,12500.0,1,PhD,1
52,Female,41600.0,Retired,651.0,7000.0,0,Bachelor,1
47,Female,65100.0,Employed,746.0,14700.0,0,Bachelor,1
45,Male,20200.0,Unemployed,642.0,40800.0,0,Bachelor,0
24,Male,18000.0,Employed,744.0,34200.0,0,Bachelor,0
41,Female,40700.0,Self-Employed,791.0,14800.0,3,Bachelor,0
38,Female,26300.0,Employed,691.0,12800.0,0,Bachelor,1
59,Male,83500.0,Self-Employed,740.0,11100.0,0,High School,1
35,Female,38500.0,Retired,718.0,30300.0,0,Bachelor,1
58,Female,44800.0,Self-Employed,681.0,14900.0,0,PhD,1
44,Female,34400.0,Employed,644.0,21100.0,1,Bachelor,0
28,Female,29000.0,Self-Employed,650.0,26900.0,0,Master,0
48,Female,41300.0,Self-Employed,568.0,28100.0,0,High School,1
41,Male,66700.0,Employed,768.0,3400.0,0,Master,1
36,Female,34300.0,Unemployed,839.0,25200.0,0,Master,0
36,Female,33100.0,Employed,560.0,19100.0,0,Master,1
55,Female,60000.0,Employed,768.0,6100.0,2,Bachelor,0
37,Male,18000.0,Employed,676.0,41300.0,2,Master,0
29,Female,72700.0,Employed,626.0,20300.0,0,PhD,1
55,Female,26800.0,Employed,692.0,7100.0,0,Master,1
49,Male,64400.0,Employed,612.0,12700.0,0,Bachelor,1
59,Female,46500.0,Employed,700.0,15900.0,1,Master,1
38,Female,18000.0,Employed,655.0,86500.0,1,Bachelor,0
32,Female,40400.0,Unemployed,651.0,10700.0,0,Bachelor,0
39,Male,77400.0,Employed,780.0,11900.0,0,Bachelor,1
42,Male,34500.0,Employed,531.0,20100.0,1,High School,0
35,Female,36100.0,Employed,632.0,65200.0,0,Bachelor,0
21,Male,27300.0,Employed,512.0,15700.0,0,Bachelor,1
22,Female,73000.0,Employed,691.0,13800.0,0,Master,1
28,Male,31800.0,Employed,638.0,20100.0,0,Bachelor,1
42,Male,98300.0,Self-Employed,619.0,14800.0,0,Bachelor,1
45,Male,71500.0,Employed,704.0,14700.0,0,Bachelor,1
22,Female,78100.0,Employed,732.0,32100.0,0,Bachelor,1
29,Male,41800.0,Employed,781.0,13400.0,0,Bachelor,1
29,Male,31500.0,Unemployed,850.0,14600.0,3,PhD,0
33,Male,51000.0,Employed,632.0,32900.0,0,Bachelor,1
26,Male,87200.0,Employed,623.0,7700.0,0,Bachelor,1
50,Female,97400.0,Unemployed,680.0,14600.0,0,Master,1
35,Female,18000.0,Unemployed,687.0,6600.0,0,Bachelor,0
35,Male,155200.0,Employed,827.0,13400.0,1,High School,1
27,Female,45500.0,Employed,724.0,14600.0,1,High School,1
31,Male,59300.0,Employed,600.0,14800.0,0,Master,1
60,Female,25700.0,Employed,595.0,14300.0,0,Bachelor,1
58,Female,24800.0,Employed,738.0,21300.0,0,High School,1
60,Female,19500.0,Employed,662.0,9200.0,1,High School,0
22,Male,94100.0,Unemployed,800.0,22800.0,1,Bachelor,1
59,Female,28500.0,Employed,724.0,13300.0,0,Master,1
30,Male,38300.0,Employed,591.0,28400.0,0,High School,1
64,Female,34500.0,Employed,580.0,17400.0,2,Bachelor,0
37,Male,24100.0,Employed,709.0,12600.0,0,Master,1
27,Female,36300.0,Employed,651.0,8200.0,0,Bachelor,1
60,Female,41900.0,Self-Employed,777.0,21500.0,0,Bachelor,1
59,Female,74900.0,Unemployed,709.0,16100.0,0,Master,1
24,Male,23600.0,Retired,707.0,43400.0,0,Bachelor,0
55,Female,30000.0,Self-Employed,576.0,45400.0,0,Master,0
67,Male,52800.0,Self-Employed,639.0,13500.0,3,Master,0
56,Female,41100.0,Employed,676.0,4400.0,0,High School,1
51,Male,41400.0,Employed,521.0,30700.0,0,Bachelor,1
45,Male,24700.0,Self-Employed,733.0,13100.0,1,PhD,0
61,Female,59200.0,Employed,753.0,14600.0,1,Bachelor,1
33,Male,81400.0,Employed,635.0,36900.0,0,Bachelor,1
38,Male,77700.0,Self-Employed,788.0,22200.0,0,Master,1
41,Male,36400.0,Retired,784.0,30000.0,0,Bachelor,1
21,Male,18000.0,Employed,725.0,34100.0,0,Bachelor,0
56,Female,45100.0,Employed,675.0,16300.0,0,High School,1
28,Female,42200.0,Employed,765.0,27200.0,0,Bachelor,1
41,Male,24100.0,Employed,553.0,19200.0,0,Bachelor,1
63,Male,26600.0,Employed,686.0,24900.0,0,Master,1
41,Male,24400.0,Unemployed,608.0,19800.0,0,Bachelor,0
47,Male,46000.0,Employed,624.0,40800.0,0,High School,1
39,Female,26600.0,Employed,718.0,8400.0,1,Bachelor,0
43,Female,43600.0,Self-Employed,612.0,13900.0,0,Bachelor,1
63,Male,131700.0,Employed,550.0,17100.0,0,Bachelor,1
55,Male,36600.0,Self-Employed,850.0,19400.0,0,High School,1
60,Male,22500.0,Employed,629.0,8400.0,0,Bachelor,1
62,Female,19400.0,Self-Employed,608.0,11500.0,0,Bachelor,1
25,Female,47300.0,Employed,782.0,18400.0,1,Bachelor,1
61,Male,109300.0,Employed,629.0,13000.0,1,PhD,1
28,Male,25600.0,Employed,572.0,6400.0,0,Bachelor,1
31,Female,18000.0,Employed,602.0,14500.0,0,High School,1
36,Female,94300.0,Employed,643.0,8700.0,0,Bachelor,1
59,Male,141200.0,Employed,589.0,25900.0,0,Bachelor,1
67,Male,58600.0,Retired,609.0,21500.0,0,Master,1
44,Male,49800.0,Employed,642.0,31000.0,0,High School,1
41,Female,41500.0,Self-Employed,763.0,20400.0,0,High School,1
43,Male,56400.0,Self-Employed,850.0,9500.0,0,High School,1
58,Male,55100.0,Unemployed,774.0,3000.0,0,Bachelor,1
67,Female,46200.0,Unemployed,661.0,35800.0,0,High School,0
28,Male,24900.0,Employed,560.0,14000.0,0,High School,1
27,Female,46100.0,Employed,740.0,4700.0,4,Bachelor,0
22,Male,38200.0,Employed,593.0,46200.0,0,Master,1
50,Male,26900.0,Employed,649.0,25500.0,1,High School,0
33,Female,46100.0,Employed,817.0,45800.0,0,Bachelor,1
43,Male,31500.0,Employed,825.0,23300.0,3,Bachelor,0
49,Female,41500.0,Employed,695.0,26900.0,0,Master,1
58,Female,50400.0,Self-Employed,784.0,13300.0,0,Bachelor,1
57,Male,54100.0,Retired,781.0,27600.0,3,Bachelor,0
40,Female,31900.0,Self-Employed,736.0,57600.0,1,High School,0
53,Male,50300.0,Employed,657.0,29700.0,4,Bachelor,0
49,Female,56500.0,Employed,633.0,14600.0,0,High School,1
35,Male,65300.0,Self-Employed,684.0,8200.0,0,PhD,1
43,Female,46700.0,Employed,571.0,35800.0,0,Bachelor,1
62,Male,54300.0,Self-Employed,639.0,18700.0,2,High School,0
23,Male,32500.0,Self-Employed,731.0,19200.0,0,Bachelor,1
57,Female,145600.0,Employed,626.0,5500.0,0,Bachelor,1
49,Female,38900.0,Employed,811.0,5300.0,0,High School,1
65,Male,70300.0,Employed,701.0,19000.0,0,High School,1
28,Male,31500.0,Employed,747.0,10500.0,0,High School,1
42,Female,48400.0,Employed,662.0,20400.0,0,High School,1
49,Female,47500.0,Retired,734.0,32000.0,0,Bachelor,1
22,Male,52300.0,Employed,584.0,12800.0,0,Master,1
61,Male,26300.0,Employed,716.0,20700.0,0,Master,1
65,Male,48800.0,Employed,724.0,16800.0,1,PhD,1
21,Female,31500.0,Employed,789.0,106000.0,0,Bachelor,0
64,Male,60500.0,Self-Employed,509.0,13100.0,0,Bachelor,1
40,Male,25900.0,Employed,623.0,11900.0,0,Bachelor,1
41,Female,46800.0,Retired,529.0,13700.0,0,Master,1
57,Male,39600.0,Unemployed,609.0,36300.0,0,Bachelor,0
28,Male,101500.0,Unemployed,671.0,13400.0,0,High School,1
47,Male,70200.0,Employed,730.0,28100.0,0,PhD,1
67,Male,79700.0,Employed,850.0,18400.0,0,Bachelor,1
55,Male,27300.0,Self-Employed,795.0,18700.0,0,Bachelor,1
26,Female,33100.0,Self-Employed,639.0,47100.0,0,High School,0
65,Male,40100.0,Self-Employed,741.0,6100.0,1,High School,1
64,Female,71100.0,Employed,784.0,19500.0,0,High School,1
39,Female,48400.0,Employed,672.0,27400.0,0,Master,1
38,Female,27600.0,Retired,675.0,22800.0,1,PhD,0
21,Male,28200.0,Employed,660.0,7500.0,1,High School,1
45,Male,72900.0,Employed,721.0,9100.0,0,Bachelor,1
47,Male,49200.0,Employed,715.0,21300.0,0,Master,1
27,Male,41200.0,Self-Employed,692.0,4400.0,2,Bachelor,0
64,Male,39500.0,Employed,828.0,13100.0,0,Bachelor,1
62,Female,62800.0,Employed,765.0,8600.0,2,Master,0
49,Male,23700.0,Employed,542.0,20200.0,0,High School,1
51,Male,41200.0,Employed,527.0,16400.0,0,PhD,1
64,Male,42400.0,Self-Employed,715.0,22600.0,0,Bachelor,1
63,Female,21500.0,Employed,671.0,10700.0,2,High School,0
56,Male,36200.0,Employed,531.0,21100.0,1,Master,0
39,Female,125900.0,Employed,518.0,18100.0,0,High School,1
26,Male,26400.0,Employed,659.0,10800.0,0,Bachelor,1
45,Female,42700.0,Employed,702.0,34800.0,0,High School,1
51,Female,18000.0,Unemployed,705.0,27400.0,2,Master,0
29,Male,37400.0,Unemployed,629.0,12300.0,0,Bachelor,1
40,Male,23500.0,Employed,633.0,11200.0,0,Bachelor,1
30,Male,33700.0,Employed,637.0,31500.0,2,Bachelor,0
57,Male,49700.0,Employed,722.0,6900.0,0,High School,1
47,Female,22900.0,Self-Employed,550.0,8300.0,0,Bachelor,1
33,Female,45300.0,Employed,682.0,24100.0,0,Master,1
61,Female,27200.0,Employed,767.0,53600.0,0,Master,0
22,Female,20600.0,Self-Employed,650.0,12500.0,0,Bachelor,1
41,Male,65600.0,Employed,694.0,13400.0,0,PhD,1
53,Male,24800.0,Employed,715.0,15800.0,0,Bachelor,1
44,Female,32500.0,Employed,624.0,13600.0,0,High School,1
64,Male,30200.0,Employed,671.0,14000.0,0,Bachelor,1
62,Female,44700.0,Retired,569.0,12500.0,1,Bachelor,0
54,Male,40800.0,Self-Employed,721.0,20200.0,0,Bachelor,1
29,Male,37000.0,Employed,694.0,27300.0,0,High School,1
22,Female,28200.0,Employed,779.0,19800.0,1,Bachelor,0
50,Male,35100.0,Employed,755.0,16400.0,0,Bachelor,1
42,Female,46500.0,Employed,780.0,12500.0,0,Bachelor,1
66,Female,42600.0,Employed,784.0,8900.0,0,Bachelor,1
31,Female,70300.0,Employed,618.0,8300.0,0,High School,1
63,Female,58800.0,Employed,721.0,7300.0,0,Bachelor,1
37,Female,69800.0,Employed,737.0,26300.0,0,Master,1
56,Female,79000.0,Employed,627.0,12700.0,0,High School,1
33,Male,44100.0,Employed,785.0,22900.0,0,Bachelor,1
27,Male,61500.0,Employed,671.0,11700.0,3,High School,0
36,Female,47500.0,Employed,734.0,17300.0,1,PhD,1
53,Male,77900.0,Employed,774.0,14700.0,1,High School,1
65,Male,18000.0,Employed,716.0,46400.0,0,High School,0
21,Male,34300.0,Employed,834.0,13600.0,0,Bachelor,1
31,Female,49300.0,Employed,850.0,29900.0,0,High School,1
26,Female,53400.0,Employed,682.0,7800.0,0,Bachelor,1
40,Male,39800.0,Employed,761.0,40600.0,0,Bachelor,1
55,Female,18000.0,Employed,850.0,29700.0,0,Master,0
64,Female,36700.0,Self-Employed,628.0,12700.0,0,Bachelor,1
57,Female,60400.0,Employed,443.0,12600.0,0,Bachelor,1
61,Female,34300.0,Retired,762.0,36900.0,0,Bachelor,0
46,Female,42000.0,Self-Employed,647.0,31500.0,0,High School,1
32,Male,104600.0,Employed,578.0,15700.0,1,High School,1
50,Female,36600.0,Unemployed,619.0,10800.0,0,High School,0
48,Male,37100.0,Employed,547.0,34400.0,0,Master,1
47,Female,44200.0,Employed,824.0,13600.0,0,Bachelor,1
62,Female,45200.0,Self-Employed,804.0,22100.0,0,Bachelor,1
39,Male,42900.0,Unemployed,660.0,12800.0,0,Bachelor,1
25,Male,48900.0,Employed,668.0,15800.0,0,Bachelor,1
25,Female,22100.0,Employed,697.0,56500.0,0,Master,0
61,Male,37800.0,Self-Employed,822.0,17200.0,0,Master,1
47,Female,21700.0,Unemployed,590.0,42700.0,0,Bachelor,0
48,Male,41300.0,Employed,666.0,7200.0,2,Bachelor,0
46,Male,54300.0,Employed,786.0,6400.0,0,High School,1
47,Female,37400.0,Employed,652.0,25600.0,0,Bachelor,1
62,Female,25000.0,Employed,609.0,11400.0,0,Master,1
41,Female,32400.0,Unemployed,694.0,17800.0,0,Bachelor,0
21,Male,98800.0,Employed,528.0,5100.0,0,Bachelor,1
48,Female,82900.0,Unemployed,712.0,5300.0,3,High School,0
35,Female,30600.0,Self-Employed,659.0,18200.0,0,Master,1
37,Female,30500.0,Employed,734.0,13500.0,1,High School,0
46,Female,38000.0,Employed,621.0,14700.0,0,Bachelor,1
40,Female,74600.0,Employed,718.0,49100.0,0,High School,1
45,Male,18000.0,Employed,698.0,24000.0,1,Bachelor,0
33,Male,30400.0,Employed,580.0,65300.0,0,Bachelor,0
53,Female,49300.0,Employed,600.0,18900.0,1,Bachelor,0
45,Male,46500.0,Employed,785.0,44200.0,0,Bachelor,1
28,Female,32400.0,Employed,761.0,32500.0,0,Bachelor,1
25,Male,35400.0,Employed,533.0,13300.0,0,Bachelor,1
26,Female,47400.0,Employed,643.0,16300.0,1,High School,0
43,Female,32700.0,Self-Employed,707.0,14600.0,2,High School,0
50,Male,23600.0,Employed,725.0,34400.0,1,High School,0
34,Male,36600.0,Employed,703.0,21300.0,0,Bachelor,1
43,Male,44100.0,Self-Employed,712.0,10400.0,0,Master,1
31,Female,18000.0,Self-Employed,649.0,8300.0,0,Bachelor,1
51,Female,48800.0,Unemployed,695.0,8500.0,0,High School,1
26,Male,65300.0,Employed,597.0,10500.0,0,Master,1
31,Female,33600.0,Employed,649.0,10200.0,0,Bachelor,1
33,Male,33900.0,Employed,503.0,8700.0,0,Master,1
32,Male,27700.0,Employed,590.0,35300.0,0,High School,0
22,Female,37200.0,Employed,605.0,7200.0,1,Bachelor,0
55,Male,30400.0,Employed,609.0,23000.0,1,Master,0
56,Male,82800.0,Employed,742.0,70800.0,0,Bachelor,1
37,Male,42700.0,Employed,546.0,19000.0,0,Bachelor,1
48,Male,18000.0,Employed,626.0,19000.0,0,Bachelor,1
48,Male,53400.0,Employed,735.0,20700.0,0,Master,1
42,Male,94800.0,Employed,567.0,7400.0,0,Master,1
58,Female,51800.0,Unemployed,788.0,23400.0,1,High School,0
27,Male,72800.0,Self-Employed,695.0,22100.0,3,High School,0
35,Female,56300.0,Employed,739.0,17600.0,0,Bachelor,1
52,Male,65900.0,Self-Employed,600.0,6500.0,0,High School,1
31,Male,64300.0,Employed,615.0,56200.0,0,High School,1
44,Female,64700.0,Employed,668.0,20800.0,1,Master,1
23,Female,47000.0,Employed,749.0,8700.0,0,Bachelor,1
50,Male,18000.0,Unemployed,746.0,9900.0,0,Bachelor,1
26,Female,23300.0,Employed,714.0,11300.0,0,High School,1
22,Female,23500.0,Employed,661.0,46800.0,0,Bachelor,0
34,Female,18000.0,Unemployed,615.0,16700.0,1,High School,0
61,Male,32300.0,Employed,769.0,16700.0,0,Bachelor,1
38,Male,81400.0,Self-Employed,650.0,13100.0,0,Bachelor,1
64,Male,19600.0,Employed,549.0,33400.0,1,Master,0
51,Female,57800.0,Employed,598.0,34400.0,0,Bachelor,1
33,Male,52300.0,Retired,620.0,7300.0,1,Bachelor,0
46,Female,45000.0,Employed,651.0,17000.0,1,Master,0
64,Male,72500.0,Self-Employed,674.0,15800.0,0,Bachelor,1
32,Male,39300.0,Retired,564.0,10200.0,0,Bachelor,1
38,Female,85900.0,Employed,639.0,12700.0,1,Bachelor,1
29,Male,36300.0,Employed,650.0,15100.0,0,Bachelor,1
41,Female,47700.0,Employed,663.0,9900.0,0,High School,1
60,Female,37400.0,Employed,614.0,21500.0,1,High School,0
63,Female,25300.0,Employed,850.0,21200.0,0,High School,1
44,Female,20500.0,Unemployed,650.0,24600.0,0,Bachelor,0
54,Female,53500.0,Employed,629.0,13600.0,1,Bachelor,0
28,Female,78700.0,Unemployed,587.0,5000.0,2,High School,0
64,Female,45300.0,Self-Employed,745.0,11800.0,0,Master,1
53,Male,51900.0,Retired,522.0,9600.0,1,High School,0
43,Male,18500.0,Unemployed,529.0,16300.0,0,Master,0
33,Male,48700.0,Self-Employed,677.0,25400.0,0,High School,1
34,Male,18000.0,Self-Employed,720.0,56000.0,0,Master,0
34,Female,22100.0,Self-Employed,672.0,10500.0,0,High School,1
36,Female,78200.0,Self-Employed,850.0,19500.0,0,PhD,1
58,Female,40400.0,Self-Employed,636.0,20000.0,0,Bachelor,1
59,Male,42300.0,Self-Employed,654.0,42800.0,0,High School,1
46,Female,52900.0,Employed,677.0,20600.0,1,High School,0
46,Male,59800.0,Employed,684.0,14500.0,0,Master,1
21,Female,35100.0,Employed,670.0,17600.0,1,High School,0
52,Female,46500.0,Employed,665.0,22200.0,0,Bachelor,1
35,Male,38800.0,Employed,569.0,28100.0,1,High School,0
41,Male,18700.0,Unemployed,739.0,50100.0,0,High School,0
38,Male,33600.0,Employed,763.0,47100.0,0,High School,1
50,Female,49300.0,Employed,640.0,11400.0,0,Bachelor,1
33,Female,33100.0,Self-Employed,676.0,7300.0,0,Bachelor,1
44,Female,33300.0,Unemployed,812.0,8500.0,2,High School,0
50,Male,59300.0,Self-Employed,616.0,20800.0,0,Master,1
22,Male,43500.0,Self-Employed,697.0,35500.0,0,Bachelor,1
39,Female,47900.0,Employed,688.0,15600.0,0,High School,1
67,Female,18000.0,Employed,816.0,10100.0,0,High School,1
64,Male,50200.0,Employed,838.0,7500.0,0,Master,1
67,Male,23100.0,Employed,748.0,46700.0,2,Bachelor,0
45,Female,39600.0,Employed,850.0,13500.0,0,Master,1
34,Male,23600.0,Unemployed,682.0,7100.0,0,High School,1
26,Male,64000.0,Self-Employed,300.0,17800.0,0,Bachelor,1
32,Male,100200.0,Employed,637.0,18100.0,0,High School,1
40,Female,37300.0,Employed,642.0,30700.0,0,Bachelor,1
43,Female,37100.0,Employed,812.0,8800.0,1,High School,1
50,Female,67200.0,Employed,664.0,36200.0,0,Bachelor,1
50,Female,53400.0,Self-Employed,793.0,39700.0,0,Master,1
58,Male,38700.0,Employed,748.0,19100.0,0,Bachelor,1
50,Male,48200.0,Self-Employed,705.0,25900.0,1,Bachelor,0
61,Female,110700.0,Self-Employed,714.0,29400.0,0,High School,1
50,Male,28700.0,Employed,704.0,12600.0,2,Bachelor,0
56,Female,29900.0,Self-Employed,777.0,7800.0,0,Bachelor,1
54,Male,59700.0,Employed,659.0,12700.0,0,Bachelor,1
36,Male,115400.0,Employed,648.0,6300.0,0,Master,1
44,Male,43900.0,Employed,715.0,23900.0,0,PhD,1
34,Male,18000.0,Employed,697.0,47100.0,0,Bachelor,0
46,Male,48800.0,Employed,662.0,10800.0,0,High School,1
28,Male,30900.0,Employed,850.0,13700.0,0,Master,1
34,Female,50900.0,Employed,741.0,15500.0,0,Bachelor,1
51,Male,20300.0,Employed,633.0,62200.0,0,High School,0
22,Female,19200.0,Self-Employed,731.0,13700.0,0,High School,1
24,Female,34600.0,Employed,600.0,35300.0,0,Master,0
21,Female,91700.0,Self-Employed,583.0,18400.0,0,High School,1
40,Female,20200.0,Employed,748.0,3000.0,1,Bachelor,1
34,Female,34200.0,Self-Employed,607.0,13300.0,0,High School,1
60,Male,19300.0,Employed,684.0,30600.0,0,High School,0
45,Male,46400.0,Employed,592.0,13400.0,1,Bachelor,1
45,Male,44800.0,Employed,655.0,24500.0,0,Bachelor,1
23,Female,19700.0,Employed,643.0,51000.0,3,Master,0
25,Female,76400.0,Employed,672.0,24600.0,0,Bachelor,1
58,Male,18000.0,Self-Employed,850.0,12300.0,0,High School,1
46,Male,88300.0,Unemployed,789.0,27600.0,0,Bachelor,1
60,Female,79800.0,Employed,670.0,24200.0,0,Master,1
58,Male,46800.0,Employed,662.0,32300.0,0,High School,1
58,Female,62800.0,Employed,620.0,17100.0,0,High School,1
24,Female,36700.0,Unemployed,592.0,11100.0,0,Bachelor,0
27,Female,18600.0,Employed,667.0,24900.0,0,Bachelor,0
50,Female,45200.0,Employed,793.0,25400.0,1,Bachelor,1
50,Female,18300.0,Employed,411.0,13100.0,0,Bachelor,0
39,Male,39900.0,Employed,767.0,7100.0,0,High School,1
59,Female,21600.0,Employed,778.0,13700.0,0,Master,1
55,Female,65400.0,Employed,499.0,8900.0,0,PhD,1
60,Male,48500.0,Employed,683.0,15300.0,0,High School,1
53,Male,56300.0,Employed,643.0,28800.0,1,Bachelor,1
53,Male,47600.0,Self-Employed,666.0,5400.0,3,Bachelor,0
34,Male,102800.0,Unemployed,698.0,21700.0,3,Bachelor,0
58,Female,66900.0,Employed,707.0,23100.0,0,Bachelor,1
30,Female,94100.0,Employed,563.0,10400.0,0,Master,1
48,Male,25600.0,Employed,818.0,22200.0,0,Bachelor,1
34,Male,30600.0,Employed,640.0,36400.0,0,High School,1
56,Female,18000.0,Employed,850.0,23400.0,1,Bachelor,0
58,Male,33000.0,Employed,600.0,62000.0,0,Bachelor,0
36,Male,39400.0,Employed,590.0,19000.0,0,High School,1
41,Female,49900.0,Employed,708.0,32900.0,0,High School,1
48,Female,30800.0,Employed,756.0,61100.0,0,High School,0
53,Male,58000.0,Employed,788.0,24500.0,0,Master,1
26,Male,56000.0,Self-Employed,596.0,51600.0,0,Bachelor,1
61,Male,31700.0,Self-Employed,652.0,23700.0,0,PhD,1
35,Female,24900.0,Retired,839.0,43200.0,0,Master,0
64,Female,41500.0,Self-Employed,649.0,9200.0,0,High School,1
23,Male,42200.0,Employed,756.0,18700.0,0,High School,1
63,Female,29600.0,Self-Employed,519.0,79400.0,0,Bachelor,0
67,Female,35300.0,Employed,543.0,6100.0,0,Bachelor,1
55,Male,19800.0,Employed,762.0,11400.0,0,Bachelor,1
34,Male,56300.0,Employed,667.0,66500.0,0,Bachelor,1
22,Female,56800.0,Employed,744.0,16900.0,0,PhD,1
49,Male,41100.0,Retired,627.0,16900.0,0,Master,1
24,Male,58900.0,Self-Employed,539.0,31200.0,0,High School,1
46,Female,42900.0,Employed,688.0,38300.0,0,Master,1
32,Female,90100.0,Employed,561.0,14400.0,0,Master,1
22,Female,21000.0,Self-Employed,691.0,6700.0,2,Bachelor,0
37,Female,44400.0,Employed,598.0,10300.0,0,Bachelor,1
55,Female,63000.0,Employed,735.0,12900.0,1,High School,1
30,Male,84600.0,Employed,657.0,8900.0,2,High School,0
42,Female,59700.0,Self-Employed,654.0,10800.0,0,Bachelor,1
61,Male,23900.0,Employed,709.0,18100.0,0,Bachelor,1
63,Male,18000.0,Self-Employed,759.0,10800.0,0,Bachelor,1
41,Female,36900.0,Self-Employed,696.0,52000.0,0,Bachelor,0
35,Female,48100.0,Employed,832.0,14200.0,3,Bachelor,0
55,Male,64400.0,Employed,828.0,7200.0,1,High School,1
41,Female,23200.0,Employed,620.0,36500.0,1,High School,0
41,Male,54500.0,Employed,585.0,120000.0,0,Master,0
41,Male,18000.0,Employed,576.0,14800.0,0,High School,1
64,Male,27700.0,Employed,833.0,21000.0,1,High School,1
52,Female,61700.0,Employed,576.0,39400.0,0,High School,1
25,Female,22100.0,Employed,647.0,14400.0,0,Bachelor,1
59,Male,23100.0,Employed,681.0,55500.0,1,Bachelor,0
29,Female,30900.0,Employed,831.0,6900.0,0,Bachelor,1
38,Male,43800.0,Employed,569.0,16800.0,1,Bachelor,0
41,Female,23000.0,Self-Employed,772.0,11100.0,0,High School,1
28,Male,39500.0,Employed,681.0,9100.0,1,Bachelor,1
64,Male,32300.0,Employed,669.0,11200.0,0,Bachelor,1
54,Female,71600.0,Employed,678.0,24500.0,0,Bachelor,1
30,Male,31500.0,Self-Employed,620.0,31300.0,1,High School,0
61,Male,40700.0,Employed,645.0,27600.0,3,Bachelor,0
44,Female,43600.0,Unemployed,618.0,7500.0,0,Bachelor,0
60,Female,32500.0,Self-Employed,569.0,25100.0,0,Bachelor,0
44,Male,59000.0,Employed,580.0,16800.0,2,Bachelor,0
52,Male,65400.0,Employed,781.0,12700.0,0,Bachelor,1
53,Male,31400.0,Employed,650.0,15800.0,0,Bachelor,1
58,Male,46500.0,Employed,737.0,49000.0,0,Bachelor,1
64,Male,25200.0,Employed,665.0,15300.0,0,Master,1
54,Female,53200.0,Employed,663.0,28500.0,0,Bachelor,1
31,Female,45100.0,Unemployed,674.0,33500.0,0,Master,0
51,Male,33500.0,Employed,742.0,30600.0,0,Bachelor,1
38,Male,47300.0,Employed,622.0,13700.0,0,Bachelor,1
43,Male,54000.0,Employed,667.0,14200.0,2,High School,0
42,Male,74300.0,Employed,757.0,21300.0,1,Master,1
63,Female,49000.0,Self-Employed,772.0,12900.0,0,PhD,1
38,Male,62600.0,Employed,806.0,10800.0,0,Master,1
60,Male,104000.0,Self-Employed,598.0,19100.0,0,Bachelor,1
67,Female,23900.0,Employed,626.0,11100.0,0,High School,1
61,Male,72100.0,Self-Employed,663.0,13900.0,3,High School,0
67,Female,25900.0,Employed,568.0,15300.0,1,Master,0
59,Male,28100.0,Self-Employed,754.0,12900.0,0,High School,1
40,Female,39900.0,Self-Employed,705.0,15500.0,1,Bachelor,0
33,Female,29100.0,Self-Employed,667.0,13900.0,0,Bachelor,1
65,Female,26700.0,Employed,768.0,61400.0,0,High School,0
21,Female,38900.0,Employed,616.0,52100.0,0,High School,0
24,Male,34000.0,Employed,776.0,14000.0,1,Master,1
44,Male,28800.0,Retired,828.0,13700.0,0,Master,1
56,Female,24900.0,Employed,706.0,15800.0,0,High School,1
56,Female,81800.0,Self-Employed,679.0,20800.0,0,High School,1
65,Male,22000.0,Employed,694.0,17000.0,2,Master,0
22,Male,36900.0,Employed,562.0,18200.0,0,High School,1
48,Male,70200.0,Employed,663.0,29000.0,0,High School,1
46,Male,60200.0,Employed,850.0,10700.0,0,Master,1
43,Male,45100.0,Employed,850.0,12600.0,0,Master,1
35,Female,29400.0,Employed,688.0,7600.0,0,High School,1
56,Male,39800.0,Employed,634.0,14200.0,0,High School,1
47,Male,22900.0,Self-Employed,767.0,18400.0,0,High School,1
26,Female,34800.0,Employed,677.0,18500.0,0,Bachelor,1
55,Female,34500.0,Self-Employed,760.0,38200.0,0,Bachelor,1
59,Female,36200.0,Employed,617.0,10700.0,1,High School,0
58,Female,27100.0,Self-Employed,706.0,6800.0,2,Master,0
55,Male,18000.0,Employed,649.0,19000.0,0,Bachelor,1
56,Female,75100.0,Employed,680.0,16100.0,0,Master,1
30,Female,67200.0,Employed,631.0,30100.0,0,High School,1
50,Male,62200.0,Employed,668.0,18900.0,0,PhD,1
61,Female,48500.0,Employed,706.0,38900.0,0,Master,1
58,Female,43700.0,Self-Employed,739.0,16600.0,0,High School,1
49,Male,28400.0,Self-Employed,666.0,13200.0,0,High School,1
63,Male,29900.0,Employed,803.0,27600.0,0,High School,1
59,Male,83100.0,Self-Employed,571.0,24100.0,0,Bachelor,1
24,Male,93100.0,Employed,553.0,11800.0,0,High School,1
25,Male,36600.0,Employed,630.0,25000.0,0,High School,1
24,Female,40200.0,Employed,681.0,23500.0,2,High School,0
56,Male,57900.0,Self-Employed,818.0,17500.0,0,Master,1
65,Female,42100.0,Employed,664.0,35300.0,0,Bachelor,1
36,Female,43700.0,Unemployed,600.0,43300.0,0,High School,0
45,Female,39000.0,Employed,625.0,12700.0,0,High School,1
34,Female,25100.0,Self-Employed,687.0,24200.0,0,Bachelor,0
31,Male,33300.0,Self-Employed,588.0,18800.0,3,Bachelor,0
49,Male,37500.0,Self-Employed,844.0,13800.0,0,Bachelor,1
54,Female,18000.0,Employed,481.0,16800.0,2,Bachelor,0
42,Female,41900.0,Employed,615.0,6200.0,0,Bachelor,1
34,Female,128200.0,Employed,632.0,34400.0,0,Bachelor,1
44,Male,32400.0,Employed,597.0,28900.0,2,High School,0
59,Female,40800.0,Unemployed,737.0,5700.0,0,Master,1
46,Male,26400.0,Employed,624.0,16100.0,0,Bachelor,1
63,Female,23200.0,Employed,733.0,22100.0,2,Master,0
56,Female,34400.0,Employed,814.0,30100.0,1,High School,0
59,Male,55000.0,Employed,785.0,15400.0,0,PhD,1
36,Female,35700.0,Self-Employed,694.0,15600.0,0,Bachelor,1
58,Male,33300.0,Employed,680.0,22500.0,0,High School,1
52,Male,51400.0,Self-Employed,755.0,12000.0,0,Bachelor,1
26,Male,44400.0,Employed,656.0,48900.0,4,Bachelor,0
54,Female,46100.0,Employed,639.0,19200.0,1,High School,0
28,Female,72800.0,Employed,596.0,20300.0,1,Master,1
50,Female,68300.0,Employed,706.0,40500.0,3,Master,0
47,Male,84800.0,Employed,590.0,17800.0,0,High School,1
27,Female,21900.0,Self-Employed,620.0,40700.0,0,Master,0
47,Female,61600.0,Employed,850.0,6900.0,0,Bachelor,1
45,Male,91400.0,Employed,737.0,36000.0,0,Bachelor,1
66,Female,18000.0,Self-Employed,714.0,33500.0,0,Master,0
61,Male,39700.0,Employed,619.0,5300.0,0,Bachelor,1
35,Female,30600.0,Self-Employed,746.0,14900.0,0,Bachelor,1
45,Male,39600.0,Employed,594.0,23000.0,1,Bachelor,0
42,Male,71200.0,Employed,550.0,29300.0,0,High School,1
38,Male,20000.0,Employed,633.0,39600.0,0,Bachelor,0
32,Female,45400.0,Employed,580.0,7300.0,0,Bachelor,1
43,Male,30300.0,Employed,720.0,18900.0,0,Bachelor,1
65,Male,72300.0,Employed,711.0,10300.0,1,PhD,1
59,Female,49500.0,Self-Employed,699.0,11800.0,0,Bachelor,1
45,Female,37100.0,Employed,730.0,29200.0,0,High School,1
30,Male,28000.0,Employed,726.0,11200.0,0,PhD,1
50,Male,151600.0,Employed,622.0,18100.0,0,Bachelor,1
30,Male,46200.0,Employed,721.0,13800.0,0,Bachelor,1
54,Male,19700.0,Employed,707.0,32900.0,0,High School,0
66,Female,26800.0,Employed,628.0,6000.0,0,Bachelor,1
33,Female,49300.0,Unemployed,650.0,38000.0,0,Master,0
49,Female,27900.0,Employed,752.0,44100.0,0,Bachelor,0
58,Male,29600.0,Employed,568.0,25800.0,0,Bachelor,1
61,Female,65700.0,Employed,708.0,20700.0,1,High School,1
65,Female,62900.0,Employed,671.0,5300.0,0,High School,1
29,Female,30200.0,Employed,678.0,26500.0,2,High School,0
33,Female,72100.0,Employed,656.0,33000.0,0,Bachelor,1
57,Female,28100.0,Employed,716.0,19200.0,0,High School,1
34,Female,93600.0,Employed,546.0,12200.0,0,Bachelor,1
57,Male,52500.0,Self-Employed,701.0,43400.0,0,High School,1
29,Female,46400.0,Employed,591.0,10700.0,0,PhD,1
28,Female,33100.0,Retired,768.0,35500.0,0,Bachelor,0
59,Female,29600.0,Employed,570.0,24800.0,0,Bachelor,1
60,Male,18000.0,Self-Employed,476.0,16300.0,0,High School,0
23,Female,34600.0,Self-Employed,536.0,77900.0,0,Bachelor,0
67,Female,39900.0,Unemployed,675.0,24100.0,0,Bachelor,0
60,Male,18000.0,Employed,548.0,25600.0,0,Bachelor,0
53,Male,60600.0,Employed,569.0,24500.0,0,High School,1
52,Female,37000.0,Employed,621.0,21600.0,0,Bachelor,1
27,Female,73700.0,Employed,725.0,17000.0,3,Bachelor,0
39,Female,28500.0,Employed,615.0,28400.0,0,Bachelor,0
54,Male,74500.0,Employed,662.0,19100.0,0,Bachelor,1
34,Female,32100.0,Employed,661.0,6000.0,0,Bachelor,1
67,Male,39100.0,Employed,557.0,11000.0,0,High School,1
66,Male,44700.0,Employed,715.0,36000.0,2,High School,0
39,Male,39300.0,Employed,850.0,30700.0,0,Bachelor,1
46,Male,46700.0,Employed,533.0,9700.0,0,Master,1
37,Male,18000.0,Employed,605.0,13000.0,0,PhD,1
48,Male,37400.0,Self-Employed,572.0,12500.0,0,Master,1
39,Male,38600.0,Employed,663.0,43200.0,0,High School,1
47,Male,18000.0,Retired,557.0,7200.0,0,Bachelor,1
39,Male,55300.0,Employed,787.0,12500.0,1,High School,1
53,Male,25400.0,Self-Employed,800.0,18900.0,1,Bachelor,0
27,Male,64300.0,Employed,739.0,7600.0,0,Bachelor,1
49,Female,41900.0,Unemployed,760.0,18900.0,0,Bachelor,1
63,Male,30100.0,Employed,690.0,9600.0,0,Bachelor,1
25,Male,66300.0,Self-Employed,772.0,10900.0,0,Master,1
50,Male,92100.0,Employed,654.0,13200.0,0,Bachelor,1
63,Male,40900.0,Employed,634.0,16200.0,0,Bachelor,1
28,Female,79800.0,Employed,736.0,12900.0,0,Bachelor,1
62,Female,36800.0,Employed,647.0,19100.0,0,High School,1
32,Female,64900.0,Employed,850.0,38100.0,1,Bachelor,1
62,Female,33400.0,Unemployed,770.0,30300.0,1,High School,0
33,Female,100000.0,Employed,633.0,44700.0,0,Bachelor,1
46,Male,68800.0,Employed,666.0,17200.0,2,Bachelor,0
38,Male,50800.0,Employed,668.0,17300.0,1,Bachelor,1
62,Male,18000.0,Employed,616.0,20400.0,0,Bachelor,1
40,Male,50200.0,Employed,756.0,7200.0,0,Bachelor,1
36,Female,21600.0,Self-Employed,606.0,33500.0,0,PhD,0
57,Female,47900.0,Employed,672.0,14400.0,0,Bachelor,1
23,Male,76000.0,Employed,615.0,17600.0,1,Bachelor,1
47,Female,56600.0,Employed,633.0,23300.0,0,Bachelor,1
35,Female,61700.0,Employed,745.0,11300.0,0,Bachelor,1
54,Male,33300.0,Employed,738.0,11600.0,0,PhD,1
65,Male,18700.0,Employed,650.0,22800.0,0,Bachelor,1
42,Male,27300.0,Employed,777.0,23400.0,0,Bachelor,1
60,Male,34000.0,Retired,729.0,71200.0,4,High School,0
43,Male,39900.0,Employed,690.0,20900.0,0,Master,1
24,Male,75700.0,Self-Employed,757.0,24900.0,0,High School,1
61,Male,57800.0,Employed,801.0,72800.0,0,Bachelor,1
43,Male,121800.0,Employed,717.0,22200.0,0,High School,1
67,Female,24300.0,Employed,703.0,23400.0,0,Bachelor,1
29,Female,71800.0,Employed,517.0,3100.0,0,Master,1
44,Female,62200.0,Employed,702.0,14300.0,0,PhD,1
41,Male,37900.0,Employed,720.0,20400.0,0,PhD,1
61,Male,24800.0,Retired,707.0,11400.0,0,Bachelor,1
66,Female,29500.0,Employed,603.0,20500.0,0,High School,1
36,Male,28800.0,Self-Employed,622.0,27800.0,1,High School,0
45,Male,94400.0,Employed,741.0,31400.0,0,Bachelor,1
46,Female,60700.0,Employed,647.0,16900.0,0,Bachelor,1
65,Female,61900.0,Employed,695.0,7100.0,2,High School,0
29,Male,41900.0,Employed,501.0,19000.0,0,Bachelor,1
35,Male,35800.0,Employed,679.0,14000.0,1,Master,1
59,Male,47500.0,Employed,749.0,11400.0,0,Bachelor,1
53,Male,42200.0,Employed,706.0,15200.0,0,Bachelor,1
21,Male,38300.0,Employed,668.0,14600.0,0,Bachelor,1
25,Male,48200.0,Employed,591.0,15800.0,0,Master,1
29,Male,23600.0,Employed,528.0,13700.0,0,Bachelor,1
64,Female,45900.0,Self-Employed,614.0,42700.0,0,Bachelor,0
26,Female,38000.0,Employed,768.0,21200.0,0,Bachelor,1
48,Female,28100.0,Unemployed,675.0,21200.0,1,Bachelor,0
65,Male,55300.0,Employed,739.0,23100.0,0,Bachelor,1
46,Male,98500.0,Employed,802.0,7900.0,0,Master,1
48,Male,76000.0,Employed,691.0,33100.0,0,Master,1
60,Male,34800.0,Employed,752.0,120000.0,0,High School,0
35,Male,55900.0,Self-Employed,776.0,10100.0,0,Bachelor,1
26,Female,61200.0,Employed,561.0,12000.0,0,PhD,1
47,Female,42600.0,Employed,615.0,13000.0,0,Bachelor,1
58,Female,39700.0,Employed,537.0,21600.0,0,Bachelor,1
24,Male,47700.0,Employed,525.0,16600.0,4,Master,0
31,Female,141000.0,Unemployed,638.0,13200.0,0,Master,1
41,Male,45600.0,Self-Employed,658.0,25600.0,1,High School,0
50,Male,21300.0,Employed,521.0,22800.0,1,High School,0
38,Male,23800.0,Employed,719.0,37600.0,0,Master,0
55,Female,36800.0,Unemployed,639.0,19700.0,0,Bachelor,0
23,Female,21500.0,Employed,802.0,17600.0,2,Bachelor,0
32,Male,37600.0,Unemployed,696.0,13900.0,0,Master,1
47,Female,122100.0,Employed,695.0,20800.0,1,Master,1
50,Female,31100.0,Employed,663.0,9600.0,0,Bachelor,1
41,Male,23300.0,Self-Employed,670.0,34600.0,0,High School,0
58,Male,36200.0,Employed,711.0,26300.0,0,Master,1
41,Male,38100.0,Employed,757.0,20600.0,1,High School,1
58,Female,24500.0,Employed,567.0,14200.0,0,High School,1
60,Male,21600.0,Employed,609.0,48200.0,0,Bachelor,0
35,Female,79100.0,Employed,705.0,13000.0,0,Master,1
38,Male,51600.0,Employed,677.0,10800.0,0,Master,1
49,Female,31500.0,Employed,747.0,15000.0,0,PhD,1
58,Male,22500.0,Employed,623.0,29600.0,0,High School,0
41,Female,31000.0,Employed,787.0,42600.0,1,Bachelor,0
37,Female,21700.0,Retired,636.0,34100.0,0,High School,0
61,Female,30000.0,Self-Employed,653.0,8200.0,0,Master,1
38,Female,112800.0,Employed,773.0,17400.0,0,Bachelor,1
57,Male,45200.0,Employed,729.0,13500.0,2,PhD,0
58,Female,29500.0,Employed,848.0,22900.0,0,High School,1
32,Male,56400.0,Self-Employed,761.0,15100.0,0,Master,1
31,Male,25200.0,Employed,790.0,28700.0,0,High School,1
40,Female,32800.0,Self-Employed,655.0,13700.0,0,High School,1
29,Male,18000.0,Employed,791.0,10900.0,0,High School,1
21,Male,75900.0,Employed,686.0,39500.0,0,Bachelor,1
23,Female,36300.0,Employed,491.0,17700.0,4,Bachelor,0
41,Male,26700.0,Employed,720.0,30700.0,0,Bachelor,1
43,Female,55500.0,Employed,728.0,9000.0,1,Bachelor,1
29,Male,23800.0,Employed,587.0,10200.0,0,High School,1
39,Male,24500.0,Employed,711.0,8400.0,0,Bachelor,1
65,Male,33200.0,Employed,690.0,11300.0,0,Bachelor,1
66,Female,22100.0,Employed,783.0,12000.0,1,PhD,0
39,Female,28900.0,Employed,717.0,11400.0,0,High School,1
43,Female,36300.0,Self-Employed,680.0,17600.0,0,High School,1
47,Female,38000.0,Employed,567.0,9900.0,0,High School,1
47,Male,20700.0,Self-Employed,513.0,11400.0,0,Bachelor,1
59,Male,35500.0,Employed,788.0,20500.0,0,High School,1
56,Female,53700.0,Employed,714.0,58500.0,3,High School,0
32,Male,58300.0,Employed,660.0,24000.0,0,Master,1
47,Male,31300.0,Retired,727.0,22700.0,0,Bachelor,1
66,Male,36500.0,Employed,660.0,15400.0,0,Bachelor,1
54,Female,35500.0,Employed,510.0,5500.0,0,Bachelor,1
53,Female,20000.0,Unemployed,766.0,16000.0,3,Bachelor,0
48,Male,30600.0,Employed,777.0,9800.0,0,Bachelor,1
51,Male,59800.0,Employed,652.0,33300.0,2,Bachelor,0
52,Female,60200.0,Employed,676.0,46300.0,1,High School,0
40,Female,49300.0,Self-Employed,628.0,10400.0,1,Bachelor,0
60,Male,18000.0,Employed,837.0,17800.0,0,Master,1
55,Female,27200.0,Self-Employed,782.0,8000.0,2,Master,0
51,Male,50700.0,Employed,611.0,29600.0,1,Bachelor,0
51,Male,94500.0,Self-Employed,731.0,38100.0,0,Master,1
58,Female,39800.0,Employed,605.0,25400.0,0,Master,1
42,Female,42100.0,Employed,611.0,21800.0,0,High School,1
65,Male,37900.0,Employed,642.0,17600.0,1,High School,0
61,Female,20900.0,Self-Employed,628.0,24300.0,0,Master,0
29,Female,47900.0,Employed,547.0,15300.0,0,Bachelor,1
29,Female,18800.0,Employed,793.0,14400.0,0,Bachelor,1
35,Female,38500.0,Employed,698.0,38300.0,0,Bachelor,1
33,Female,42000.0,Employed,812.0,28800.0,0,Bachelor,1
42,Male,41100.0,Retired,666.0,12800.0,1,Master,0
36,Male,21000.0,Employed,555.0,53300.0,0,High School,0
52,Male,28200.0,Employed,767.0,11900.0,1,Bachelor,1
22,Male,56600.0,Employed,702.0,57500.0,0,Master,1
46,Female,41600.0,Self-Employed,657.0,8300.0,1,Bachelor,0
34,Male,28200.0,Self-Employed,782.0,16500.0,0,High School,1
58,Male,23500.0,Unemployed,566.0,23700.0,0,Bachelor,0
54,Male,60000.0,Employed,763.0,22200.0,2,High School,0
28,Male,40800.0,Self-Employed,741.0,20100.0,0,Master,1
56,Male,22800.0,Employed,700.0,38700.0,0,Bachelor,0
41,Female,36500.0,Employed,554.0,23500.0,0,Master,1
66,Male,26800.0,Self-Employed,760.0,24600.0,0,Bachelor,1
63,Female,46700.0,Employed,743.0,12500.0,1,Bachelor,1
48,Female,75100.0,Self-Employed,703.0,29500.0,0,Master,1
66,Male,23400.0,Employed,675.0,13800.0,0,Bachelor,1
64,Male,43400.0,Employed,584.0,35700.0,0,High School,1
26,Male,43000.0,Employed,585.0,42800.0,0,Master,1
40,Female,18000.0,Employed,614.0,18900.0,0,Bachelor,0
51,Female,60900.0,Employed,546.0,24700.0,0,High School,1
53,Male,114600.0,Employed,549.0,21400.0,0,Bachelor,1
64,Female,43000.0,Unemployed,642.0,17300.0,0,Bachelor,0
27,Female,79200.0,Unemployed,567.0,15800.0,0,Bachelor,1
28,Male,21400.0,Employed,660.0,9100.0,0,Bachelor,1
29,Male,28000.0,Employed,686.0,12100.0,0,High School,1
22,Female,41600.0,Employed,557.0,19100.0,0,PhD,1
37,Female,26200.0,Employed,750.0,42600.0,0,High School,0
65,Female,40900.0,Employed,766.0,22200.0,3,Bachelor,0
57,Female,66300.0,Employed,494.0,35700.0,0,High School,1
62,Female,25800.0,Employed,795.0,6300.0,0,Master,1
64,Male,67800.0,Self-Employed,728.0,40900.0,0,High School,1
37,Female,18000.0,Employed,688.0,26700.0,2,Bachelor,0
58,Female,30200.0,Employed,804.0,33600.0,0,High School,1
55,Female,36400.0,Employed,689.0,5600.0,0,Bachelor,1
67,Male,25200.0,Employed,614.0,14200.0,3,High School,0
59,Male,30400.0,Employed,553.0,9600.0,0,Bachelor,1
50,Male,80700.0,Employed,670.0,27600.0,0,Bachelor,1
26,Male,74600.0,Employed,670.0,24500.0,3,High School,0
24,Male,57500.0,Employed,535.0,31600.0,0,Bachelor,1
57,Female,67500.0,Employed,650.0,14400.0,0,Bachelor,1
55,Female,29400.0,Employed,811.0,29500.0,0,Bachelor,1
29,Male,21800.0,Self-Employed,723.0,18100.0,0,Bachelor,1
26,Female,26800.0,Employed,565.0,36500.0,0,PhD,0
33,Male,28900.0,Employed,706.0,27300.0,0,Master,1
42,Male,29600.0,Self-Employed,740.0,11700.0,0,PhD,1
48,Male,52300.0,Employed,768.0,21400.0,0,High School,1
50,Male,47200.0,Employed,730.0,7900.0,0,High School,1
56,Male,36800.0,Employed,779.0,36900.0,1,Master,0
22,Male,37900.0,Employed,744.0,26900.0,2,High School,0
56,Male,69400.0,Employed,659.0,27500.0,0,Bachelor,1
28,Female,21000.0,Employed,708.0,31300.0,0,Bachelor,0
65,Male,59600.0,Self-Employed,661.0,20600.0,0,PhD,1
62,Female,18000.0,Employed,714.0,7500.0,0,High School,1
29,Female,30200.0,Employed,742.0,32200.0,0,Bachelor,1
21,Female,85400.0,Employed,674.0,11600.0,0,Bachelor,1
33,Female,46600.0,Employed,706.0,11000.0,1,Bachelor,1
35,Male,31800.0,Employed,639.0,28300.0,0,Bachelor,1
52,Male,63400.0,Self-Employed,654.0,13200.0,0,High School,1
54,Female,54000.0,Employed,674.0,19900.0,0,Bachelor,1
63,Male,53000.0,Employed,632.0,27900.0,0,Bachelor,1
51,Female,36300.0,Employed,793.0,27400.0,0,Bachelor,1
34,Female,64900.0,Employed,731.0,34900.0,0,Bachelor,1
67,Female,29100.0,Self-Employed,743.0,13000.0,0,Master,1
34,Female,28400.0,Employed,728.0,15000.0,0,Bachelor,1
49,Female,102500.0,Employed,694.0,22300.0,0,Bachelor,1
67,Female,31300.0,Retired,577.0,8300.0,0,Master,1
39,Male,18000.0,Employed,775.0,11100.0,0,Bachelor,1
47,Female,68300.0,Employed,850.0,10600.0,1,Bachelor,1
29,Male,79300.0,Self-Employed,736.0,5100.0,0,High School,1
57,Male,35700.0,Self-Employed,613.0,13100.0,2,Bachelor,0
57,Female,18000.0,Employed,730.0,18200.0,0,High School,1
63,Male,39000.0,Employed,612.0,19900.0,0,Bachelor,1
48,Male,113100.0,Employed,639.0,13700.0,0,High School,1
44,Male,44400.0,Employed,474.0,10800.0,0,Bachelor,1
48,Female,59000.0,Employed,796.0,16800.0,0,Bachelor,1
56,Male,60700.0,Self-Employed,707.0,13300.0,0,Bachelor,1
38,Female,65200.0,Employed,729.0,4400.0,0,PhD,1
45,Male,101900.0,Employed,747.0,10700.0,1,Bachelor,1
55,Female,68900.0,Employed,721.0,21700.0,1,High School,1
24,Female,38500.0,Employed,763.0,17900.0,0,Bachelor,1
34,Male,23000.0,Employed,796.0,20200.0,0,Bachelor,1
59,Male,49800.0,Unemployed,677.0,26100.0,0,Bachelor,1
46,Male,36400.0,Employed,539.0,21200.0,0,Bachelor,1
28,Female,57400.0,Employed,608.0,19000.0,0,High School,1
44,Female,26100.0,Employed,733.0,14100.0,0,High School,1
36,Female,34500.0,Self-Employed,593.0,12000.0,0,Master,1
40,Male,40400.0,Self-Employed,675.0,18700.0,0,High School,1
35,Female,25100.0,Self-Employed,850.0,9800.0,0,Master,1
27,Female,40900.0,Employed,769.0,27600.0,0,Bachelor,1
37,Female,59500.0,Self-Employed,509.0,10200.0,0,Master,1
42,Female,104300.0,Employed,850.0,41800.0,0,High School,1
42,Male,27800.0,Employed,796.0,17400.0,0,Bachelor,1
32,Male,63100.0,Retired,736.0,35700.0,0,High School,1
38,Female,18000.0,Self-Employed,691.0,9500.0,1,Master,0
66,Female,40000.0,Self-Employed,563.0,48400.0,0,Bachelor,0
67,Female,41600.0,Employed,648.0,9400.0,0,Bachelor,1
35,Male,60300.0,Employed,511.0,17500.0,2,Master,0
57,Male,31000.0,Unemployed,761.0,8200.0,1,High School,0
36,Male,45400.0,Employed,696.0,18300.0,0,High School,1
25,Male,69900.0,Employed,617.0,16600.0,1,Bachelor,1
22,Female,22800.0,Self-Employed,766.0,4600.0,0,Bachelor,1
48,Female,18000.0,Employed,708.0,19700.0,2,Bachelor,0
61,Male,68900.0,Self-Employed,819.0,24600.0,0,Bachelor,1
47,Male,24400.0,Self-Employed,642.0,10800.0,0,High School,1
51,Male,50400.0,Employed,798.0,15200.0,0,Bachelor,1
61,Male,106400.0,Employed,699.0,15800.0,0,High School,1
56,Female,61000.0,Employed,614.0,48600.0,0,High School,1
67,Female,24700.0,Self-Employed,730.0,20300.0,0,Bachelor,1
63,Male,19300.0,Employed,686.0,13000.0,0,Bachelor,1
21,Female,27200.0,Employed,719.0,9300.0,1,Bachelor,0
49,Female,43800.0,Employed,596.0,6500.0,0,Bachelor,1
21,Female,35400.0,Employed,484.0,16700.0,1,Master,0
28,Male,79300.0,Employed,638.0,19300.0,2,Bachelor,0
36,Female,56000.0,Self-Employed,729.0,8700.0,0,High School,1
48,Male,27900.0,Retired,726.0,7700.0,0,Bachelor,1
42,Male,61300.0,Employed,641.0,23900.0,0,Master,1
38,Male,85200.0,Employed,700.0,32400.0,0,High School,1
42,Male,34300.0,Employed,647.0,15200.0,0,PhD,1
61,Male,51000.0,Employed,669.0,24500.0,0,Bachelor,1
32,Male,25900.0,Employed,787.0,17000.0,0,Bachelor,1
39,Male,37400.0,Retired,567.0,85800.0,0,Bachelor,0
45,Female,25700.0,Employed,840.0,17200.0,0,High School,1
25,Female,74600.0,Employed,695.0,41200.0,0,Master,1
54,Male,31200.0,Employed,850.0,25300.0,0,PhD,1
59,Female,50000.0,Unemployed,838.0,13000.0,0,Master,1
30,Female,55100.0,Employed,487.0,25700.0,0,High School,1
67,Female,190000.0,Employed,696.0,17400.0,1,Bachelor,1
27,Male,35100.0,Employed,597.0,9800.0,0,Bachelor,1
57,Female,27200.0,Employed,668.0,19100.0,0,Master,1
67,Female,38700.0,Employed,719.0,13900.0,1,Bachelor,1
35,Female,26200.0,Employed,804.0,17500.0,0,PhD,1
62,Male,31500.0,Employed,588.0,17300.0,0,Bachelor,1
44,Male,57700.0,Unemployed,850.0,15800.0,0,Bachelor,1
46,Female,28700.0,Self-Employed,631.0,10200.0,0,Bachelor,1
46,Male,53200.0,Employed,566.0,37500.0,0,Bachelor,1
66,Male,54100.0,Retired,773.0,17300.0,0,High School,1
46,Male,45500.0,Employed,691.0,20600.0,0,Bachelor,1
30,Female,56100.0,Self-Employed,850.0,16000.0,0,Bachelor,1
37,Female,34600.0,Employed,596.0,14100.0,0,Bachelor,1
34,Male,18000.0,Employed,696.0,20300.0,0,High School,1
22,Female,41300.0,Employed,788.0,41900.0,0,Master,1
33,Male,41700.0,Employed,608.0,7100.0,0,Master,1
47,Female,33400.0,Employed,789.0,9400.0,0,Master,1
29,Female,55500.0,Employed,714.0,14800.0,1,Bachelor,1
27,Female,58800.0,Employed,595.0,11200.0,0,Bachelor,1
30,Female,44800.0,Self-Employed,787.0,60400.0,0,Bachelor,0
29,Male,42200.0,Employed,663.0,14600.0,0,Master,1
42,Female,73800.0,Self-Employed,781.0,24000.0,0,Bachelor,1
43,Male,23500.0,Self-Employed,620.0,15200.0,0,High School,1
27,Female,34000.0,Employed,557.0,3900.0,0,Bachelor,1
29,Female,66100.0,Employed,643.0,14100.0,2,High School,0
47,Female,52500.0,Employed,670.0,8900.0,0,Bachelor,1
44,Male,35700.0,Unemployed,697.0,22000.0,0,Bachelor,0
49,Female,48800.0,Employed,725.0,15100.0,0,Bachelor,1
37,Male,30500.0,Self-Employed,847.0,11400.0,1,Bachelor,1
40,Male,43500.0,Self-Employed,671.0,16800.0,0,PhD,1
27,Female,56600.0,Unemployed,831.0,13900.0,0,Bachelor,1
63,Male,76600.0,Employed,767.0,33300.0,0,Bachelor,1
60,Female,55900.0,Employed,673.0,25300.0,0,High School,1
27,Male,79400.0,Self-Employed,706.0,51000.0,0,High School,1
48,Male,19500.0,Self-Employed,714.0,27800.0,0,High School,0
39,Female,18000.0,Employed,767.0,24200.0,0,High School,0
40,Female,18000.0,Employed,780.0,25800.0,0,Bachelor,0
64,Male,70100.0,Employed,561.0,28000.0,1,High School,0
59,Female,54300.0,Employed,763.0,6100.0,0,Bachelor,1
60,Male,28000.0,Self-Employed,715.0,24600.0,0,High School,1
27,Female,33100.0,Employed,713.0,6900.0,0,Bachelor,1
26,Male,47500.0,Employed,669.0,5700.0,2,High School,0
45,Female,28000.0,Employed,740.0,9300.0,0,High School,1
61,Female,26700.0,Self-Employed,756.0,21000.0,1,Bachelor,0
33,Female,28900.0,Employed,690.0,8300.0,4,Bachelor,0
59,Male,27700.0,Employed,767.0,24500.0,0,High School,1
60,Female,41000.0,Employed,626.0,48100.0,2,High School,0
42,Female,92200.0,Employed,681.0,15000.0,0,High School,1
37,Female,24300.0,Employed,711.0,20400.0,0,Master,1
42,Male,38700.0,Employed,654.0,11800.0,2,Bachelor,0
54,Female,50500.0,Employed,652.0,8600.0,0,Bachelor,1
28,Female,52500.0,Employed,601.0,16000.0,0,Bachelor,1
65,Male,31200.0,Unemployed,717.0,11300.0,3,Bachelor,0
38,Male,54700.0,Employed,845.0,13700.0,0,Bachelor,1
44,Female,49500.0,Employed,731.0,11600.0,0,Master,1
62,Male,32000.0,Employed,666.0,8100.0,1,Master,1
22,Female,20400.0,Employed,792.0,16800.0,0,Bachelor,1
22,Female,22700.0,Employed,677.0,5700.0,0,Bachelor,1
47,Female,58300.0,Self-Employed,744.0,24400.0,0,High School,1
34,Male,81900.0,Employed,728.0,6500.0,0,Bachelor,1
59,Male,40100.0,Unemployed,553.0,12600.0,0,High School,0
32,Female,80900.0,Employed,689.0,36300.0,0,Bachelor,1
52,Male,39100.0,Employed,850.0,27700.0,0,Bachelor,1
48,Female,22600.0,Retired,634.0,18000.0,0,Bachelor,0
48,Male,36100.0,Employed,815.0,67200.0,1,Bachelor,0
66,Male,84600.0,Employed,766.0,19100.0,0,Bachelor,1
45,Male,29700.0,Self-Employed,642.0,34000.0,0,High School,0
24,Female,37500.0,Employed,689.0,12400.0,0,Master,1
46,Female,72600.0,Employed,599.0,3200.0,0,Master,1
56,Male,70200.0,Employed,761.0,20700.0,0,Master,1
23,Male,46800.0,Self-Employed,600.0,23500.0,1,Master,0
21,Male,52400.0,Employed,723.0,23100.0,0,Master,1
37,Female,68300.0,Employed,844.0,7600.0,1,High School,1
27,Male,46800.0,Retired,634.0,107700.0,1,Master,0
25,Female,76100.0,Employed,718.0,9300.0,0,Bachelor,1
39,Male,56200.0,Employed,561.0,19200.0,0,High School,1
59,Male,37300.0,Self-Employed,692.0,21000.0,0,Bachelor,1
66,Male,49900.0,Employed,602.0,29500.0,0,Bachelor,1
54,Female,33100.0,Employed,709.0,11900.0,0,Bachelor,1
55,Male,24800.0,Employed,643.0,24700.0,0,Bachelor,1
36,Male,22700.0,Self-Employed,604.0,47600.0,0,Bachelor,0
60,Female,36200.0,Employed,677.0,13700.0,0,High School,1
67,Female,46900.0,Retired,463.0,13300.0,0,Bachelor,1
59,Male,98800.0,Employed,599.0,9800.0,0,High School,1
47,Male,49400.0,Employed,850.0,20900.0,1,Bachelor,1
61,Female,44200.0,Employed,669.0,10600.0,0,High School,1
58,Male,38200.0,Employed,648.0,27300.0,0,Bachelor,1
45,Female,33600.0,Employed,720.0,13500.0,0,High School,1
46,Female,42800.0,Self-Employed,779.0,15600.0,1,Bachelor,0
34,Male,35000.0,Employed,829.0,9900.0,0,Master,1
34,Male,34100.0,Employed,684.0,65500.0,0,High School,0
34,Male,60500.0,Retired,672.0,19200.0,0,Bachelor,1
45,Female,25500.0,Employed,723.0,9000.0,0,High School,1
56,Male,35400.0,Retired,695.0,21300.0,0,Bachelor,1
24,Male,28500.0,Employed,676.0,6500.0,0,Bachelor,1
67,Female,42600.0,Employed,741.0,12100.0,0,Bachelor,1
35,Female,61500.0,Self-Employed,740.0,23300.0,0,High School,1
52,Male,47800.0,Self-Employed,695.0,24600.0,0,Bachelor,1
38,Female,35900.0,Employed,850.0,30900.0,0,Bachelor,1
34,Male,64200.0,Employed,850.0,39400.0,0,Bachelor,1
21,Male,62400.0,Employed,737.0,16200.0,0,Bachelor,1
62,Male,40900.0,Employed,788.0,30800.0,0,Master,1
40,Male,89000.0,Self-Employed,633.0,29200.0,0,Bachelor,1
30,Male,49500.0,Employed,693.0,29900.0,3,Bachelor,0
30,Male,48800.0,Self-Employed,752.0,7400.0,0,High School,1
44,Female,22000.0,Employed,809.0,21100.0,0,Bachelor,1
54,Female,18000.0,Employed,602.0,15200.0,0,Bachelor,1
48,Female,41400.0,Self-Employed,634.0,39400.0,0,Master,0
47,Male,66100.0,Employed,697.0,19200.0,0,Bachelor,1
60,Male,47300.0,Self-Employed,820.0,14200.0,1,Bachelor,1
21,Male,64600.0,Employed,697.0,15000.0,0,Bachelor,1
53,Female,32600.0,Employed,788.0,14500.0,0,Master,1
24,Female,41800.0,Employed,676.0,19800.0,0,Bachelor,1
27,Male,40500.0,Unemployed,752.0,21900.0,1,High School,0
29,Male,18000.0,Employed,597.0,16000.0,1,High School,0
36,Male,98200.0,Employed,626.0,14900.0,0,Master,1
25,Male,73000.0,Employed,669.0,10200.0,0,Bachelor,1
54,Male,63800.0,Employed,588.0,42900.0,1,High School,0
43,Female,76300.0,Employed,583.0,15300.0,2,Bachelor,0
63,Female,31800.0,Employed,652.0,20800.0,0,Bachelor,1
45,Male,59700.0,Employed,561.0,23100.0,0,Bachelor,1
33,Male,31700.0,Employed,674.0,21200.0,2,Master,0
44,Female,43200.0,Self-Employed,708.0,13700.0,0,High School,1
31,Male,18000.0,Self-Employed,613.0,25800.0,1,PhD,0
37,Male,37300.0,Employed,654.0,42600.0,0,PhD,1
57,Male,18700.0,Employed,652.0,27000.0,0,High School,0
33,Male,21400.0,Employed,815.0,23400.0,0,High School,1
47,Male,39100.0,Employed,694.0,26600.0,0,Bachelor,1
40,Female,28200.0,Retired,850.0,18800.0,1,High School,0
53,Male,47500.0,Employed,645.0,15300.0,0,Bachelor,1
62,Male,92700.0,Employed,645.0,56900.0,0,Bachelor,1
52,Female,29400.0,Self-Employed,778.0,45200.0,1,Bachelor,0
28,Male,35200.0,Employed,466.0,13500.0,1,PhD,0
49,Female,56000.0,Employed,746.0,35600.0,0,Master,1
60,Female,28700.0,Employed,672.0,23900.0,0,High School,1
39,Male,28100.0,Employed,690.0,19500.0,0,Bachelor,1
26,Female,32100.0,Employed,651.0,44600.0,0,Bachelor,0
64,Male,62300.0,Employed,730.0,19300.0,0,Bachelor,1
59,Female,18000.0,Employed,523.0,21000.0,0,Bachelor,0
61,Male,26300.0,Self-Employed,617.0,24200.0,0,Master,1
41,Female,86300.0,Employed,847.0,8600.0,0,Bachelor,1
42,Female,18000.0,Employed,685.0,21200.0,0,Bachelor,0
62,Male,37700.0,Employed,579.0,7900.0,0,Master,1
30,Female,86200.0,Employed,685.0,25600.0,0,Bachelor,1
30,Female,104300.0,Employed,744.0,25000.0,0,High School,1
49,Female,59900.0,Employed,688.0,36500.0,0,High School,1
36,Male,72100.0,Employed,670.0,26300.0,0,High School,1
21,Female,25000.0,Employed,630.0,84600.0,0,Bachelor,0
37,Male,26000.0,Employed,572.0,7700.0,0,Bachelor,1
50,Male,94600.0,Unemployed,521.0,17800.0,1,High School,0
46,Male,35200.0,Employed,609.0,33800.0,0,High School,1
66,Male,18000.0,Self-Employed,792.0,35800.0,0,High School,0
39,Female,49500.0,Employed,644.0,12800.0,1,Bachelor,0
41,Male,36500.0,Employed,666.0,36700.0,0,High School,1
37,Female,41800.0,Employed,551.0,7500.0,0,Bachelor,1
66,Male,18000.0,Unemployed,681.0,11100.0,0,Master,0
60,Male,18000.0,Self-Employed,646.0,23100.0,0,High School,0
41,Male,46700.0,Retired,652.0,21300.0,0,High School,1
61,Male,34500.0,Self-Employed,629.0,38300.0,0,High School,0
60,Male,31900.0,Employed,631.0,30800.0,0,High School,1
65,Male,48800.0,Retired,659.0,13900.0,0,Bachelor,1
39,Female,27200.0,Retired,677.0,38400.0,0,High School,0
27,Male,35100.0,Employed,488.0,25100.0,0,Bachelor,1
37,Male,32100.0,Unemployed,537.0,29600.0,0,Bachelor,0
21,Male,62500.0,Employed,635.0,29200.0,0,Bachelor,1
57,Female,18000.0,Unemployed,758.0,15600.0,1,Master,0
26,Female,29000.0,Unemployed,560.0,32600.0,0,Bachelor,0
46,Male,69200.0,Unemployed,729.0,22200.0,4,Master,0
22,Male,26400.0,Unemployed,821.0,31100.0,0,Bachelor,0
52,Male,42600.0,Employed,657.0,44100.0,0,Bachelor,1
25,Female,92500.0,Employed,642.0,17000.0,0,Bachelor,1
57,Male,43400.0,Employed,726.0,33700.0,0,Bachelor,1
51,Male,117000.0,Employed,689.0,14700.0,0,Bachelor,1
32,Male,80800.0,Employed,627.0,13700.0,0,Bachelor,1
55,Male,29000.0,Employed,703.0,18000.0,1,Bachelor,0
50,Male,21300.0,Employed,622.0,17900.0,0,Bachelor,1
26,Female,29700.0,Self-Employed,797.0,23800.0,0,Bachelor,1
35,Male,48500.0,Self-Employed,662.0,9200.0,0,High School,1
35,Female,47700.0,Employed,716.0,25300.0,0,High School,1
36,Male,56000.0,Employed,821.0,16500.0,0,Master,1
40,Male,25300.0,Employed,665.0,5800.0,0,Master,1
33,Female,27200.0,Employed,616.0,22900.0,3,High School,0
64,Male,53100.0,Employed,631.0,42100.0,0,High School,1
62,Female,108600.0,Self-Employed,680.0,34200.0,0,PhD,1
66,Female,23200.0,Employed,668.0,18000.0,0,Bachelor,1
51,Male,38700.0,Self-Employed,665.0,14000.0,0,High School,1
54,Female,33500.0,Employed,710.0,30400.0,0,High School,1
49,Male,43200.0,Employed,690.0,14000.0,0,Bachelor,1
23,Female,22100.0,Self-Employed,641.0,17600.0,0,High School,0
29,Male,41900.0,Employed,681.0,84300.0,4,Bachelor,0
31,Female,73900.0,Employed,621.0,44000.0,3,Bachelor,0
31,Male,18000.0,Self-Employed,639.0,16200.0,0,Bachelor,1
45,Male,66000.0,Employed,482.0,27200.0,1,High School,0
42,Female,22100.0,Employed,609.0,46900.0,0,PhD,0
62,Female,45700.0,Employed,749.0,23900.0,0,High School,1
66,Female,51200.0,Self-Employed,733.0,9400.0,0,Bachelor,1
29,Female,48400.0,Employed,742.0,22200.0,0,Bachelor,1
40,Female,34000.0,Self-Employed,716.0,15700.0,0,High School,1
41,Male,55900.0,Employed,639.0,15900.0,0,Bachelor,1
30,Male,21400.0,Employed,572.0,12100.0,1,High School,0
42,Male,63400.0,Employed,653.0,9300.0,1,Bachelor,1
49,Male,31800.0,Employed,417.0,12800.0,0,High School,1
29,Male,47100.0,Employed,777.0,28500.0,0,Bachelor,1
25,Female,33700.0,Employed,697.0,32700.0,0,High School,1
60,Male,86300.0,Employed,753.0,64900.0,0,Master,1
31,Female,50000.0,Employed,636.0,13500.0,0,Bachelor,1
21,Male,55600.0,Unemployed,543.0,11300.0,0,Bachelor,1
62,Male,59500.0,Employed,696.0,30800.0,0,Bachelor,1
21,Male,35600.0,Unemployed,695.0,7500.0,1,Bachelor,0
59,Female,46400.0,Self-Employed,668.0,5500.0,0,High School,1
66,Female,43600.0,Employed,704.0,30100.0,0,PhD,1
25,Female,55400.0,Employed,639.0,10400.0,0,Bachelor,1
42,Male,32100.0,Employed,697.0,12000.0,0,Master,1
46,Female,28200.0,Retired,720.0,26600.0,0,Bachelor,0
26,Male,72500.0,Employed,822.0,19000.0,1,High School,1
52,Male,59500.0,Retired,745.0,15400.0,2,Bachelor,0
31,Male,26400.0,Employed,575.0,8300.0,0,Bachelor,1
30,Male,103900.0,Unemployed,647.0,13100.0,2,High School,0
67,Male,30200.0,Employed,607.0,13500.0,0,Bachelor,1
59,Female,42600.0,Self-Employed,797.0,14200.0,0,Bachelor,1
54,Female,72000.0,Employed,638.0,26100.0,0,High School,1
51,Male,71700.0,Employed,658.0,22000.0,0,High School,1
32,Male,28200.0,Employed,670.0,15900.0,0,Bachelor,1
64,Male,52000.0,Employed,714.0,19600.0,0,Bachelor,1
36,Male,34400.0,Employed,579.0,53000.0,0,Master,0
58,Female,49500.0,Employed,679.0,22600.0,0,High School,1
23,Male,37700.0,Employed,760.0,43300.0,2,Master,0
22,Female,32800.0,Employed,652.0,12900.0,1,Master,0
25,Male,24800.0,Employed,835.0,16100.0,0,PhD,1
31,Female,72600.0,Employed,605.0,14900.0,0,High School,1
45,Male,27700.0,Self-Employed,637.0,22900.0,0,High School,1
55,Female,83600.0,Employed,746.0,24200.0,0,High School,1
55,Male,34700.0,Employed,683.0,25100.0,0,Master,1
42,Female,51100.0,Employed,661.0,4400.0,0,Master,1
57,Male,86600.0,Unemployed,585.0,10600.0,0,High School,1
42,Male,32400.0,Employed,630.0,21100.0,3,High School,0
31,Female,50800.0,Self-Employed,836.0,55300.0,0,Bachelor,1
52,Female,51400.0,Employed,707.0,13300.0,2,High School,0
55,Female,28800.0,Self-Employed,729.0,68800.0,2,Bachelor,0
51,Female,44900.0,Employed,627.0,8100.0,0,Master,1
65,Female,58200.0,Self-Employed,697.0,20900.0,0,Bachelor,1
28,Male,93900.0,Employed,657.0,16400.0,0,Bachelor,1
40,Male,32600.0,Employed,574.0,13400.0,0,High School,1
62,Male,47700.0,Employed,618.0,31000.0,0,High School,1
54,Female,37700.0,Unemployed,636.0,17200.0,0,Bachelor,0
24,Male,44200.0,Self-Employed,850.0,7300.0,0,Master,1
38,Male,29900.0,Self-Employed,839.0,5600.0,1,Bachelor,1
24,Female,36900.0,Employed,538.0,9500.0,0,High School,1
40,Female,85700.0,Employed,610.0,26400.0,0,High School,1
29,Male,42800.0,Employed,665.0,16000.0,1,Bachelor,1
36,Male,41700.0,Employed,682.0,33600.0,0,High School,1
46,Male,26200.0,Self-Employed,669.0,16500.0,1,High School,0
58,Male,69300.0,Employed,837.0,21300.0,2,High School,0
45,Male,61300.0,Employed,640.0,44600.0,0,Bachelor,1
24,Female,42800.0,Employed,834.0,16100.0,0,Bachelor,1
61,Female,103800.0,Self-Employed,762.0,58400.0,0,High School,1
65,Female,30800.0,Employed,675.0,27100.0,0,High School,1
61,Male,23800.0,Retired,625.0,10200.0,0,Bachelor,1
58,Female,38300.0,Employed,624.0,8700.0,0,Bachelor,1
39,Male,26300.0,Self-Employed,845.0,7600.0,1,Bachelor,1
34,Male,45300.0,Employed,741.0,18400.0,0,Bachelor,1
41,Female,41600.0,Employed,705.0,6800.0,1,Master,1
35,Male,71400.0,Self-Employed,493.0,52100.0,0,Bachelor,1
23,Male,32000.0,Employed,638.0,69100.0,1,Bachelor,0
57,Female,47400.0,Employed,649.0,6900.0,0,Master,1
66,Male,44000.0,Employed,699.0,21000.0,0,Master,1
36,Female,60900.0,Employed,668.0,5600.0,0,Master,1
34,Male,22800.0,Self-Employed,647.0,27600.0,0,Bachelor,0
29,Female,25600.0,Employed,707.0,31800.0,0,Bachelor,0
67,Male,30000.0,Self-Employed,756.0,18000.0,0,Bachelor,1
27,Male,23300.0,Employed,629.0,21600.0,0,Master,1
34,Female,54500.0,Employed,596.0,12100.0,0,High School,1
26,Male,54800.0,Employed,632.0,18500.0,0,Master,1
41,Male,69300.0,Unemployed,598.0,27700.0,1,Bachelor,0
35,Male,37300.0,Unemployed,657.0,16100.0,0,High School,1
28,Male,31900.0,Employed,850.0,37600.0,0,Bachelor,1
54,Male,25000.0,Employed,651.0,11900.0,0,Bachelor,1
60,Male,77000.0,Self-Employed,586.0,14900.0,0,Master,1
21,Female,35900.0,Self-Employed,642.0,5200.0,0,High School,1
52,Male,27900.0,Self-Employed,813.0,72600.0,0,Master,0
25,Male,58400.0,Employed,656.0,5500.0,3,Master,0
50,Male,33900.0,Employed,611.0,35200.0,0,Bachelor,1
42,Male,23500.0,Employed,533.0,23300.0,0,High School,0
40,Female,26000.0,Employed,652.0,18000.0,0,Master,1
36,Male,42000.0,Self-Employed,557.0,10600.0,4,Bachelor,0
27,Female,23500.0,Employed,698.0,13700.0,0,Bachelor,1
27,Male,38500.0,Self-Employed,644.0,14300.0,0,Master,1
22,Female,26000.0,Employed,502.0,13200.0,2,Bachelor,0
67,Female,25000.0,Employed,821.0,5000.0,0,High School,1
34,Female,31400.0,Employed,850.0,25600.0,2,High School,0
51,Female,43500.0,Employed,702.0,26700.0,1,Bachelor,0
61,Female,47100.0,Employed,811.0,14600.0,0,High School,1
34,Male,63700.0,Employed,699.0,17600.0,0,High School,1
25,Male,27100.0,Unemployed,515.0,25500.0,0,Bachelor,0
31,Female,80500.0,Employed,658.0,7900.0,0,Bachelor,1
60,Male,156400.0,Self-Employed,626.0,6800.0,0,Master,1
25,Male,32500.0,Retired,553.0,18100.0,1,High School,0
49,Female,18000.0,Self-Employed,680.0,14800.0,0,Master,1
31,Male,18000.0,Self-Employed,617.0,14000.0,0,Bachelor,1
25,Female,31300.0,Employed,696.0,25900.0,3,Master,0
52,Female,28400.0,Employed,742.0,14200.0,0,Master,1
56,Female,40200.0,Self-Employed,824.0,23500.0,0,Bachelor,1
35,Female,51700.0,Employed,677.0,52300.0,0,Bachelor,1
39,Male,21100.0,Employed,585.0,63600.0,0,Master,0
42,Male,36800.0,Unemployed,634.0,30300.0,1,Bachelor,0
54,Male,31200.0,Employed,644.0,4300.0,0,Bachelor,1
37,Male,111100.0,Retired,850.0,26300.0,1,Bachelor,1
32,Female,20100.0,Employed,671.0,45800.0,0,High School,0
45,Female,27500.0,Self-Employed,723.0,21200.0,0,PhD,1
37,Male,40800.0,Self-Employed,772.0,12100.0,0,Bachelor,1
30,Male,27600.0,Employed,797.0,14100.0,0,High School,1
48,Female,70700.0,Employed,697.0,37700.0,0,High School,1
38,Male,24100.0,Employed,650.0,13100.0,0,Bachelor,1
38,Male,25400.0,Employed,638.0,10200.0,2,Master,0
65,Male,73800.0,Unemployed,571.0,12200.0,2,Bachelor,0
52,Female,22100.0,Employed,755.0,18700.0,3,PhD,0
34,Female,60900.0,Employed,850.0,15800.0,0,Bachelor,1
36,Female,32000.0,Employed,795.0,6900.0,0,Bachelor,1
38,Female,29500.0,Employed,682.0,13900.0,1,High School,0
36,Male,31100.0,Employed,571.0,56300.0,0,Bachelor,0
37,Male,22900.0,Retired,633.0,20200.0,0,Bachelor,1
27,Female,63200.0,Employed,714.0,26000.0,0,High School,1
32,Male,43000.0,Employed,651.0,7700.0,0,High School,1
54,Female,62700.0,Employed,669.0,26900.0,0,High School,1
30,Female,72300.0,Self-Employed,713.0,44500.0,1,Bachelor,0
25,Female,52600.0,Employed,698.0,21800.0,1,Bachelor,0
41,Female,19400.0,Employed,850.0,8700.0,0,Master,1
23,Female,24700.0,Employed,850.0,26500.0,0,High School,1
39,Female,61400.0,Self-Employed,654.0,29300.0,2,High School,0
65,Male,41300.0,Employed,768.0,11800.0,0,High School,1
64,Male,55600.0,Employed,562.0,34200.0,0,Master,1
55,Male,38400.0,Employed,760.0,23600.0,0,High School,1
26,Female,32400.0,Unemployed,721.0,5500.0,0,Bachelor,1
34,Male,55600.0,Employed,603.0,12700.0,0,High School,1
24,Female,18000.0,Self-Employed,778.0,14700.0,3,Bachelor,0
65,Male,34200.0,Employed,593.0,17400.0,0,Bachelor,1
38,Female,41500.0,Employed,669.0,18000.0,0,Bachelor,1
49,Male,44500.0,Self-Employed,692.0,29000.0,0,Bachelor,1
55,Female,21000.0,Employed,536.0,29600.0,0,Bachelor,0
58,Female,21400.0,Employed,694.0,47500.0,0,Bachelor,0
36,Male,33000.0,Employed,603.0,22100.0,1,High School,0
40,Male,38900.0,Employed,645.0,43700.0,3,Bachelor,0
44,Female,87300.0,Unemployed,672.0,31500.0,0,Bachelor,1
55,Male,25900.0,Unemployed,536.0,37700.0,0,Bachelor,0
64,Male,31400.0,Self-Employed,637.0,47000.0,0,Master,0
39,Female,88900.0,Unemployed,665.0,14700.0,0,High School,1
24,Female,68300.0,Retired,649.0,17200.0,0,Master,1
53,Female,23000.0,Self-Employed,599.0,5100.0,0,Bachelor,1
22,Male,56300.0,Employed,565.0,35000.0,0,Bachelor,1
33,Male,60900.0,Employed,593.0,33400.0,0,High School,1
65,Female,44300.0,Unemployed,515.0,19700.0,2,High School,0
50,Female,22300.0,Employed,608.0,29100.0,0,Bachelor,0
54,Female,29800.0,Self-Employed,784.0,34200.0,1,Master,0
50,Male,29300.0,Employed,549.0,18200.0,1,PhD,0
44,Male,52300.0,Employed,757.0,23300.0,0,Master,1
64,Male,32400.0,Employed,566.0,17900.0,0,High School,1
53,Male,35200.0,Employed,723.0,17000.0,0,High School,1
61,Male,29700.0,Unemployed,850.0,12000.0,3,Bachelor,0
30,Male,18400.0,Employed,730.0,7800.0,0,Master,1
38,Female,146900.0,Employed,664.0,8300.0,0,High School,1
39,Male,49100.0,Employed,666.0,17300.0,0,Bachelor,1
27,Female,83800.0,Employed,755.0,9200.0,0,Master,1
39,Female,23000.0,Employed,713.0,10200.0,0,Bachelor,1
44,Female,85800.0,Retired,703.0,11000.0,0,Master,1
35,Male,32900.0,Self-Employed,640.0,15200.0,0,High School,1
61,Female,52300.0,Employed,708.0,35500.0,0,Bachelor,1
62,Female,65900.0,Unemployed,528.0,5000.0,2,Bachelor,0
43,Female,85400.0,Retired,629.0,18600.0,3,Bachelor,0
24,Female,39200.0,Employed,832.0,10400.0,0,High School,1
58,Female,24300.0,Employed,754.0,17500.0,0,Bachelor,1
24,Female,39800.0,Employed,669.0,12400.0,0,Bachelor,1
25,Male,53900.0,Employed,587.0,16100.0,0,Bachelor,1
61,Female,30700.0,Employed,850.0,7100.0,0,PhD,1
64,Male,32500.0,Employed,627.0,23100.0,0,High School,1
43,Female,18500.0,Employed,599.0,18700.0,0,Bachelor,0
60,Male,24600.0,Unemployed,695.0,19800.0,1,Master,0
57,Male,50100.0,Self-Employed,634.0,32200.0,0,Master,1
31,Female,62400.0,Employed,509.0,7700.0,0,Bachelor,1
31,Female,69600.0,Self-Employed,558.0,9400.0,0,Master,1
33,Male,125200.0,Self-Employed,663.0,48800.0,0,High School,1
34,Male,84500.0,Employed,584.0,25000.0,1,Bachelor,1
28,Female,37200.0,Employed,548.0,5700.0,1,PhD,0
45,Male,25100.0,Employed,555.0,16200.0,0,PhD,1
38,Female,35300.0,Employed,664.0,34200.0,0,Bachelor,1
64,Male,30500.0,Employed,669.0,62900.0,0,High School,0
64,Female,43600.0,Employed,751.0,45900.0,2,High School,0
38,Female,62700.0,Employed,578.0,13700.0,0,Master,1
30,Male,51000.0,Employed,664.0,16700.0,1,Master,1
27,Male,88300.0,Unemployed,623.0,6100.0,0,Bachelor,1
64,Male,48900.0,Self-Employed,727.0,19200.0,1,Master,1
34,Female,21200.0,Self-Employed,681.0,20400.0,0,High School,0
35,Female,30200.0,Self-Employed,709.0,31100.0,1,High School,0
36,Female,49100.0,Self-Employed,785.0,4800.0,0,Bachelor,1
22,Male,45000.0,Employed,697.0,10400.0,0,High School,1
50,Male,77200.0,Unemployed,773.0,15800.0,0,PhD,1
50,Male,40300.0,Self-Employed,569.0,30500.0,0,High School,1
38,Male,36700.0,Employed,556.0,14200.0,0,High School,1
51,Female,18300.0,Employed,793.0,74200.0,0,Bachelor,0
64,Female,26800.0,Employed,704.0,9400.0,1,Bachelor,0
33,Female,46800.0,Employed,731.0,13400.0,1,High School,1
40,Male,44600.0,Employed,779.0,9400.0,1,Bachelor,1
55,Female,54000.0,Employed,616.0,15900.0,2,High School,0
43,Female,50300.0,Self-Employed,628.0,24000.0,0,High School,1
62,Female,37900.0,Employed,750.0,20100.0,0,High School,1
53,Female,24300.0,Employed,651.0,10700.0,2,Bachelor,0
58,Male,40100.0,Employed,633.0,37500.0,0,Bachelor,1
55,Male,39300.0,Self-Employed,572.0,41300.0,0,Bachelor,0
56,Female,79700.0,Unemployed,756.0,11900.0,0,Bachelor,1
40,Male,78000.0,Employed,634.0,114900.0,3,Bachelor,0
23,Male,31600.0,Employed,755.0,9300.0,0,Bachelor,1
28,Female,29400.0,Employed,722.0,18500.0,0,High School,1
60,Female,20400.0,Self-Employed,798.0,18500.0,0,Master,1
52,Female,37000.0,Self-Employed,536.0,9200.0,0,Bachelor,1
49,Male,31700.0,Self-Employed,436.0,20300.0,1,High School,0
27,Male,147800.0,Employed,829.0,16800.0,1,High School,1
22,Female,23000.0,Employed,766.0,23200.0,0,Bachelor,1
41,Female,41300.0,Employed,593.0,18000.0,0,Bachelor,1
26,Female,29100.0,Retired,610.0,29100.0,0,Bachelor,0
48,Female,40600.0,Employed,684.0,25900.0,0,Master,1
62,Female,34000.0,Self-Employed,663.0,10000.0,0,Bachelor,1
56,Female,60200.0,Unemployed,624.0,15100.0,1,High School,0
52,Male,50000.0,Self-Employed,608.0,11000.0,0,Bachelor,1
65,Female,59200.0,Employed,639.0,49000.0,0,Bachelor,1
62,Female,27600.0,Employed,722.0,32000.0,0,High School,1
66,Female,68800.0,Unemployed,681.0,22000.0,0,Master,1
29,Male,31500.0,Retired,638.0,24900.0,0,Bachelor,1
31,Female,19900.0,Employed,623.0,16800.0,1,PhD,0
43,Male,36600.0,Unemployed,850.0,19800.0,0,Bachelor,1
31,Male,42500.0,Employed,631.0,11500.0,0,Master,1
22,Male,21500.0,Employed,724.0,12100.0,1,Bachelor,0
23,Female,62100.0,Employed,850.0,26100.0,1,Master,1
31,Male,26800.0,Self-Employed,739.0,9500.0,0,Bachelor,1
55,Male,26200.0,Employed,720.0,11800.0,0,Bachelor,1
35,Male,40100.0,Employed,785.0,15700.0,0,High School,1
63,Female,61600.0,Employed,798.0,7300.0,0,High School,1
31,Male,21900.0,Employed,678.0,32900.0,0,Bachelor,0
51,Male,64200.0,Unemployed,567.0,26800.0,0,Master,1
48,Female,18000.0,Employed,667.0,23300.0,0,Bachelor,0
48,Male,47400.0,Self-Employed,729.0,14300.0,0,Bachelor,1
52,Female,22800.0,Self-Employed,651.0,36500.0,0,Bachelor,0
45,Female,26900.0,Self-Employed,660.0,23000.0,0,Master,1
40,Male,95700.0,Retired,818.0,32600.0,0,Bachelor,1
48,Male,24500.0,Employed,747.0,33800.0,0,Bachelor,1
45,Female,39000.0,Employed,730.0,13500.0,0,PhD,1
31,Male,23500.0,Employed,592.0,10600.0,0,Master,1
39,Male,59000.0,Employed,659.0,9900.0,0,Bachelor,1
48,Male,49200.0,Employed,713.0,18700.0,3,Master,0
21,Female,52800.0,Employed,735.0,3500.0,1,PhD,1
25,Male,70600.0,Unemployed,815.0,9500.0,1,Bachelor,1
30,Female,33900.0,Self-Employed,737.0,11900.0,1,Bachelor,0
62,Female,68700.0,Employed,634.0,12400.0,1,Master,1
66,Male,84500.0,Employed,840.0,25800.0,0,Bachelor,1
54,Male,46300.0,Employed,656.0,7600.0,0,PhD,1
56,Female,23100.0,Employed,758.0,6500.0,0,Bachelor,1
22,Male,22000.0,Self-Employed,631.0,6600.0,1,High School,0
38,Female,50100.0,Employed,614.0,24700.0,1,Bachelor,0
33,Male,23100.0,Employed,565.0,12700.0,0,High School,1
25,Male,20500.0,Employed,571.0,12500.0,2,High School,0
40,Male,62400.0,Employed,640.0,51300.0,0,PhD,1
22,Male,31900.0,Employed,791.0,23400.0,0,High School,1
31,Male,134600.0,Employed,702.0,11600.0,0,High School,1
50,Female,28900.0,Employed,529.0,7800.0,0,Bachelor,1
52,Male,31300.0,Employed,751.0,55800.0,0,Master,0
52,Male,48000.0,Employed,680.0,20800.0,0,Bachelor,1
58,Male,44500.0,Employed,809.0,13900.0,0,Bachelor,1
48,Female,38500.0,Self-Employed,638.0,20300.0,0,High School,1
30,Male,38000.0,Employed,603.0,14000.0,1,Bachelor,0
42,Female,203100.0,Employed,827.0,24500.0,0,PhD,1
37,Male,92100.0,Employed,765.0,6500.0,0,Master,1
42,Male,61200.0,Employed,535.0,14200.0,1,Bachelor,1
63,Male,21700.0,Employed,711.0,9600.0,0,Master,1
39,Female,38700.0,Employed,535.0,17200.0,0,Bachelor,1
37,Male,55800.0,Employed,761.0,10200.0,0,High School,1
44,Male,58300.0,Employed,585.0,12600.0,0,High School,1
56,Male,76000.0,Employed,573.0,13000.0,1,Bachelor,1
52,Female,29100.0,Employed,798.0,21100.0,0,Bachelor,1
66,Male,39400.0,Self-Employed,715.0,14300.0,0,PhD,1
56,Male,27500.0,Employed,743.0,9800.0,0,Bachelor,1
48,Male,78200.0,Employed,639.0,23100.0,1,Master,1
34,Male,56900.0,Employed,673.0,63000.0,0,PhD,1
56,Female,31100.0,Employed,813.0,14600.0,1,Master,1
26,Female,44900.0,Self-Employed,707.0,39400.0,0,Bachelor,1
29,Male,41200.0,Employed,850.0,7100.0,0,Bachelor,1
41,Male,25800.0,Self-Employed,663.0,11400.0,0,Bachelor,1
32,Male,63900.0,Employed,762.0,39200.0,0,High School,1
50,Male,41700.0,Employed,774.0,20600.0,0,High School,1
51,Male,30800.0,Employed,697.0,11700.0,0,High School,1
60,Female,25600.0,Self-Employed,796.0,29800.0,1,Bachelor,0
24,Female,61500.0,Employed,635.0,9700.0,0,Bachelor,1
51,Female,45900.0,Employed,753.0,18800.0,0,Master,1
47,Female,28400.0,Employed,592.0,31600.0,0,Bachelor,0
45,Female,31300.0,Employed,573.0,22400.0,1,Bachelor,0
25,Female,40200.0,Retired,683.0,81300.0,0,Bachelor,0
26,Male,41400.0,Employed,669.0,12800.0,0,High School,1
25,Female,44200.0,Employed,586.0,27400.0,0,Bachelor,1
47,Male,18000.0,Employed,745.0,30600.0,0,Bachelor,0
28,Male,42600.0,Employed,813.0,15800.0,2,Master,0
29,Female,21800.0,Employed,652.0,10300.0,0,Master,1
35,Male,81600.0,Employed,768.0,36200.0,0,High School,1
56,Male,67600.0,Employed,626.0,13300.0,1,Bachelor,1
61,Female,71600.0,Employed,663.0,26500.0,1,Bachelor,1
27,Male,18000.0,Self-Employed,676.0,23300.0,3,High School,0
52,Male,34600.0,Employed,751.0,19400.0,0,High School,1
28,Female,38600.0,Employed,673.0,40500.0,0,Master,1
67,Female,53500.0,Employed,510.0,22100.0,0,High School,1
35,Female,63000.0,Employed,782.0,26300.0,0,Bachelor,1
57,Male,76300.0,Employed,690.0,23000.0,2,Bachelor,0
39,Male,18000.0,Self-Employed,485.0,18900.0,0,High School,0
59,Female,26900.0,Employed,801.0,14300.0,1,PhD,1
26,Female,41300.0,Employed,805.0,17800.0,0,Master,1
39,Male,60800.0,Employed,588.0,26100.0,0,High School,1
48,Male,59900.0,Employed,559.0,23900.0,0,Master,1
37,Male,50900.0,Employed,777.0,25800.0,0,High School,1
62,Female,29200.0,Self-Employed,777.0,120000.0,1,High School,0
39,Male,31100.0,Unemployed,721.0,13400.0,0,High School,1
51,Female,29300.0,Employed,642.0,7000.0,1,Bachelor,0
31,Male,24600.0,Employed,613.0,14100.0,0,Bachelor,1
35,Female,24400.0,Employed,731.0,14600.0,0,High School,1
30,Female,23300.0,Employed,626.0,23500.0,0,High School,0
63,Female,47500.0,Employed,626.0,15500.0,0,Bachelor,1
43,Male,42700.0,Employed,747.0,28000.0,1,Bachelor,1
23,Female,25300.0,Self-Employed,764.0,11400.0,1,Bachelor,0
23,Female,18000.0,Employed,808.0,25500.0,0,Bachelor,1
38,Male,33400.0,Employed,525.0,7500.0,0,Bachelor,1
45,Female,84100.0,Employed,638.0,18000.0,0,High School,1
63,Female,40300.0,Self-Employed,651.0,11100.0,0,Master,1
40,Female,59900.0,Employed,678.0,14500.0,0,Bachelor,1
49,Female,43900.0,Employed,572.0,5300.0,1,Master,0
42,Male,39000.0,Employed,728.0,30100.0,0,Bachelor,1
35,Male,19200.0,Self-Employed,841.0,14300.0,0,Bachelor,1
59,Male,32700.0,Employed,579.0,16900.0,1,High School,0
30,Female,30700.0,Employed,696.0,23200.0,0,Bachelor,1
41,Female,84200.0,Self-Employed,787.0,11600.0,0,Master,1
49,Female,44000.0,Employed,660.0,13400.0,1,PhD,1
52,Male,76000.0,Employed,618.0,6200.0,0,Master,1
30,Male,70500.0,Employed,695.0,14800.0,0,Bachelor,1
33,Female,26300.0,Employed,742.0,45500.0,1,Bachelor,0
67,Male,40200.0,Employed,573.0,21200.0,2,Bachelor,0
43,Male,93200.0,Self-Employed,768.0,7300.0,1,High School,1
43,Female,53200.0,Employed,662.0,23300.0,0,High School,1
51,Male,51600.0,Retired,623.0,38900.0,1,Bachelor,0
24,Male,63400.0,Self-Employed,550.0,9800.0,0,Bachelor,1
23,Male,51000.0,Retired,624.0,15800.0,1,High School,0
41,Male,52700.0,Employed,628.0,16100.0,0,Master,1
22,Female,46700.0,Employed,578.0,19400.0,0,Bachelor,1
24,Male,33900.0,Self-Employed,720.0,19300.0,2,Bachelor,0
21,Male,23600.0,Self-Employed,693.0,26300.0,2,Bachelor,0
35,Male,18000.0,Self-Employed,763.0,16700.0,0,Bachelor,1
53,Female,34000.0,Employed,741.0,37800.0,0,PhD,1
26,Male,49900.0,Employed,626.0,5700.0,2,High School,0
27,Female,45200.0,Self-Employed,653.0,9000.0,0,Master,1
39,Male,55200.0,Self-Employed,617.0,44000.0,0,Bachelor,1
64,Male,37700.0,Employed,544.0,13500.0,0,Bachelor,1
21,Male,156500.0,Employed,713.0,25200.0,0,Master,1
59,Female,110600.0,Employed,694.0,16700.0,0,High School,1
39,Female,18800.0,Employed,628.0,31800.0,3,Bachelor,0
65,Male,55700.0,Unemployed,748.0,23100.0,0,Bachelor,1
46,Female,65100.0,Employed,651.0,87800.0,0,PhD,1
64,Female,18000.0,Employed,785.0,17800.0,0,Bachelor,1
32,Male,43600.0,Unemployed,667.0,14000.0,0,PhD,1
42,Female,52000.0,Employed,570.0,38800.0,0,Master,1
33,Male,40000.0,Self-Employed,809.0,27100.0,2,Master,0
48,Female,48700.0,Self-Employed,711.0,11100.0,0,Master,1
34,Female,41800.0,Self-Employed,600.0,30500.0,2,Bachelor,0
42,Female,57000.0,Employed,646.0,20400.0,0,Bachelor,1
50,Female,87000.0,Employed,609.0,19000.0,0,High School,1
64,Male,59000.0,Employed,764.0,23400.0,0,Bachelor,1
40,Female,72200.0,Employed,503.0,29300.0,0,Master,1
64,Male,23700.0,Employed,704.0,20200.0,0,PhD,1
47,Male,110600.0,Employed,534.0,15400.0,0,High School,1
58,Female,47000.0,Employed,520.0,63100.0,0,Bachelor,0
62,Female,33000.0,Employed,715.0,17600.0,0,Bachelor,1
61,Female,49400.0,Self-Employed,577.0,40200.0,1,Bachelor,0
54,Male,30600.0,Self-Employed,739.0,12900.0,0,High School,1
59,Female,43000.0,Employed,762.0,10900.0,0,High School,1
61,Female,46700.0,Self-Employed,642.0,32300.0,0,PhD,1
64,Male,28500.0,Employed,722.0,15500.0,1,High School,1
57,Male,43400.0,Self-Employed,805.0,5600.0,0,High School,1
21,Male,28300.0,Employed,599.0,15900.0,0,Bachelor,1
35,Male,28200.0,Employed,753.0,24400.0,0,Bachelor,1
52,Female,24200.0,Employed,614.0,11900.0,0,Bachelor,1
28,Female,33300.0,Employed,680.0,11000.0,0,High School,1
53,Female,30500.0,Employed,627.0,20300.0,0,PhD,1
38,Female,50900.0,Employed,630.0,9100.0,0,High School,1
65,Male,69400.0,Employed,649.0,21700.0,0,High School,1
49,Female,55900.0,Employed,629.0,33600.0,1,Bachelor,0
52,Male,65300.0,Employed,669.0,39400.0,0,Bachelor,1
53,Female,62600.0,Employed,779.0,12200.0,0,High School,1
25,Male,25300.0,Employed,563.0,52500.0,0,High School,0
38,Female,34000.0,Employed,716.0,25700.0,0,High School,1
30,Male,97700.0,Unemployed,588.0,12100.0,0,Master,1
56,Male,30600.0,Employed,594.0,14000.0,0,High School,1
53,Female,101400.0,Unemployed,522.0,11900.0,0,High School,1
43,Male,32600.0,Employed,772.0,5300.0,0,PhD,1
60,Female,18000.0,Self-Employed,659.0,42300.0,0,Bachelor,0
25,Male,35500.0,Employed,604.0,20500.0,0,Bachelor,1
54,Female,61300.0,Employed,691.0,26600.0,0,Bachelor,1
44,Male,92200.0,Employed,650.0,19100.0,0,Bachelor,1
37,Male,19200.0,Employed,774.0,7300.0,0,High School,1
51,Male,60700.0,Employed,593.0,22200.0,0,Bachelor,1
27,Male,62700.0,Unemployed,668.0,32000.0,0,Bachelor,1
37,Male,76900.0,Self-Employed,752.0,31900.0,0,High School,1
48,Male,18000.0,Employed,589.0,34700.0,0,Bachelor,0
58,Male,91900.0,Retired,641.0,18600.0,0,High School,1
42,Male,50000.0,Retired,571.0,4400.0,0,Master,1
35,Female,50500.0,Employed,606.0,27100.0,0,Master,1
57,Female,67500.0,Self-Employed,548.0,18800.0,1,Bachelor,0
35,Male,18000.0,Employed,590.0,59700.0,0,Master,0
45,Female,66700.0,Employed,569.0,56200.0,1,Bachelor,0
41,Female,131600.0,Employed,623.0,34900.0,0,High School,1
58,Male,20200.0,Self-Employed,763.0,7900.0,1,PhD,1
22,Female,38900.0,Employed,704.0,9300.0,0,Bachelor,1
47,Male,40900.0,Employed,790.0,24700.0,1,Bachelor,1
52,Male,48000.0,Employed,647.0,9000.0,0,High School,1
41,Male,49700.0,Employed,604.0,30700.0,0,Bachelor,1
24,Female,28700.0,Employed,669.0,31400.0,0,Bachelor,1
64,Female,40900.0,Employed,628.0,46000.0,0,Bachelor,0
39,Male,96000.0,Employed,715.0,34700.0,0,Master,1
22,Male,49200.0,Employed,552.0,14300.0,0,Bachelor,1
46,Female,48200.0,Employed,674.0,17300.0,0,High School,1
54,Male,28100.0,Self-Employed,808.0,10800.0,1,Bachelor,1
34,Male,78400.0,Retired,602.0,21200.0,0,PhD,1
35,Female,36000.0,Employed,643.0,4900.0,0,High School,1
40,Female,18000.0,Employed,533.0,15100.0,1,Bachelor,0
54,Female,49500.0,Unemployed,774.0,27400.0,1,High School,0
56,Female,57200.0,Employed,672.0,26100.0,0,Bachelor,1
39,Female,34600.0,Self-Employed,636.0,30400.0,1,High School,0
29,Male,18000.0,Employed,684.0,9600.0,0,Bachelor,1
27,Male,23000.0,Employed,674.0,8300.0,1,Bachelor,1
50,Male,37900.0,Employed,620.0,25800.0,0,Bachelor,1
33,Female,33000.0,Employed,561.0,10200.0,0,PhD,1
47,Female,50100.0,Employed,693.0,8900.0,0,Master,1
64,Male,54000.0,Employed,681.0,20500.0,0,High School,1
55,Female,32300.0,Self-Employed,647.0,17700.0,0,High School,1
33,Male,19900.0,Employed,654.0,75600.0,1,Bachelor,0
35,Male,83000.0,Employed,772.0,22500.0,0,Bachelor,1
66,Female,53100.0,Employed,705.0,20000.0,1,High School,1
29,Male,56100.0,Employed,567.0,12900.0,0,High School,1
65,Female,48600.0,Employed,790.0,29600.0,0,Bachelor,1
43,Male,69500.0,Employed,738.0,17700.0,0,Bachelor,1
56,Female,33200.0,Employed,732.0,13200.0,0,Master,1
60,Female,60700.0,Employed,613.0,15900.0,0,High School,1
23,Male,56100.0,Employed,753.0,14800.0,1,Master,1
54,Female,55100.0,Retired,695.0,17200.0,1,Bachelor,0
39,Male,22100.0,Retired,581.0,69700.0,0,High School,0
48,Male,43000.0,Self-Employed,704.0,26500.0,0,Master,1
43,Male,48700.0,Retired,761.0,16100.0,0,Master,1
60,Female,97700.0,Employed,728.0,17400.0,1,High School,1
65,Male,42200.0,Retired,527.0,7800.0,0,High School,1
27,Male,68900.0,Employed,714.0,6100.0,0,PhD,1
61,Male,19100.0,Employed,649.0,28200.0,1,High School,0
32,Male,28000.0,Employed,520.0,27900.0,0,Master,1
34,Female,50000.0,Retired,735.0,23000.0,0,High School,1
66,Male,49800.0,Employed,738.0,44000.0,1,Bachelor,0
35,Male,28000.0,Employed,677.0,20600.0,1,Bachelor,0
23,Male,64700.0,Retired,593.0,29400.0,1,High School,0
35,Male,36900.0,Employed,798.0,17300.0,0,Bachelor,1
44,Female,36500.0,Employed,727.0,4000.0,0,Bachelor,1
66,Male,38600.0,Employed,731.0,36300.0,0,High School,1
28,Female,78400.0,Self-Employed,758.0,10100.0,3,Master,0
25,Male,69200.0,Retired,783.0,21100.0,0,Master,1
24,Male,102900.0,Retired,707.0,11800.0,0,Master,1
34,Female,52900.0,Employed,583.0,21200.0,1,Bachelor,0
36,Male,105400.0,Employed,622.0,49100.0,0,Bachelor,1
40,Female,45200.0,Employed,636.0,25800.0,1,Master,0
44,Female,37700.0,Employed,783.0,29400.0,0,Master,1
26,Male,32200.0,Employed,698.0,16200.0,0,High School,1
51,Male,36800.0,Employed,622.0,15200.0,0,Bachelor,1
26,Female,37700.0,Self-Employed,663.0,15000.0,0,High School,1
55,Male,28500.0,Unemployed,792.0,28500.0,0,High School,0
35,Male,29900.0,Employed,732.0,18400.0,2,High School,0
49,Male,54400.0,Employed,769.0,27300.0,0,Master,1
23,Male,31400.0,Employed,585.0,16200.0,2,High School,0
31,Female,18000.0,Employed,662.0,33200.0,2,Bachelor,0
23,Male,18000.0,Employed,626.0,27400.0,0,Bachelor,0
48,Male,18000.0,Employed,808.0,19300.0,0,Bachelor,1
30,Female,19800.0,Retired,668.0,27100.0,4,High School,0
53,Male,22000.0,Employed,631.0,33500.0,0,Bachelor,0
36,Male,24700.0,Employed,509.0,54800.0,0,High School,0
30,Female,46300.0,Self-Employed,800.0,11800.0,0,Master,1
53,Male,21200.0,Self-Employed,804.0,30600.0,1,High School,0
56,Female,25300.0,Employed,506.0,27200.0,0,High School,0
23,Female,18000.0,Self-Employed,698.0,31400.0,0,Bachelor,0
25,Male,28800.0,Employed,760.0,13600.0,0,High School,1
32,Female,57600.0,Self-Employed,721.0,19200.0,0,Bachelor,1
64,Male,39700.0,Employed,643.0,13600.0,0,Bachelor,1
33,Male,41800.0,Employed,600.0,22300.0,0,High School,1
44,Female,40100.0,Self-Employed,779.0,10700.0,0,Bachelor,1
64,Female,21100.0,Employed,746.0,40900.0,0,Bachelor,0
52,Male,32700.0,Employed,734.0,19600.0,0,Bachelor,1
36,Female,44800.0,Self-Employed,780.0,50800.0,1,Bachelor,0
52,Female,65200.0,Employed,850.0,12100.0,0,High School,1
65,Female,48100.0,Employed,652.0,20300.0,0,High School,1
57,Male,62300.0,Unemployed,652.0,19200.0,0,Bachelor,1
56,Male,23300.0,Self-Employed,646.0,26900.0,1,Master,0
41,Male,18900.0,Self-Employed,602.0,28400.0,0,High School,0
67,Female,18000.0,Self-Employed,782.0,8100.0,3,Bachelor,0
32,Male,60400.0,Unemployed,794.0,36800.0,1,High School,0
41,Female,19500.0,Self-Employed,771.0,30800.0,0,High School,0
41,Male,68200.0,Employed,822.0,7300.0,0,PhD,1
63,Male,32100.0,Employed,689.0,42800.0,1,Master,0
26,Male,92400.0,Employed,712.0,8500.0,0,High School,1
29,Female,32100.0,Employed,735.0,21300.0,0,Master,1
21,Male,33000.0,Employed,644.0,15100.0,0,High School,1
32,Female,41500.0,Retired,589.0,16200.0,0,Master,1
34,Male,32600.0,Employed,692.0,14700.0,0,Master,1
26,Male,49500.0,Self-Employed,640.0,24700.0,0,High School,1
21,Male,23800.0,Employed,850.0,10600.0,0,High School,1
42,Male,44100.0,Employed,553.0,31700.0,0,Master,1
54,Male,27600.0,Employed,675.0,24900.0,0,Bachelor,1
31,Male,36200.0,Retired,705.0,16400.0,0,Bachelor,1
23,Male,20200.0,Employed,609.0,30500.0,0,Bachelor,0
62,Male,62100.0,Employed,641.0,13300.0,0,Bachelor,1
26,Female,33600.0,Employed,685.0,17600.0,0,High School,1
26,Female,63500.0,Employed,581.0,7300.0,0,Bachelor,1
40,Male,27800.0,Employed,715.0,12900.0,0,Master,1
41,Female,40000.0,Employed,814.0,10700.0,0,Master,1
22,Female,63800.0,Unemployed,648.0,6300.0,0,Bachelor,1
46,Male,22300.0,Employed,745.0,16400.0,0,High School,1
51,Female,25800.0,Employed,825.0,16800.0,0,Master,1
46,Female,60200.0,Unemployed,766.0,21600.0,0,High School,1
52,Male,78700.0,Self-Employed,618.0,25500.0,2,Bachelor,0
30,Male,40500.0,Self-Employed,549.0,15700.0,0,Bachelor,1
43,Female,24700.0,Employed,654.0,24300.0,1,Bachelor,0
26,Female,34200.0,Self-Employed,685.0,30900.0,0,Master,1
43,Male,107500.0,Employed,504.0,34800.0,0,Bachelor,1
48,Male,20600.0,Employed,682.0,25500.0,0,High School,1
50,Male,52300.0,Employed,610.0,24200.0,0,PhD,1
34,Female,42700.0,Employed,670.0,10000.0,0,Bachelor,1
57,Female,22500.0,Employed,654.0,29300.0,0,Bachelor,0
52,Female,34300.0,Self-Employed,662.0,9900.0,2,High School,0
54,Male,18000.0,Self-Employed,744.0,21900.0,0,Bachelor,1
61,Female,46400.0,Retired,595.0,26800.0,2,Bachelor,0
64,Female,49800.0,Employed,524.0,23400.0,0,High School,1
42,Male,20300.0,Self-Employed,751.0,3700.0,0,High School,1
51,Male,53000.0,Employed,735.0,29200.0,1,High School,1
27,Female,28800.0,Employed,726.0,44600.0,0,Master,0
61,Female,27500.0,Self-Employed,605.0,7000.0,0,High School,1
41,Male,24600.0,Self-Employed,732.0,20100.0,0,Master,1
36,Female,55900.0,Employed,571.0,16100.0,0,Bachelor,1
40,Male,18000.0,Employed,654.0,18500.0,0,Bachelor,1
63,Female,18100.0,Employed,809.0,39000.0,0,High School,0
64,Female,29800.0,Self-Employed,731.0,20800.0,0,High School,1
67,Male,30400.0,Self-Employed,674.0,10000.0,0,High School,1
39,Female,54900.0,Employed,668.0,12100.0,0,High School,1
52,Female,38300.0,Employed,586.0,11300.0,0,High School,1
35,Male,38400.0,Employed,818.0,5900.0,0,High School,1
25,Female,18000.0,Employed,766.0,13000.0,0,Bachelor,1
31,Male,35800.0,Employed,748.0,27100.0,0,High School,1
35,Male,18000.0,Employed,672.0,22000.0,0,Bachelor,1
49,Male,45200.0,Self-Employed,649.0,20000.0,2,High School,0
65,Male,56300.0,Employed,615.0,15200.0,0,High School,1
24,Female,27200.0,Employed,802.0,17300.0,1,Master,0
56,Male,48400.0,Self-Employed,526.0,24900.0,1,Bachelor,0
43,Female,32200.0,Employed,728.0,30000.0,2,High School,0
35,Female,74300.0,Self-Employed,546.0,21600.0,1,PhD,0
66,Male,45000.0,Employed,663.0,9400.0,1,Bachelor,1
64,Female,23900.0,Employed,678.0,13900.0,0,Bachelor,1
23,Male,72100.0,Employed,571.0,23400.0,1,Bachelor,1
52,Male,60700.0,Employed,607.0,12100.0,0,High School,1
30,Male,32700.0,Self-Employed,742.0,12500.0,0,Bachelor,1
60,Male,51400.0,Employed,806.0,27400.0,0,Bachelor,1
58,Male,51000.0,Retired,707.0,29000.0,0,High School,1
42,Female,32400.0,Self-Employed,622.0,10100.0,0,Master,1
34,Male,41500.0,Employed,598.0,8000.0,0,Bachelor,1
37,Male,45400.0,Retired,617.0,8700.0,0,Master,1
41,Female,28600.0,Employed,678.0,26900.0,0,High School,1
35,Female,78700.0,Employed,702.0,10900.0,0,Bachelor,1
35,Female,18000.0,Self-Employed,784.0,13100.0,0,High School,1
21,Male,56300.0,Employed,674.0,8600.0,0,Master,1
44,Female,21800.0,Retired,624.0,18200.0,0,Bachelor,0
32,Female,35500.0,Retired,584.0,15700.0,0,High School,1
30,Female,18000.0,Unemployed,662.0,23500.0,0,Bachelor,0
66,Female,20800.0,Unemployed,540.0,22100.0,0,Master,0
62,Male,38400.0,Employed,629.0,5600.0,1,Bachelor,1
62,Male,41600.0,Employed,573.0,22300.0,0,High School,1
51,Male,68200.0,Employed,658.0,17100.0,0,High School,1
31,Male,32900.0,Self-Employed,719.0,37800.0,0,High School,1
36,Female,54600.0,Employed,712.0,11000.0,0,Bachelor,1
29,Male,39900.0,Self-Employed,738.0,25100.0,0,High School,1
67,Female,53600.0,Retired,601.0,19000.0,0,Master,1
34,Female,23200.0,Employed,801.0,10800.0,0,Bachelor,1
39,Male,42000.0,Employed,737.0,34200.0,0,Bachelor,1
51,Male,48400.0,Employed,734.0,22900.0,0,Bachelor,1
29,Female,31300.0,Self-Employed,776.0,14700.0,0,Bachelor,1
56,Female,48600.0,Self-Employed,695.0,10700.0,1,Bachelor,0
59,Male,50900.0,Employed,670.0,36100.0,0,Bachelor,1
46,Male,31000.0,Self-Employed,795.0,30200.0,0,High School,1
28,Female,59100.0,Employed,609.0,18200.0,0,High School,1
44,Female,18000.0,Employed,662.0,17900.0,0,High School,1
28,Male,18000.0,Employed,778.0,9200.0,0,Bachelor,1
39,Female,23900.0,Employed,662.0,41100.0,0,High School,0
67,Male,46200.0,Employed,630.0,9200.0,0,High School,1
50,Male,27500.0,Self-Employed,600.0,31000.0,3,Bachelor,0
42,Male,20600.0,Retired,700.0,60600.0,3,High School,0
29,Male,38400.0,Employed,644.0,11400.0,2,High School,0
64,Male,42200.0,Unemployed,722.0,13400.0,0,High School,1
24,Male,29200.0,Employed,820.0,11200.0,0,High School,1
57,Male,22200.0,Retired,771.0,38000.0,0,Bachelor,0
28,Male,40300.0,Employed,482.0,19500.0,0,High School,1
21,Male,59700.0,Employed,741.0,7400.0,0,Bachelor,1
48,Female,21900.0,Employed,747.0,9400.0,4,Bachelor,0
26,Male,88500.0,Self-Employed,655.0,26900.0,0,Bachelor,1
67,Male,30200.0,Employed,786.0,11600.0,0,Master,1
56,Female,29200.0,Employed,705.0,6300.0,0,Master,1
31,Female,42900.0,Employed,515.0,25300.0,0,Bachelor,1
25,Male,42300.0,Employed,692.0,22500.0,0,High School,1
44,Female,18000.0,Employed,657.0,11400.0,0,Bachelor,1
67,Female,38000.0,Employed,627.0,14600.0,0,High School,1
38,Female,53600.0,Employed,711.0,14800.0,1,High School,1
40,Male,67100.0,Employed,735.0,16100.0,0,Bachelor,1
48,Female,37900.0,Employed,737.0,40900.0,0,High School,1
33,Male,33600.0,Employed,739.0,28100.0,0,Bachelor,1
25,Female,57700.0,Employed,582.0,25600.0,1,Bachelor,0
50,Female,98300.0,Employed,590.0,17100.0,1,Bachelor,1
21,Male,42100.0,Employed,703.0,11400.0,0,Bachelor,1
42,Female,36600.0,Employed,772.0,42800.0,0,Bachelor,1
38,Male,75200.0,Employed,710.0,17900.0,0,High School,1
66,Female,22800.0,Employed,501.0,10200.0,1,High School,0
25,Male,41400.0,Employed,727.0,110200.0,1,Bachelor,0
51,Male,133800.0,Employed,548.0,20700.0,0,Bachelor,1
26,Male,50300.0,Employed,738.0,9100.0,0,High School,1
47,Female,58900.0,Employed,633.0,30600.0,0,Bachelor,1
45,Male,34100.0,Employed,706.0,32200.0,0,PhD,1
49,Male,53800.0,Employed,850.0,14200.0,0,PhD,1
48,Male,73700.0,Employed,650.0,10500.0,0,Bachelor,1
36,Female,18800.0,Employed,616.0,15400.0,0,Bachelor,1
32,Female,38200.0,Unemployed,643.0,27200.0,0,Bachelor,0
40,Male,47800.0,Employed,552.0,29100.0,1,Bachelor,0
38,Male,39000.0,Employed,595.0,12500.0,1,High School,0
54,Male,31500.0,Employed,771.0,42100.0,1,Bachelor,0
43,Male,80600.0,Employed,512.0,7200.0,0,High School,1
65,Male,44400.0,Employed,627.0,12600.0,0,High School,1
47,Female,28300.0,Employed,700.0,16800.0,0,Bachelor,1
37,Male,65700.0,Self-Employed,645.0,15000.0,0,Bachelor,1
41,Male,80400.0,Self-Employed,795.0,13200.0,1,Bachelor,1
60,Male,71000.0,Employed,666.0,38600.0,0,Bachelor,1
51,Female,32600.0,Employed,651.0,16600.0,0,Bachelor,1
23,Female,33300.0,Employed,693.0,22600.0,0,High School,1
37,Female,23900.0,Employed,703.0,22000.0,0,Bachelor,1
46,Male,45600.0,Employed,680.0,22400.0,0,Master,1
43,Male,69500.0,Employed,674.0,16300.0,0,Bachelor,1
26,Male,53200.0,Employed,514.0,6100.0,0,Master,1
48,Male,96400.0,Employed,584.0,31000.0,3,Bachelor,0
28,Male,18000.0,Employed,729.0,17200.0,1,Bachelor,0
65,Female,43000.0,Employed,766.0,13600.0,0,High School,1
28,Female,60800.0,Self-Employed,789.0,13600.0,0,High School,1
39,Female,29600.0,Retired,557.0,21700.0,0,Bachelor,0
58,Male,22800.0,Unemployed,609.0,13400.0,3,High School,0
49,Female,21900.0,Employed,807.0,15800.0,0,High School,1
43,Male,42300.0,Employed,648.0,27300.0,2,Bachelor,0
67,Male,21700.0,Employed,733.0,20400.0,0,High School,1
52,Female,83800.0,Employed,850.0,10700.0,1,Bachelor,1
30,Male,51900.0,Employed,769.0,25100.0,1,Bachelor,1
47,Male,36300.0,Employed,662.0,15100.0,1,Bachelor,1
21,Male,38600.0,Employed,668.0,29900.0,1,Bachelor,0
59,Female,68900.0,Employed,725.0,14300.0,0,Master,1
49,Female,78500.0,Employed,517.0,19700.0,1,High School,0
65,Male,25200.0,Employed,717.0,25800.0,0,Bachelor,1
23,Female,27800.0,Employed,656.0,10700.0,1,Bachelor,0
67,Male,33600.0,Self-Employed,673.0,27700.0,0,High School,1
57,Male,29400.0,Employed,689.0,50000.0,0,Bachelor,0
51,Female,18000.0,Employed,813.0,24000.0,0,Bachelor,1
31,Female,26700.0,Employed,702.0,20400.0,0,High School,1
42,Female,28200.0,Self-Employed,700.0,30800.0,1,Bachelor,0
38,Male,22000.0,Employed,741.0,29700.0,0,Master,1
55,Female,50000.0,Employed,686.0,19600.0,0,High School,1
26,Female,37700.0,Employed,736.0,10300.0,0,High School,1
23,Female,54600.0,Unemployed,670.0,12200.0,1,Bachelor,0
25,Male,24500.0,Employed,779.0,14500.0,0,PhD,1
29,Female,55100.0,Employed,789.0,8400.0,3,High School,0
48,Female,43100.0,Employed,737.0,41500.0,0,Master,1
39,Male,30500.0,Retired,485.0,10300.0,0,Bachelor,1
48,Male,89500.0,Employed,695.0,17500.0,0,Bachelor,1
47,Male,42500.0,Employed,516.0,10500.0,0,PhD,1
33,Female,30800.0,Employed,712.0,25700.0,0,Master,1
58,Female,46200.0,Employed,816.0,32700.0,0,High School,1
63,Female,25000.0,Employed,777.0,8200.0,0,High School,1
41,Female,36700.0,Employed,657.0,26800.0,1,High School,0
47,Male,110700.0,Self-Employed,666.0,8800.0,0,Bachelor,1
66,Male,18000.0,Employed,524.0,14200.0,0,Bachelor,1
26,Male,30800.0,Employed,681.0,88500.0,0,Bachelor,0
58,Male,37300.0,Employed,663.0,21300.0,0,Bachelor,1
31,Male,33400.0,Employed,573.0,31000.0,0,PhD,1
67,Male,31200.0,Employed,597.0,21800.0,0,High School,1
61,Male,93600.0,Employed,578.0,16400.0,0,Bachelor,1
37,Male,30400.0,Employed,850.0,12500.0,0,High School,1
59,Male,48900.0,Employed,690.0,43800.0,4,Bachelor,0
27,Male,29500.0,Retired,744.0,57100.0,0,High School,0
50,Male,49000.0,Self-Employed,758.0,18600.0,0,Bachelor,1
41,Female,64100.0,Employed,817.0,37300.0,0,Master,1
21,Female,38700.0,Employed,814.0,30500.0,0,PhD,1
45,Female,30200.0,Unemployed,760.0,16100.0,0,High School,0
52,Male,37700.0,Employed,551.0,18700.0,0,PhD,1
28,Female,52400.0,Employed,761.0,13900.0,0,Bachelor,1
25,Female,61900.0,Employed,646.0,61400.0,0,Bachelor,1
50,Female,45600.0,Employed,573.0,29300.0,0,High School,1
28,Male,38600.0,Unemployed,648.0,18400.0,0,Bachelor,0
39,Female,76100.0,Unemployed,693.0,13500.0,1,Bachelor,0
64,Female,29300.0,Employed,462.0,24600.0,0,Bachelor,0
50,Female,32700.0,Employed,714.0,8300.0,1,High School,1
35,Female,98400.0,Employed,777.0,11500.0,0,Bachelor,1
56,Male,38200.0,Employed,687.0,16000.0,0,Bachelor,1
64,Female,55800.0,Employed,588.0,14000.0,0,High School,1
47,Male,25800.0,Retired,732.0,15900.0,0,PhD,1
33,Female,66200.0,Employed,678.0,27100.0,2,High School,0
34,Male,22600.0,Employed,828.0,57800.0,0,Bachelor,0
57,Male,21800.0,Employed,485.0,27700.0,0,High School,0
50,Male,62700.0,Retired,461.0,16400.0,0,Bachelor,1
59,Female,33500.0,Employed,672.0,33000.0,0,Master,1
67,Male,35600.0,Employed,641.0,18600.0,0,Bachelor,1
33,Female,49800.0,Employed,703.0,5900.0,1,High School,1
36,Female,34700.0,Self-Employed,715.0,37000.0,0,Master,1
64,Male,23800.0,Employed,809.0,8900.0,1,High School,1
27,Male,30200.0,Unemployed,660.0,19500.0,0,High School,0
47,Male,24700.0,Employed,718.0,11200.0,0,Bachelor,1
65,Female,71700.0,Employed,568.0,9100.0,2,Master,0
55,Female,73300.0,Self-Employed,850.0,13800.0,1,High School,1
35,Male,26400.0,Self-Employed,774.0,3900.0,1,Bachelor,1
48,Male,49900.0,Employed,755.0,11900.0,0,Bachelor,1
55,Female,35000.0,Employed,611.0,23200.0,0,Bachelor,1
27,Female,83300.0,Retired,796.0,22500.0,1,High School,1
66,Female,131200.0,Employed,766.0,5900.0,0,PhD,1
66,Female,57900.0,Employed,734.0,32300.0,1,High School,0
40,Male,31000.0,Employed,671.0,74900.0,1,High School,0
52,Male,22500.0,Employed,591.0,50900.0,1,High School,0
58,Male,45400.0,Self-Employed,675.0,13100.0,0,Master,1
60,Male,37100.0,Employed,613.0,12100.0,0,High School,1
52,Male,19500.0,Employed,713.0,10500.0,0,High School,1
46,Male,41800.0,Employed,586.0,53900.0,3,High School,0
59,Male,115400.0,Unemployed,619.0,13200.0,1,Bachelor,0
40,Female,60000.0,Self-Employed,503.0,11800.0,1,Bachelor,0
38,Female,22500.0,Self-Employed,725.0,29800.0,0,PhD,0
35,Female,39800.0,Employed,717.0,35700.0,0,Master,1
42,Female,48400.0,Employed,637.0,32400.0,1,Master,0
42,Male,51300.0,Unemployed,473.0,9600.0,0,Bachelor,0
41,Female,18000.0,Self-Employed,537.0,24200.0,0,Master,0
22,Male,37800.0,Self-Employed,689.0,43400.0,1,Bachelor,0
60,Female,45700.0,Employed,765.0,18100.0,0,High School,1
63,Male,36600.0,Employed,596.0,21500.0,0,High School,1
38,Female,18000.0,Self-Employed,783.0,20400.0,0,Bachelor,1
43,Male,37200.0,Employed,823.0,15300.0,1,PhD,1
33,Male,59400.0,Employed,719.0,23700.0,2,High School,0
61,Female,30200.0,Employed,769.0,30700.0,0,PhD,1
29,Male,31700.0,Employed,584.0,39400.0,1,High School,0
27,Female,80700.0,Self-Employed,529.0,17400.0,0,Bachelor,1
61,Female,36300.0,Employed,838.0,18800.0,0,Bachelor,1
21,Female,42400.0,Self-Employed,596.0,13300.0,1,Bachelor,0
22,Female,18000.0,Employed,778.0,46500.0,0,PhD,0
24,Female,23700.0,Unemployed,716.0,13900.0,0,Bachelor,0
34,Male,120000.0,Employed,830.0,17000.0,0,High School,1
52,Female,91800.0,Self-Employed,746.0,18900.0,0,Bachelor,1
56,Female,50800.0,Employed,580.0,20400.0,0,Bachelor,1
22,Female,18000.0,Employed,651.0,7300.0,0,Master,1
60,Male,20600.0,Employed,740.0,25000.0,1,Bachelor,0
34,Female,20300.0,Unemployed,633.0,23500.0,0,Bachelor,0
40,Female,20200.0,Employed,769.0,19800.0,0,Master,1
45,Female,33100.0,Employed,688.0,22400.0,0,PhD,1
62,Male,59300.0,Employed,771.0,17500.0,0,Master,1
28,Male,29300.0,Employed,776.0,7600.0,2,Master,0
48,Male,34400.0,Unemployed,706.0,34800.0,0,Bachelor,0
66,Female,34400.0,Employed,669.0,7500.0,0,Bachelor,1
41,Female,63000.0,Employed,634.0,10700.0,1,High School,1
43,Male,62700.0,Employed,583.0,37000.0,1,Bachelor,0
52,Male,43500.0,Employed,826.0,8000.0,0,High School,1
28,Male,76100.0,Employed,687.0,16400.0,0,High School,1
51,Male,33100.0,Employed,659.0,53500.0,1,Bachelor,0
57,Female,96100.0,Employed,660.0,18800.0,0,High School,1
36,Female,29600.0,Employed,676.0,7900.0,0,High School,1
60,Male,18000.0,Self-Employed,638.0,28300.0,0,High School,0
62,Female,21300.0,Employed,631.0,23600.0,0,Bachelor,0
47,Male,20400.0,Employed,564.0,19400.0,1,Bachelor,0
60,Female,27700.0,Employed,684.0,5300.0,0,Master,1
61,Male,70600.0,Employed,791.0,39500.0,0,Bachelor,1
38,Male,32100.0,Employed,619.0,52100.0,0,Bachelor,0
55,Male,20400.0,Employed,727.0,17800.0,0,Bachelor,1
35,Female,19400.0,Self-Employed,729.0,12100.0,0,Master,1
47,Female,39000.0,Unemployed,714.0,24800.0,1,High School,0
37,Female,86000.0,Self-Employed,839.0,25000.0,1,High School,1
60,Male,44800.0,Employed,731.0,26400.0,1,Bachelor,1
22,Male,64300.0,Employed,686.0,18100.0,0,Master,1
51,Male,49100.0,Retired,709.0,25000.0,0,Bachelor,1
57,Female,18700.0,Employed,752.0,28300.0,0,Bachelor,0
61,Male,54200.0,Employed,828.0,84000.0,2,Bachelor,0
61,Female,22700.0,Employed,660.0,23500.0,0,PhD,1
54,Female,32600.0,Employed,695.0,20100.0,1,Bachelor,0
54,Female,28000.0,Employed,850.0,7200.0,0,Bachelor,1
23,Male,38100.0,Unemployed,676.0,7600.0,1,High School,0
37,Male,35400.0,Employed,672.0,19400.0,0,PhD,1
34,Male,33200.0,Employed,609.0,17200.0,0,Master,1
34,Female,35000.0,Employed,687.0,10200.0,0,High School,1
66,Female,45900.0,Employed,674.0,10000.0,0,High School,1
58,Male,35000.0,Employed,713.0,25900.0,1,Master,0
55,Male,36800.0,Employed,703.0,12700.0,3,PhD,0
21,Female,108700.0,Employed,512.0,11400.0,0,Bachelor,1
49,Female,67500.0,Employed,569.0,9600.0,0,High School,1
24,Male,31300.0,Employed,666.0,11100.0,1,High School,1
53,Female,42300.0,Employed,644.0,14400.0,0,Master,1
37,Male,40700.0,Employed,592.0,17800.0,0,Bachelor,1
48,Male,41800.0,Employed,524.0,20700.0,1,Bachelor,0
46,Female,39700.0,Employed,818.0,14000.0,0,High School,1
28,Female,41900.0,Employed,817.0,6200.0,0,High School,1
54,Female,35400.0,Employed,744.0,9200.0,0,High School,1
38,Male,29500.0,Employed,630.0,13300.0,0,Master,1
51,Female,33100.0,Employed,805.0,33500.0,3,Bachelor,0
47,Male,18000.0,Self-Employed,619.0,17000.0,2,Bachelor,0
36,Male,56800.0,Employed,717.0,23300.0,0,Master,1
30,Female,51100.0,Employed,613.0,41800.0,1,Bachelor,0
60,Male,109700.0,Unemployed,682.0,16300.0,0,Bachelor,1
32,Female,22100.0,Employed,721.0,17900.0,0,High School,1
42,Female,32800.0,Employed,553.0,18500.0,1,Bachelor,0
36,Male,71900.0,Employed,644.0,18700.0,0,Bachelor,1
32,Male,48000.0,Employed,701.0,9700.0,0,Bachelor,1
31,Male,90700.0,Employed,573.0,24300.0,1,Bachelor,1
40,Male,84000.0,Self-Employed,600.0,19100.0,0,Bachelor,1
21,Female,18000.0,Employed,701.0,11000.0,0,Master,1
47,Female,45600.0,Employed,635.0,16200.0,0,High School,1
23,Male,45800.0,Employed,575.0,5900.0,4,Bachelor,0
32,Male,39700.0,Employed,683.0,7200.0,3,High School,0
50,Female,32300.0,Employed,717.0,30700.0,0,PhD,1
29,Female,87600.0,Employed,850.0,15800.0,1,Bachelor,1
57,Male,39600.0,Employed,687.0,40100.0,0,Bachelor,1
21,Male,18000.0,Employed,681.0,18700.0,0,Bachelor,1
62,Female,32200.0,Employed,656.0,20600.0,0,High School,1
24,Male,113100.0,Employed,778.0,17800.0,0,Bachelor,1
35,Male,23000.0,Self-Employed,708.0,9800.0,0,Master,1
47,Female,73800.0,Employed,751.0,23100.0,0,High School,1
28,Female,67600.0,Employed,699.0,12100.0,0,Master,1
43,Female,35300.0,Self-Employed,758.0,21800.0,4,Bachelor,0
35,Female,44100.0,Unemployed,712.0,10900.0,0,High School,1
47,Female,38800.0,Self-Employed,560.0,28200.0,0,Bachelor,0
51,Male,30800.0,Employed,656.0,23400.0,0,High School,1
59,Male,28700.0,Retired,658.0,37600.0,0,Bachelor,0
67,Male,81700.0,Employed,718.0,27800.0,1,Bachelor,1
28,Male,36800.0,Employed,693.0,17400.0,0,High School,1
50,Female,27300.0,Retired,793.0,45300.0,2,High School,0
62,Female,52800.0,Self-Employed,714.0,22700.0,2,Bachelor,0
38,Female,49700.0,Employed,720.0,4500.0,1,Master,1
24,Female,19000.0,Self-Employed,594.0,12500.0,0,Bachelor,0
67,Male,29100.0,Employed,693.0,16500.0,3,Bachelor,0
63,Male,18000.0,Employed,662.0,39500.0,0,Master,0
42,Female,143600.0,Employed,504.0,13900.0,2,Bachelor,0
23,Female,33500.0,Retired,568.0,11900.0,0,High School,1
35,Female,28600.0,Employed,741.0,5300.0,0,Bachelor,1
55,Female,31300.0,Self-Employed,736.0,39200.0,0,PhD,0
67,Female,27500.0,Employed,630.0,42800.0,0,Bachelor,0
58,Female,36600.0,Self-Employed,633.0,9100.0,1,Master,0
53,Male,74400.0,Employed,584.0,7700.0,0,Bachelor,1
34,Female,42100.0,Employed,764.0,33700.0,0,Bachelor,1
21,Female,20100.0,Self-Employed,611.0,39200.0,0,High School,0
46,Male,22600.0,Employed,632.0,11700.0,0,Bachelor,1
28,Female,43800.0,Employed,766.0,15700.0,0,Bachelor,1
36,Male,26500.0,Employed,765.0,25200.0,0,Bachelor,1
58,Female,36500.0,Employed,665.0,9800.0,0,Master,1
30,Male,150700.0,Employed,681.0,10500.0,0,High School,1
62,Female,24300.0,Employed,720.0,14700.0,0,Bachelor,1
57,Male,19500.0,Employed,645.0,9900.0,0,High School,1
46,Female,27700.0,Self-Employed,672.0,103500.0,1,High School,0
48,Male,18000.0,Unemployed,663.0,38100.0,1,Bachelor,0
32,Male,76300.0,Self-Employed,738.0,15000.0,3,PhD,0
40,Male,22500.0,Employed,800.0,19500.0,0,PhD,1
34,Female,24700.0,Self-Employed,777.0,6900.0,0,Bachelor,1
66,Male,20600.0,Employed,766.0,23000.0,0,Bachelor,1
55,Male,18000.0,Self-Employed,587.0,28100.0,1,Bachelor,0
49,Female,39000.0,Employed,790.0,12100.0,0,Bachelor,1
32,Male,27600.0,Employed,623.0,13800.0,0,Bachelor,1
38,Female,18000.0,Employed,529.0,10400.0,1,Bachelor,0
64,Male,33300.0,Employed,608.0,41400.0,0,Master,1
22,Female,48200.0,Self-Employed,672.0,40200.0,0,Bachelor,1
22,Male,32200.0,Self-Employed,507.0,22800.0,0,High School,1
37,Male,54200.0,Employed,741.0,19500.0,0,PhD,1
30,Female,93800.0,Self-Employed,751.0,8500.0,0,Bachelor,1
38,Female,60300.0,Employed,648.0,11700.0,0,PhD,1
42,Female,44700.0,Employed,581.0,15100.0,0,High School,1
39,Male,60200.0,Employed,758.0,12100.0,0,Master,1
21,Male,122200.0,Employed,602.0,25300.0,0,Bachelor,1
44,Male,19500.0,Employed,542.0,6700.0,1,Bachelor,0
56,Female,55100.0,Employed,675.0,8300.0,0,Master,1
45,Male,24400.0,Employed,682.0,12400.0,2,Bachelor,0
56,Male,45300.0,Employed,707.0,7000.0,1,Master,1
51,Male,20700.0,Self-Employed,745.0,32900.0,1,Master,0
51,Female,58600.0,Employed,756.0,35700.0,0,High School,1
22,Male,46200.0,Employed,573.0,6500.0,0,High School,1
39,Female,84900.0,Employed,507.0,21500.0,0,Bachelor,1
32,Male,35000.0,Employed,719.0,14200.0,0,Master,1
30,Female,34500.0,Retired,684.0,17900.0,0,High School,1
51,Male,34700.0,Employed,641.0,24900.0,0,High School,1
65,Female,137400.0,Self-Employed,668.0,5200.0,0,Bachelor,1
42,Female,55100.0,Employed,609.0,34300.0,0,Bachelor,1
43,Male,78600.0,Self-Employed,827.0,24700.0,0,High School,1
43,Female,57700.0,Retired,509.0,34600.0,2,Master,0
35,Male,62400.0,Employed,716.0,5900.0,2,High School,0
46,Female,19200.0,Employed,571.0,17700.0,0,High School,0
23,Female,30300.0,Employed,624.0,24900.0,0,Bachelor,1
43,Male,29400.0,Retired,643.0,23400.0,0,Bachelor,1
40,Male,41300.0,Employed,597.0,30100.0,0,High School,1
65,Male,38100.0,Employed,661.0,23700.0,0,Master,1
60,Male,18000.0,Employed,457.0,5600.0,3,High School,0
59,Male,41000.0,Unemployed,550.0,36000.0,3,High School,0
28,Male,18000.0,Employed,522.0,13500.0,0,Master,1
38,Male,59200.0,Self-Employed,576.0,20300.0,1,High School,0
61,Female,42300.0,Unemployed,612.0,45800.0,0,Master,0
26,Male,74800.0,Employed,679.0,17900.0,0,High School,1
47,Male,44600.0,Employed,625.0,14600.0,0,High School,1
56,Female,31900.0,Employed,606.0,9000.0,0,High School,1
35,Male,18200.0,Employed,635.0,8100.0,1,Bachelor,0
57,Male,32900.0,Employed,621.0,8700.0,3,Bachelor,0
25,Male,27100.0,Employed,648.0,17600.0,0,Bachelor,1
59,Female,48300.0,Employed,652.0,67100.0,2,Bachelor,0
29,Female,32500.0,Retired,614.0,15000.0,0,Bachelor,1
27,Male,54300.0,Employed,546.0,17700.0,0,Bachelor,1
61,Female,79000.0,Self-Employed,676.0,27300.0,0,Master,1
40,Female,19800.0,Employed,751.0,11800.0,1,Master,0
30,Female,40100.0,Employed,590.0,41100.0,1,Master,0
46,Female,39200.0,Employed,671.0,13500.0,1,Bachelor,0
24,Female,47000.0,Employed,642.0,37600.0,0,Bachelor,1
58,Male,56600.0,Employed,729.0,25900.0,0,High School,1
44,Male,88800.0,Employed,606.0,19000.0,0,High School,1
34,Male,23000.0,Employed,662.0,12500.0,0,Bachelor,1
61,Female,18300.0,Self-Employed,669.0,31800.0,0,Master,0
21,Female,44100.0,Employed,702.0,16900.0,0,Bachelor,1
37,Female,50200.0,Unemployed,586.0,13300.0,0,Bachelor,0
65,Female,57500.0,Self-Employed,706.0,46800.0,0,PhD,1
44,Male,27400.0,Employed,635.0,5100.0,0,High School,1
47,Female,18200.0,Employed,724.0,44700.0,0,Bachelor,0
27,Female,73800.0,Employed,646.0,60900.0,1,High School,0
29,Female,51900.0,Employed,786.0,10600.0,1,Bachelor,1
63,Female,33200.0,Employed,543.0,12200.0,0,Bachelor,1
55,Female,18000.0,Unemployed,726.0,9200.0,1,High School,0
32,Male,28700.0,Employed,707.0,30400.0,0,Bachelor,1
41,Female,56800.0,Self-Employed,719.0,12300.0,0,Bachelor,1
23,Male,49900.0,Employed,770.0,16700.0,0,High School,1
35,Female,20100.0,Employed,527.0,26400.0,0,Master,0
41,Female,54700.0,Self-Employed,850.0,6900.0,0,High School,1
30,Male,38400.0,Employed,724.0,7200.0,1,Bachelor,1
53,Female,75600.0,Self-Employed,844.0,22000.0,0,Master,1
66,Male,28300.0,Employed,839.0,14300.0,0,High School,1
26,Male,29500.0,Self-Employed,716.0,9900.0,0,Master,1
22,Male,42500.0,Self-Employed,702.0,18000.0,0,Bachelor,1
49,Female,32600.0,Employed,744.0,16800.0,1,Master,0
60,Female,25900.0,Self-Employed,486.0,10400.0,1,Bachelor,0
53,Female,100800.0,Employed,673.0,19800.0,0,Bachelor,1
24,Male,81700.0,Employed,762.0,9900.0,2,Bachelor,0
24,Female,24800.0,Employed,810.0,27800.0,0,Master,1
49,Female,44800.0,Employed,653.0,16000.0,0,Bachelor,1
57,Male,18700.0,Employed,711.0,54400.0,1,High School,0
40,Male,94000.0,Self-Employed,729.0,8200.0,2,Bachelor,0
61,Male,58700.0,Employed,673.0,12700.0,3,Master,0
43,Female,66300.0,Unemployed,601.0,31600.0,0,High School,0
65,Female,35400.0,Unemployed,624.0,9600.0,0,Bachelor,0
38,Female,72200.0,Self-Employed,591.0,18400.0,0,Bachelor,1
45,Male,72300.0,Unemployed,551.0,5500.0,0,PhD,1
21,Female,37000.0,Self-Employed,666.0,9500.0,1,Bachelor,0
35,Male,22600.0,Employed,850.0,10300.0,1,Bachelor,1
54,Male,49900.0,Employed,701.0,16300.0,0,High School,1
40,Female,37700.0,Employed,656.0,32700.0,1,Bachelor,0
57,Male,101300.0,Employed,712.0,15300.0,2,High School,0
47,Female,41200.0,Employed,610.0,14800.0,0,Bachelor,1
42,Male,42300.0,Employed,539.0,11100.0,0,Bachelor,1
25,Female,60100.0,Employed,621.0,9100.0,0,Bachelor,1
54,Male,40200.0,Retired,584.0,33200.0,0,Bachelor,1
59,Female,56800.0,Employed,523.0,20000.0,1,Master,0
23,Male,30700.0,Employed,633.0,14800.0,0,Master,1
37,Male,22900.0,Employed,721.0,47200.0,0,Bachelor,0
44,Female,25400.0,Employed,714.0,3400.0,0,High School,1
44,Male,33900.0,Employed,703.0,33300.0,0,Master,1
23,Female,42600.0,Employed,822.0,7000.0,0,Bachelor,1
65,Female,51500.0,Retired,633.0,19500.0,0,Bachelor,1
27,Male,50400.0,Employed,717.0,32200.0,0,Master,1
45,Male,40300.0,Employed,647.0,6200.0,0,PhD,1
23,Female,23500.0,Employed,801.0,37900.0,2,Bachelor,0
35,Female,56900.0,Unemployed,611.0,16600.0,0,Master,0
49,Female,18900.0,Employed,743.0,11100.0,0,High School,1
49,Male,22400.0,Employed,701.0,20600.0,0,High School,1
30,Female,41100.0,Self-Employed,784.0,24700.0,0,Bachelor,1
52,Male,59800.0,Employed,681.0,74900.0,0,PhD,1
43,Female,54900.0,Employed,660.0,16100.0,0,Bachelor,1
59,Female,38200.0,Employed,650.0,30000.0,0,Bachelor,1
29,Male,50100.0,Employed,667.0,19400.0,0,High School,1
57,Male,23600.0,Employed,521.0,22300.0,0,Bachelor,1
60,Male,30300.0,Employed,636.0,15500.0,0,Bachelor,1
34,Male,30500.0,Self-Employed,631.0,11400.0,0,Bachelor,1
24,Female,24700.0,Employed,583.0,22700.0,2,Bachelor,0
40,Male,33500.0,Employed,632.0,9900.0,0,High School,1
48,Male,36200.0,Retired,604.0,5400.0,0,High School,1
34,Male,31900.0,Unemployed,636.0,19200.0,0,Bachelor,0
64,Female,35300.0,Retired,733.0,11000.0,1,Bachelor,0
54,Female,18000.0,Employed,733.0,15200.0,0,Master,1
33,Male,48700.0,Employed,814.0,6600.0,0,High School,1
51,Male,32800.0,Unemployed,706.0,32000.0,0,High School,0
53,Female,32800.0,Employed,551.0,3600.0,1,High School,0
59,Female,20000.0,Employed,652.0,23300.0,0,Master,0
48,Male,87200.0,Employed,626.0,24700.0,0,High School,1
45,Male,89200.0,Employed,596.0,20300.0,1,Bachelor,1
52,Male,18000.0,Employed,771.0,33400.0,0,Bachelor,0
29,Male,35700.0,Self-Employed,719.0,8900.0,0,High School,1
48,Female,63800.0,Employed,686.0,58500.0,1,Master,0
51,Female,33500.0,Employed,554.0,10500.0,2,Bachelor,0
37,Male,29600.0,Employed,673.0,26800.0,0,High School,1
43,Female,28700.0,Employed,850.0,53800.0,0,Bachelor,0
33,Male,46900.0,Retired,609.0,15900.0,0,Bachelor,1
30,Female,148400.0,Retired,661.0,11700.0,0,Master,1
36,Female,60700.0,Employed,798.0,29000.0,0,Bachelor,1
26,Male,23100.0,Unemployed,643.0,12800.0,0,High School,0
31,Male,29300.0,Employed,641.0,10700.0,0,Bachelor,1
23,Female,35100.0,Employed,661.0,27300.0,0,Bachelor,1
48,Male,26100.0,Self-Employed,709.0,28300.0,0,Bachelor,1
61,Male,23800.0,Unemployed,600.0,17700.0,0,Bachelor,0
35,Female,58400.0,Employed,758.0,18800.0,0,Bachelor,1
33,Female,31200.0,Employed,646.0,19900.0,0,Master,1
62,Male,48300.0,Employed,698.0,16100.0,0,Bachelor,1
65,Female,97900.0,Employed,645.0,15300.0,0,Bachelor,1
37,Male,30900.0,Employed,566.0,8000.0,1,High School,0
27,Female,46000.0,Employed,493.0,11600.0,0,Bachelor,1
48,Female,24100.0,Self-Employed,699.0,17900.0,1,Bachelor,0
58,Female,49400.0,Employed,526.0,63900.0,0,Bachelor,0
33,Male,76900.0,Employed,745.0,9100.0,0,Master,1
37,Female,74900.0,Self-Employed,691.0,13400.0,0,Bachelor,1
35,Female,41000.0,Employed,850.0,8300.0,0,Bachelor,1
56,Male,31000.0,Self-Employed,630.0,5200.0,0,High School,1
48,Male,45200.0,Retired,827.0,41400.0,0,Bachelor,1
35,Male,41200.0,Retired,655.0,24800.0,0,High School,1
66,Male,50500.0,Employed,759.0,40700.0,0,PhD,1
31,Female,29200.0,Employed,726.0,5800.0,1,Bachelor,1
51,Male,32900.0,Employed,524.0,26300.0,0,Bachelor,1
24,Male,36000.0,Self-Employed,850.0,65000.0,1,High School,0
55,Female,56000.0,Retired,818.0,32100.0,1,PhD,0
54,Male,59800.0,Employed,714.0,25300.0,0,Bachelor,1
47,Male,32300.0,Employed,793.0,11400.0,0,High School,1
30,Male,22600.0,Self-Employed,703.0,43300.0,0,High School,0
50,Female,48100.0,Employed,755.0,12300.0,2,Bachelor,0
65,Female,57900.0,Employed,693.0,24400.0,0,Bachelor,1
40,Female,37500.0,Unemployed,591.0,9700.0,0,Bachelor,0
49,Male,28100.0,Employed,671.0,17000.0,0,High School,1
49,Female,31600.0,Employed,636.0,32400.0,0,High School,0
43,Male,91100.0,Employed,734.0,31000.0,0,Bachelor,1
41,Male,44800.0,Self-Employed,590.0,18200.0,0,Bachelor,1
63,Male,66600.0,Employed,693.0,65600.0,0,Master,1
30,Female,26900.0,Employed,560.0,15900.0,2,Bachelor,0
61,Male,73500.0,Employed,746.0,35900.0,2,Bachelor,0
32,Male,62800.0,Employed,576.0,12900.0,0,Bachelor,1
50,Male,38100.0,Employed,731.0,8500.0,1,Bachelor,1
53,Male,54400.0,Employed,690.0,16000.0,3,Bachelor,0
38,Female,76600.0,Employed,769.0,6600.0,0,Bachelor,1
34,Male,23100.0,Self-Employed,667.0,21900.0,0,High School,1
42,Female,30900.0,Self-Employed,749.0,19200.0,0,Bachelor,1
41,Male,52200.0,Self-Employed,693.0,26100.0,0,High School,1
21,Female,40500.0,Self-Employed,716.0,17900.0,2,Master,0
63,Female,49300.0,Employed,528.0,15100.0,3,Bachelor,0
35,Male,56600.0,Unemployed,625.0,18900.0,2,Bachelor,0
56,Male,51500.0,Unemployed,666.0,35500.0,0,Master,0
67,Female,35400.0,Employed,796.0,33400.0,1,Bachelor,0
42,Female,36600.0,Employed,709.0,38800.0,1,Bachelor,0
52,Male,87300.0,Employed,534.0,4700.0,0,Bachelor,1
66,Male,41900.0,Employed,717.0,34300.0,0,PhD,1
53,Female,79000.0,Employed,605.0,27400.0,2,Master,0
61,Female,81800.0,Employed,613.0,61600.0,4,High School,0
59,Male,27200.0,Self-Employed,675.0,13200.0,0,Master,1
43,Male,58000.0,Self-Employed,704.0,15000.0,0,High School,1
63,Male,23400.0,Employed,614.0,21100.0,2,High School,0
22,Female,90100.0,Employed,532.0,4200.0,0,PhD,1
22,Male,44100.0,Employed,665.0,3500.0,0,Master,1
58,Female,43000.0,Self-Employed,661.0,21800.0,0,Bachelor,1
49,Male,26000.0,Employed,802.0,9000.0,0,Bachelor,1
66,Male,29600.0,Self-Employed,684.0,8100.0,0,High School,1
23,Female,44900.0,Employed,780.0,25000.0,1,Bachelor,1
59,Female,42000.0,Employed,850.0,7000.0,0,Bachelor,1
27,Female,33100.0,Retired,586.0,27400.0,0,High School,0
56,Male,62300.0,Employed,805.0,10700.0,4,Bachelor,0
49,Female,40100.0,Unemployed,759.0,10500.0,1,Bachelor,0
57,Female,24200.0,Employed,491.0,22400.0,1,Bachelor,0
56,Male,57500.0,Self-Employed,664.0,8600.0,0,High School,1
43,Male,22500.0,Employed,740.0,51000.0,1,High School,0
65,Male,18000.0,Employed,709.0,16900.0,0,High School,1
36,Male,42100.0,Employed,821.0,17800.0,0,Bachelor,1
51,Female,24000.0,Employed,730.0,26400.0,1,Bachelor,0
54,Male,43900.0,Employed,558.0,34300.0,0,High School,1
21,Female,60400.0,Self-Employed,747.0,13200.0,0,Bachelor,1
38,Female,65700.0,Unemployed,583.0,27300.0,1,Bachelor,0
60,Female,51500.0,Employed,633.0,28300.0,0,Master,1
63,Female,20700.0,Employed,773.0,43500.0,0,Bachelor,0
35,Male,28000.0,Unemployed,764.0,13600.0,0,High School,1
37,Male,40200.0,Employed,683.0,28300.0,0,High School,1
64,Male,40400.0,Self-Employed,618.0,25400.0,0,Bachelor,1
30,Female,25100.0,Unemployed,663.0,23300.0,0,High School,0
40,Male,31800.0,Retired,670.0,4800.0,0,Bachelor,1
26,Female,60200.0,Employed,632.0,38300.0,0,Master,1
28,Male,51600.0,Self-Employed,777.0,33600.0,0,Bachelor,1
65,Male,34400.0,Employed,645.0,26800.0,1,PhD,0
54,Male,67200.0,Employed,658.0,12500.0,0,High School,1
52,Female,20700.0,Employed,660.0,48500.0,0,Bachelor,0
62,Female,60500.0,Employed,739.0,17400.0,0,Bachelor,1
24,Male,56500.0,Employed,702.0,24100.0,0,Bachelor,1
64,Male,58300.0,Self-Employed,699.0,9100.0,1,Bachelor,1
59,Male,46500.0,Employed,600.0,14900.0,1,High School,1
40,Female,29000.0,Employed,700.0,18800.0,0,Bachelor,1
44,Female,54000.0,Self-Employed,743.0,10600.0,0,Bachelor,1
44,Male,32600.0,Unemployed,651.0,12100.0,0,Master,1
46,Female,44500.0,Employed,692.0,24900.0,0,Bachelor,1
45,Male,27900.0,Self-Employed,758.0,33800.0,0,Bachelor,1
56,Female,33800.0,Unemployed,612.0,7500.0,0,Master,0
27,Male,37400.0,Employed,613.0,71500.0,0,Master,0
30,Female,49000.0,Self-Employed,670.0,10700.0,0,Bachelor,1
67,Male,53300.0,Employed,746.0,9700.0,1,High School,1
32,Female,93700.0,Retired,427.0,45200.0,0,Bachelor,1
21,Female,43200.0,Employed,663.0,27300.0,0,PhD,1
45,Female,25000.0,Employed,620.0,32300.0,0,Bachelor,0
36,Female,59900.0,Employed,710.0,10900.0,0,Master,1
25,Female,47500.0,Employed,672.0,23600.0,0,High School,1
39,Male,36500.0,Employed,777.0,83600.0,0,Master,0
24,Male,32900.0,Self-Employed,735.0,10800.0,1,High School,1
26,Male,29500.0,Employed,661.0,28000.0,2,Master,0
46,Female,29000.0,Employed,593.0,11300.0,0,High School,1
59,Male,21800.0,Employed,710.0,9600.0,0,Bachelor,1
59,Female,65000.0,Self-Employed,655.0,15500.0,0,High School,1
29,Female,49900.0,Self-Employed,663.0,17700.0,0,High School,1
65,Male,42000.0,Self-Employed,581.0,16300.0,0,High School,1
34,Male,29400.0,Unemployed,693.0,17300.0,0,Bachelor,0
29,Male,69200.0,Employed,637.0,67600.0,1,Master,0
35,Male,19700.0,Self-Employed,645.0,50200.0,0,Bachelor,0
57,Male,37600.0,Employed,372.0,20000.0,0,High School,1
40,Male,65600.0,Self-Employed,683.0,19100.0,0,High School,1
28,Female,18000.0,Employed,599.0,43100.0,1,High School,0
52,Female,43800.0,Unemployed,724.0,28000.0,0,High School,0
67,Male,28900.0,Employed,686.0,21200.0,0,Bachelor,1
41,Male,42600.0,Employed,555.0,69400.0,0,Bachelor,0
61,Male,33300.0,Employed,671.0,10700.0,3,PhD,0
39,Female,54000.0,Employed,698.0,17900.0,1,Bachelor,1
49,Female,74300.0,Employed,850.0,16600.0,0,Bachelor,1
51,Male,141000.0,Employed,731.0,23900.0,0,Master,1
26,Male,37900.0,Unemployed,570.0,9600.0,0,Bachelor,0
24,Female,58000.0,Employed,845.0,23900.0,1,Bachelor,1
63,Female,47600.0,Employed,657.0,15300.0,0,PhD,1
49,Male,49400.0,Self-Employed,656.0,33600.0,0,Bachelor,1
62,Female,83900.0,Employed,845.0,15000.0,0,High School,1
23,Male,28500.0,Unemployed,627.0,12800.0,3,Bachelor,0
21,Male,33600.0,Employed,667.0,27300.0,0,Bachelor,1
64,Female,36800.0,Employed,541.0,19300.0,0,Bachelor,1
35,Female,24500.0,Employed,677.0,15400.0,0,Bachelor,1
67,Male,40100.0,Employed,667.0,16000.0,0,Master,1
41,Female,55800.0,Self-Employed,646.0,13500.0,0,Bachelor,1
66,Male,60700.0,Employed,693.0,62100.0,0,High School,1
51,Female,36600.0,Retired,610.0,25100.0,0,Bachelor,0
27,Male,71000.0,Employed,804.0,28600.0,0,High School,1
37,Female,18000.0,Self-Employed,682.0,24700.0,2,High School,0
39,Female,128400.0,Retired,615.0,21400.0,0,High School,1
59,Male,53300.0,Employed,562.0,14000.0,2,Master,0
23,Female,32400.0,Self-Employed,684.0,11900.0,3,Bachelor,0
50,Female,50600.0,Employed,758.0,14000.0,0,High School,1
55,Female,37200.0,Employed,710.0,26800.0,0,Master,1
49,Male,18000.0,Self-Employed,849.0,13900.0,0,Master,1
34,Female,41100.0,Employed,850.0,39200.0,0,Master,1
55,Female,63300.0,Employed,571.0,49800.0,0,High School,1
48,Male,65000.0,Employed,553.0,6400.0,0,High School,1
50,Female,45500.0,Unemployed,615.0,47200.0,0,High School,0
46,Male,64800.0,Unemployed,740.0,9300.0,0,PhD,1
27,Male,49900.0,Self-Employed,713.0,15400.0,1,Bachelor,1
59,Female,44900.0,Employed,766.0,19700.0,0,High School,1
51,Female,28400.0,Self-Employed,592.0,5200.0,0,Master,1
25,Female,33700.0,Unemployed,529.0,11900.0,0,Bachelor,0
55,Male,35300.0,Employed,630.0,20000.0,0,Master,1
67,Female,46300.0,Employed,730.0,8700.0,0,Bachelor,1
34,Male,60000.0,Self-Employed,694.0,8400.0,0,Bachelor,1
56,Male,29500.0,Unemployed,786.0,54900.0,0,Bachelor,0
47,Male,20000.0,Employed,619.0,19500.0,0,Bachelor,1
44,Female,82400.0,Retired,765.0,33100.0,0,High School,1
60,Female,24700.0,Employed,628.0,57400.0,1,High School,0
49,Female,51300.0,Retired,746.0,29400.0,0,Master,1
65,Female,45600.0,Employed,745.0,13400.0,1,Master,1
42,Male,33800.0,Employed,814.0,12600.0,0,Bachelor,1
28,Female,54400.0,Employed,566.0,24900.0,0,Bachelor,1
35,Male,21900.0,Unemployed,798.0,27400.0,0,High School,0
25,Male,90700.0,Employed,718.0,21100.0,0,Bachelor,1
24,Male,149900.0,Self-Employed,685.0,28600.0,2,Bachelor,0
31,Female,74300.0,Employed,669.0,16800.0,0,Bachelor,1
38,Male,26800.0,Self-Employed,674.0,18200.0,0,Bachelor,1
62,Female,18000.0,Employed,683.0,14000.0,0,Bachelor,1
50,Male,51000.0,Employed,543.0,10700.0,0,Bachelor,1
35,Male,21000.0,Employed,701.0,10600.0,0,Bachelor,1
26,Female,32600.0,Employed,693.0,14500.0,0,Bachelor,1
36,Male,85900.0,Self-Employed,624.0,28100.0,0,Master,1
67,Female,90400.0,Employed,683.0,18400.0,0,Bachelor,1
60,Female,95400.0,Employed,774.0,14000.0,0,High School,1
29,Male,42200.0,Employed,628.0,15400.0,0,High School,1
63,Female,62800.0,Employed,583.0,6100.0,0,Bachelor,1
54,Male,18000.0,Employed,619.0,13100.0,3,Bachelor,0
47,Male,19000.0,Employed,503.0,28500.0,0,Bachelor,0
33,Female,34700.0,Employed,832.0,9000.0,0,PhD,1
56,Male,61100.0,Employed,609.0,7100.0,1,Bachelor,1
47,Female,32400.0,Employed,787.0,8600.0,2,High School,0
29,Female,60000.0,Employed,575.0,13400.0,0,Bachelor,1
25,Female,22500.0,Employed,627.0,17400.0,0,Bachelor,1
42,Male,42200.0,Self-Employed,685.0,20700.0,1,High School,0
51,Male,52800.0,Unemployed,735.0,27500.0,0,Bachelor,1
23,Female,58600.0,Employed,674.0,15600.0,0,PhD,1
50,Male,32000.0,Employed,549.0,27900.0,0,Bachelor,1
41,Female,40700.0,Employed,675.0,8800.0,0,Bachelor,1
55,Female,18600.0,Self-Employed,787.0,37100.0,1,High School,0
26,Male,38100.0,Employed,708.0,22400.0,0,High School,1
48,Male,68900.0,Self-Employed,850.0,5400.0,1,Master,1
52,Female,35200.0,Employed,695.0,19200.0,0,Bachelor,1
62,Female,27600.0,Self-Employed,766.0,72400.0,0,Master,0
57,Male,59300.0,Employed,725.0,61700.0,0,Master,1
45,Male,125800.0,Employed,626.0,17800.0,3,Bachelor,0
52,Male,119000.0,Employed,675.0,25800.0,1,Master,1
55,Female,45700.0,Employed,775.0,9300.0,0,High School,1
42,Male,59000.0,Self-Employed,651.0,8400.0,0,High School,1
44,Female,91100.0,Unemployed,714.0,16100.0,0,High School,1
59,Male,45300.0,Employed,627.0,13500.0,1,High School,1
50,Female,50500.0,Employed,759.0,19700.0,1,Bachelor,1
52,Male,34100.0,Unemployed,687.0,26300.0,1,Bachelor,0
51,Female,131100.0,Employed,753.0,25700.0,0,High School,1
43,Male,57500.0,Employed,786.0,33300.0,1,High School,1
60,Female,35100.0,Employed,737.0,24400.0,0,Bachelor,1
53,Male,30100.0,Employed,665.0,35500.0,0,Bachelor,1
45,Female,18000.0,Unemployed,666.0,33400.0,3,Master,0
56,Female,18200.0,Employed,501.0,16100.0,0,Bachelor,0
44,Male,27900.0,Employed,716.0,5300.0,1,High School,1
51,Female,63800.0,Employed,769.0,8700.0,0,High School,1
59,Female,47200.0,Employed,575.0,25700.0,0,Bachelor,1
66,Male,21400.0,Unemployed,667.0,19900.0,0,High School,0
33,Male,25300.0,Employed,665.0,61400.0,0,Master,0
30,Male,46200.0,Employed,719.0,7000.0,1,Bachelor,1
43,Female,92700.0,Retired,692.0,30800.0,0,Bachelor,1
38,Female,23100.0,Employed,602.0,17900.0,1,Bachelor,0
52,Male,50500.0,Employed,817.0,11100.0,0,High School,1
53,Male,32100.0,Employed,538.0,52200.0,2,Bachelor,0
56,Female,32600.0,Employed,628.0,9400.0,0,Bachelor,1
48,Female,22300.0,Employed,567.0,22100.0,0,Bachelor,0
36,Male,54900.0,Employed,710.0,38200.0,2,Bachelor,0
36,Female,31500.0,Employed,719.0,10900.0,2,Bachelor,0
38,Female,33700.0,Self-Employed,670.0,6000.0,0,Master,1
28,Male,65700.0,Employed,577.0,26100.0,3,Bachelor,0
62,Female,67400.0,Self-Employed,601.0,35700.0,0,High School,1
36,Male,27900.0,Employed,756.0,13300.0,2,High School,0
31,Male,46600.0,Unemployed,673.0,7000.0,0,Bachelor,1
26,Male,63100.0,Self-Employed,641.0,20900.0,0,Bachelor,1
21,Female,36600.0,Employed,621.0,15100.0,1,Bachelor,0
32,Female,56100.0,Unemployed,670.0,5900.0,1,Master,0
58,Male,34200.0,Employed,728.0,25500.0,0,Master,1
48,Male,33800.0,Self-Employed,659.0,11700.0,0,Bachelor,1
65,Male,25200.0,Self-Employed,717.0,26000.0,1,High School,0
37,Female,94500.0,Employed,547.0,71700.0,0,Bachelor,1
21,Male,31500.0,Employed,776.0,17700.0,1,High School,1
52,Female,26900.0,Employed,677.0,19000.0,0,High School,1
28,Male,23800.0,Employed,597.0,19400.0,0,Master,1
60,Male,41900.0,Employed,717.0,17000.0,2,Bachelor,0
63,Male,24100.0,Employed,695.0,9000.0,0,Master,1
66,Male,28100.0,Employed,585.0,21700.0,1,PhD,0
44,Female,59800.0,Employed,670.0,12800.0,0,Bachelor,1
30,Male,50200.0,Employed,636.0,13800.0,0,Master,1
67,Male,20500.0,Employed,572.0,11600.0,0,Bachelor,1
59,Male,57700.0,Employed,644.0,23700.0,1,High School,1
59,Male,40800.0,Self-Employed,591.0,11300.0,0,Bachelor,1
30,Male,70900.0,Unemployed,576.0,22700.0,0,Bachelor,1
56,Male,81600.0,Employed,722.0,24300.0,3,Bachelor,0
45,Female,18000.0,Self-Employed,706.0,18700.0,0,Master,0
30,Female,58800.0,Unemployed,658.0,7700.0,1,Bachelor,0
39,Male,90900.0,Retired,489.0,12500.0,0,High School,1
66,Male,44600.0,Employed,674.0,17100.0,0,High School,1
65,Female,56600.0,Employed,745.0,8200.0,0,Bachelor,1
35,Male,44900.0,Employed,783.0,21800.0,0,High School,1
36,Male,65500.0,Employed,766.0,42700.0,0,High School,1
22,Male,48600.0,Employed,579.0,24400.0,3,Bachelor,0
49,Male,18000.0,Employed,614.0,8600.0,1,Bachelor,0
24,Female,37800.0,Employed,666.0,77400.0,3,Bachelor,0
49,Male,36600.0,Employed,673.0,13200.0,0,Bachelor,1
51,Female,57300.0,Employed,683.0,21000.0,0,High School,1
37,Male,72300.0,Retired,775.0,12000.0,0,Bachelor,1
30,Male,35800.0,Retired,697.0,20500.0,0,High School,1
47,Female,21800.0,Self-Employed,783.0,41300.0,0,PhD,0
61,Male,46800.0,Employed,614.0,9500.0,1,Bachelor,1
35,Female,27200.0,Retired,647.0,13600.0,0,High School,1
64,Male,29600.0,Employed,644.0,19900.0,0,Bachelor,1
51,Female,132100.0,Self-Employed,675.0,6400.0,0,High School,1
41,Male,28600.0,Employed,565.0,29600.0,0,Bachelor,1
61,Female,18400.0,Employed,843.0,11700.0,3,High School,0
66,Male,54300.0,Self-Employed,688.0,18600.0,1,Bachelor,1
65,Female,57200.0,Self-Employed,583.0,9300.0,0,Bachelor,1
46,Male,62300.0,Self-Employed,588.0,9100.0,2,Master,0
58,Female,61100.0,Unemployed,687.0,17900.0,0,High School,1
56,Male,43200.0,Employed,730.0,45900.0,1,Bachelor,0
37,Female,43400.0,Employed,760.0,10200.0,0,Bachelor,1
23,Male,64200.0,Employed,684.0,31200.0,2,Bachelor,0
34,Male,89700.0,Employed,732.0,39600.0,0,Master,1
33,Male,21400.0,Self-Employed,709.0,32400.0,0,High School,0
61,Male,29600.0,Self-Employed,671.0,16300.0,0,Bachelor,1
47,Male,54900.0,Employed,651.0,20800.0,0,High School,1
21,Female,45600.0,Employed,682.0,45100.0,0,High School,1
37,Female,18000.0,Employed,670.0,31900.0,0,High School,0
54,Male,30100.0,Unemployed,679.0,18300.0,0,Bachelor,0
34,Female,46700.0,Employed,718.0,8900.0,1,Bachelor,1
37,Female,40400.0,Employed,818.0,54300.0,0,Bachelor,1
23,Male,33500.0,Employed,595.0,19400.0,1,Bachelor,0
54,Female,129600.0,Employed,688.0,13000.0,1,Bachelor,1
60,Female,39600.0,Self-Employed,710.0,24700.0,0,High School,1
45,Female,45000.0,Retired,648.0,5100.0,0,Bachelor,1
22,Male,42900.0,Employed,772.0,27300.0,0,High School,1
54,Female,44600.0,Employed,639.0,26000.0,0,High School,1
46,Male,40900.0,Unemployed,737.0,22300.0,0,Bachelor,1
51,Male,18000.0,Self-Employed,787.0,31700.0,0,Master,0
29,Male,24500.0,Employed,714.0,21400.0,0,High School,1
50,Female,34300.0,Employed,665.0,25800.0,0,Bachelor,1
40,Female,60300.0,Retired,721.0,27100.0,1,High School,0
41,Female,34600.0,Employed,646.0,33700.0,0,Master,1
49,Male,26500.0,Unemployed,620.0,14800.0,0,Bachelor,0
45,Male,64400.0,Employed,711.0,23500.0,1,Bachelor,1
58,Male,78900.0,Employed,744.0,13700.0,1,High School,1
64,Male,18700.0,Employed,688.0,21800.0,0,Master,1
45,Male,42100.0,Self-Employed,727.0,17800.0,0,Bachelor,1
29,Female,18000.0,Retired,850.0,10500.0,0,High School,1
59,Female,34300.0,Employed,784.0,25300.0,0,Bachelor,1
64,Male,103000.0,Employed,632.0,6200.0,0,High School,1
46,Male,42000.0,Employed,696.0,9300.0,0,High School,1
57,Male,20100.0,Self-Employed,706.0,27700.0,1,High School,0
36,Male,20400.0,Self-Employed,609.0,12100.0,0,High School,1
57,Female,25200.0,Unemployed,732.0,24800.0,0,Master,0
32,Female,28700.0,Employed,616.0,71500.0,0,Bachelor,0
44,Female,18000.0,Employed,737.0,5200.0,0,Bachelor,1
46,Male,47300.0,Employed,844.0,21500.0,0,Master,1
40,Male,52700.0,Employed,669.0,54600.0,1,Master,0
29,Male,33700.0,Employed,717.0,20900.0,0,Bachelor,1
43,Female,111600.0,Unemployed,705.0,18100.0,3,High School,0
59,Female,32400.0,Employed,601.0,14200.0,0,High School,1
49,Male,73200.0,Employed,617.0,11200.0,0,Bachelor,1
51,Male,20100.0,Unemployed,711.0,5200.0,1,Bachelor,0
39,Male,46600.0,Unemployed,691.0,13600.0,2,PhD,0
40,Female,50300.0,Employed,669.0,18700.0,0,High School,1
43,Female,28100.0,Employed,759.0,19800.0,0,Master,1
63,Female,43600.0,Employed,720.0,31500.0,0,High School,1
47,Female,28000.0,Employed,850.0,30500.0,0,Bachelor,1
50,Male,34300.0,Self-Employed,601.0,20600.0,0,Master,1
41,Male,34800.0,Self-Employed,646.0,22000.0,0,Bachelor,1
64,Male,19900.0,Employed,804.0,17400.0,0,Bachelor,1
55,Male,52100.0,Unemployed,823.0,11500.0,0,Bachelor,1
27,Female,54000.0,Self-Employed,607.0,31600.0,0,PhD,1
42,Female,33300.0,Retired,647.0,16400.0,0,High School,1
30,Male,45300.0,Unemployed,665.0,21100.0,0,High School,1
43,Female,25300.0,Employed,800.0,85000.0,0,Bachelor,0
35,Male,21500.0,Employed,668.0,31200.0,0,High School,0
50,Male,32900.0,Employed,666.0,15900.0,0,Bachelor,1
54,Male,56700.0,Employed,658.0,7200.0,2,High School,0
33,Male,38600.0,Employed,689.0,35100.0,0,Master,1
24,Male,32200.0,Employed,709.0,3100.0,0,Bachelor,1
38,Male,47500.0,Self-Employed,840.0,14000.0,0,Bachelor,1
43,Male,25400.0,Employed,804.0,5800.0,1,Master,1
53,Female,21700.0,Unemployed,588.0,13500.0,2,Master,0
54,Male,33600.0,Employed,664.0,13400.0,0,Master,1
54,Male,26200.0,Employed,682.0,19700.0,0,Bachelor,1
56,Male,22100.0,Employed,642.0,15900.0,1,High School,0
55,Female,63100.0,Employed,765.0,31800.0,0,Bachelor,1
37,Male,120800.0,Employed,795.0,26500.0,2,Bachelor,1
48,Female,18400.0,Self-Employed,639.0,29800.0,0,Bachelor,0
34,Male,32600.0,Employed,681.0,7700.0,3,PhD,0
54,Female,43800.0,Self-Employed,756.0,16700.0,0,Master,1
31,Female,18000.0,Employed,771.0,26300.0,3,Master,0
33,Male,35900.0,Employed,637.0,19000.0,1,Bachelor,0
53,Male,37200.0,Self-Employed,721.0,12700.0,1,Bachelor,1
22,Male,51000.0,Employed,621.0,11500.0,0,Bachelor,1
54,Female,27300.0,Employed,770.0,54700.0,0,Bachelor,0
49,Male,30300.0,Employed,618.0,23900.0,0,Bachelor,1
57,Male,65200.0,Employed,690.0,5100.0,0,Master,1
24,Female,49500.0,Employed,640.0,8500.0,3,Bachelor,0
32,Male,57800.0,Employed,596.0,5100.0,0,High School,1
46,Female,18000.0,Employed,631.0,7800.0,0,High School,1
48,Female,28700.0,Employed,651.0,8900.0,0,Master,1
23,Male,85700.0,Unemployed,786.0,37500.0,0,High School,1
40,Male,38500.0,Employed,640.0,24800.0,0,Bachelor,1
30,Male,37700.0,Unemployed,686.0,10800.0,0,Bachelor,1
38,Female,38500.0,Employed,623.0,11200.0,0,Master,1
47,Female,88000.0,Self-Employed,758.0,12500.0,0,Bachelor,1
51,Female,27600.0,Self-Employed,770.0,10500.0,0,High School,1
47,Female,56100.0,Employed,747.0,15200.0,0,High School,1
62,Female,45800.0,Retired,650.0,10900.0,1,High School,0
21,Male,20300.0,Employed,624.0,15600.0,0,High School,1
26,Male,34600.0,Employed,602.0,8200.0,0,Master,1
31,Female,26500.0,Employed,745.0,17300.0,0,Bachelor,1
54,Male,21200.0,Retired,641.0,20600.0,1,High School,0
59,Male,73000.0,Unemployed,752.0,9700.0,0,Bachelor,1
40,Female,21800.0,Employed,607.0,11800.0,1,Bachelor,0
41,Male,58400.0,Employed,662.0,16100.0,0,Bachelor,1
41,Female,26100.0,Employed,641.0,30300.0,0,PhD,0
38,Female,79100.0,Employed,619.0,35700.0,0,Bachelor,1
41,Male,32500.0,Employed,532.0,17000.0,1,Bachelor,0
39,Female,47500.0,Employed,567.0,21400.0,0,Bachelor,1
24,Male,30200.0,Employed,776.0,16500.0,0,High School,1
33,Male,18000.0,Unemployed,609.0,37500.0,0,Bachelor,0
38,Male,18000.0,Employed,737.0,49000.0,0,Bachelor,0
49,Male,18000.0,Self-Employed,681.0,29300.0,1,Bachelor,0
45,Male,45600.0,Employed,651.0,23400.0,2,High School,0
33,Male,39600.0,Retired,644.0,23500.0,0,Bachelor,1
47,Male,54000.0,Employed,673.0,19500.0,0,Bachelor,1
39,Male,28600.0,Employed,737.0,11400.0,0,Bachelor,1
21,Female,18000.0,Self-Employed,576.0,13100.0,2,Bachelor,0
58,Female,77000.0,Self-Employed,674.0,21000.0,0,High School,1
39,Male,65800.0,Employed,713.0,13300.0,0,High School,1
21,Male,48400.0,Employed,743.0,8000.0,0,Master,1
60,Male,69900.0,Employed,766.0,16000.0,0,Bachelor,1
37,Male,38100.0,Employed,664.0,6900.0,0,High School,1
41,Female,45800.0,Employed,561.0,56500.0,2,High School,0
42,Female,28200.0,Employed,715.0,12800.0,1,PhD,0
35,Male,23500.0,Employed,670.0,17700.0,2,High School,0
59,Male,18200.0,Employed,782.0,36900.0,0,Bachelor,0
59,Male,27500.0,Employed,697.0,79100.0,0,Bachelor,0
52,Female,151900.0,Self-Employed,783.0,16100.0,0,Bachelor,1
24,Male,18800.0,Employed,635.0,11200.0,0,High School,1
64,Female,25100.0,Employed,783.0,26600.0,0,High School,1
65,Female,42500.0,Employed,693.0,17600.0,0,PhD,1
52,Male,133100.0,Employed,716.0,16600.0,0,High School,1
24,Female,23700.0,Employed,534.0,20200.0,0,Bachelor,0
21,Female,29300.0,Employed,774.0,23500.0,0,Master,1
53,Female,56100.0,Self-Employed,664.0,60700.0,2,Bachelor,0
27,Male,54600.0,Retired,722.0,8100.0,0,Bachelor,1
29,Male,28400.0,Unemployed,652.0,57500.0,0,Bachelor,0
21,Female,26400.0,Employed,778.0,15800.0,0,Master,1
36,Female,50200.0,Employed,699.0,30900.0,0,PhD,1
38,Female,34500.0,Unemployed,693.0,19800.0,3,High School,0
67,Female,46300.0,Employed,841.0,18300.0,0,High School,1
26,Female,36900.0,Employed,468.0,20300.0,0,PhD,1
22,Female,47800.0,Employed,645.0,11200.0,0,Master,1
29,Male,50400.0,Self-Employed,667.0,47200.0,0,High School,1
24,Female,18000.0,Employed,610.0,25300.0,0,PhD,0
65,Female,31800.0,Employed,708.0,22700.0,0,High School,1
43,Female,47400.0,Self-Employed,566.0,15000.0,0,High School,1
63,Female,60200.0,Self-Employed,570.0,7900.0,3,Bachelor,0
65,Male,34000.0,Employed,717.0,27100.0,0,Bachelor,1
63,Female,18000.0,Self-Employed,602.0,28100.0,0,High School,0
28,Female,74900.0,Employed,724.0,25800.0,0,Master,1
59,Male,61600.0,Self-Employed,629.0,19100.0,0,Bachelor,1
45,Male,42300.0,Employed,609.0,15800.0,3,Bachelor,0
36,Male,31800.0,Employed,596.0,37900.0,0,Bachelor,1
55,Male,54200.0,Self-Employed,599.0,23900.0,0,High School,1
37,Male,32000.0,Employed,644.0,21400.0,0,Bachelor,1
38,Male,62200.0,Employed,612.0,7500.0,0,Bachelor,1
47,Female,98600.0,Employed,669.0,6000.0,0,Bachelor,1
35,Female,31500.0,Retired,522.0,72800.0,1,High School,0
37,Female,59300.0,Employed,608.0,29600.0,0,High School,1
63,Female,28900.0,Employed,786.0,39300.0,0,High School,1
25,Male,67100.0,Employed,573.0,6800.0,0,Master,1
36,Male,35500.0,Employed,624.0,32700.0,0,Master,1
35,Female,82800.0,Self-Employed,785.0,15200.0,0,Master,1
62,Male,34900.0,Self-Employed,677.0,19300.0,0,Master,1
66,Female,25600.0,Self-Employed,534.0,24900.0,1,Bachelor,0
54,Female,34000.0,Unemployed,731.0,20100.0,0,High School,0
39,Male,35900.0,Self-Employed,781.0,20000.0,1,Bachelor,1
28,Female,45200.0,Employed,678.0,10600.0,0,Bachelor,1
67,Male,34000.0,Employed,633.0,26000.0,0,High School,1
30,Male,45400.0,Employed,532.0,10600.0,0,High School,1
25,Female,45800.0,Employed,639.0,11000.0,0,High School,1
46,Male,32400.0,Employed,574.0,19200.0,0,High School,1
42,Female,47300.0,Employed,679.0,8500.0,0,High School,1
64,Male,29900.0,Unemployed,750.0,36500.0,0,High School,0
43,Female,109100.0,Employed,596.0,36600.0,0,Bachelor,1
33,Female,46600.0,Employed,738.0,14000.0,0,High School,1
29,Female,54500.0,Employed,531.0,15500.0,0,Master,1
40,Male,36400.0,Employed,659.0,18400.0,0,Master,1
48,Male,28000.0,Employed,509.0,5500.0,0,Master,1
64,Female,61000.0,Employed,695.0,7500.0,0,Bachelor,1
57,Male,47300.0,Employed,776.0,27800.0,0,Bachelor,1
44,Female,18000.0,Self-Employed,643.0,22800.0,1,Bachelor,0
64,Female,105100.0,Self-Employed,694.0,14500.0,1,High School,1
53,Female,58000.0,Employed,637.0,13900.0,3,Bachelor,0
40,Female,33200.0,Employed,710.0,27600.0,0,Master,1
50,Male,54300.0,Self-Employed,749.0,5800.0,0,Bachelor,1
64,Female,49600.0,Employed,679.0,55800.0,0,Bachelor,1
29,Female,51400.0,Employed,635.0,31400.0,0,Bachelor,1
65,Male,26000.0,Employed,704.0,14200.0,0,Bachelor,1
37,Female,41600.0,Self-Employed,834.0,22700.0,0,Master,1
56,Male,46700.0,Self-Employed,707.0,41300.0,0,High School,1
34,Male,74300.0,Retired,572.0,9600.0,0,Master,1
39,Male,42200.0,Employed,841.0,39000.0,0,Bachelor,1
27,Female,49800.0,Employed,611.0,17900.0,0,Master,1
23,Male,25500.0,Employed,613.0,27100.0,0,Bachelor,1
53,Female,41500.0,Self-Employed,766.0,30500.0,0,Bachelor,1
64,Female,61900.0,Employed,644.0,19900.0,0,Master,1
52,Male,28500.0,Employed,722.0,34800.0,1,Master,0
67,Male,33100.0,Employed,716.0,14000.0,0,High School,1
31,Female,24800.0,Self-Employed,717.0,17800.0,1,Bachelor,0
62,Male,20400.0,Employed,803.0,11400.0,0,High School,1
22,Female,26100.0,Retired,657.0,11900.0,0,High School,1
46,Male,53200.0,Employed,683.0,20200.0,1,Bachelor,1
24,Male,35500.0,Employed,602.0,30000.0,0,High School,1
37,Female,26100.0,Employed,743.0,8300.0,0,Bachelor,1
37,Male,119300.0,Employed,698.0,22800.0,3,Master,0
48,Male,28300.0,Employed,787.0,36500.0,0,Master,1
50,Male,54800.0,Self-Employed,711.0,39800.0,0,High School,1
60,Male,47400.0,Employed,827.0,16800.0,1,High School,1
43,Female,45400.0,Employed,669.0,9600.0,2,Bachelor,0
66,Female,18000.0,Self-Employed,700.0,26900.0,1,High School,0
44,Male,75700.0,Employed,686.0,23500.0,0,High School,1
49,Female,47100.0,Employed,621.0,18000.0,0,High School,1
24,Female,63500.0,Employed,514.0,15200.0,0,Master,1
58,Male,70900.0,Employed,699.0,22100.0,0,Master,1
49,Male,94500.0,Employed,544.0,23200.0,2,Master,0
39,Female,24400.0,Employed,719.0,14100.0,3,Bachelor,0
47,Female,28000.0,Employed,778.0,15800.0,0,Bachelor,1
49,Female,30000.0,Unemployed,675.0,7800.0,0,PhD,1
56,Female,26000.0,Employed,712.0,21700.0,0,Bachelor,1
55,Male,77700.0,Employed,715.0,23100.0,0,Bachelor,1
26,Female,24300.0,Self-Employed,761.0,8600.0,1,Master,0
43,Male,33200.0,Employed,672.0,16900.0,0,Bachelor,1
59,Female,18000.0,Employed,577.0,13200.0,1,Bachelor,0
66,Male,57900.0,Employed,531.0,35800.0,0,Bachelor,1
64,Male,37700.0,Unemployed,651.0,8400.0,3,High School,0
28,Male,62400.0,Employed,541.0,35300.0,0,High School,1
22,Female,57000.0,Unemployed,683.0,38700.0,0,PhD,0
33,Male,18000.0,Self-Employed,701.0,4200.0,2,Bachelor,0
60,Male,44000.0,Employed,635.0,26500.0,0,High School,1
41,Male,23300.0,Self-Employed,743.0,24400.0,3,Bachelor,0
51,Male,43100.0,Employed,694.0,7200.0,0,Bachelor,1
56,Female,29900.0,Employed,624.0,14900.0,0,Master,1
58,Female,100400.0,Employed,641.0,13900.0,0,Master,1
47,Male,152000.0,Employed,795.0,10200.0,0,High School,1
56,Male,35500.0,Retired,535.0,12300.0,0,Bachelor,1
43,Female,42200.0,Employed,660.0,30000.0,0,Bachelor,1
41,Male,18000.0,Employed,697.0,19000.0,3,PhD,0
33,Male,18000.0,Self-Employed,628.0,12600.0,1,High School,0
57,Male,48700.0,Retired,619.0,9100.0,1,High School,0
67,Male,39500.0,Retired,774.0,29900.0,3,Master,0
46,Male,49500.0,Self-Employed,850.0,49800.0,0,Bachelor,1
60,Female,26900.0,Employed,652.0,15800.0,0,Bachelor,1
27,Female,46700.0,Employed,682.0,17100.0,1,Master,0
66,Female,18000.0,Employed,729.0,83400.0,0,High School,0
59,Male,29600.0,Employed,593.0,29800.0,0,Bachelor,1
42,Male,50700.0,Employed,686.0,34900.0,0,Bachelor,1
59,Male,93700.0,Unemployed,810.0,12800.0,0,Bachelor,1
43,Female,37900.0,Unemployed,850.0,10900.0,0,Bachelor,1
50,Female,53900.0,Employed,574.0,39000.0,0,Bachelor,1
38,Female,28700.0,Self-Employed,604.0,23700.0,0,High School,0
62,Male,50100.0,Employed,643.0,20200.0,0,Master,1
38,Male,31400.0,Employed,648.0,23200.0,1,Bachelor,0
66,Male,106700.0,Unemployed,772.0,50800.0,0,High School,1
30,Female,34000.0,Employed,683.0,11600.0,0,Bachelor,1
59,Female,36900.0,Self-Employed,765.0,19800.0,2,High School,0
50,Female,59100.0,Employed,701.0,12000.0,0,Bachelor,1
46,Female,51600.0,Self-Employed,670.0,21300.0,0,Master,1
27,Male,33400.0,Employed,718.0,29200.0,0,High School,1
27,Female,49300.0,Employed,486.0,21800.0,0,High School,1
25,Female,23700.0,Employed,652.0,51000.0,0,Bachelor,0
21,Male,44900.0,Employed,655.0,13200.0,0,Bachelor,1
66,Male,52800.0,Employed,562.0,25000.0,0,Bachelor,1
38,Male,32500.0,Employed,794.0,38800.0,1,Bachelor,0
33,Male,33400.0,Unemployed,659.0,14400.0,0,High School,0
45,Male,29300.0,Self-Employed,711.0,13600.0,0,High School,1
60,Female,19600.0,Employed,754.0,16500.0,0,High School,1
28,Male,49400.0,Employed,609.0,7600.0,1,Bachelor,1
30,Male,31600.0,Self-Employed,704.0,35700.0,0,High School,1
52,Male,53000.0,Employed,541.0,19900.0,2,Bachelor,0
37,Female,36600.0,Employed,726.0,6500.0,1,High School,1
58,Female,54600.0,Employed,633.0,14000.0,0,Master,1
35,Male,18000.0,Employed,656.0,39600.0,0,Master,0
35,Female,22600.0,Employed,775.0,14800.0,0,Bachelor,1
60,Female,26300.0,Employed,835.0,46200.0,0,Master,0
40,Male,73000.0,Employed,619.0,15300.0,3,PhD,0
35,Male,49100.0,Employed,608.0,7600.0,1,Bachelor,1
55,Female,35200.0,Employed,739.0,5100.0,0,PhD,1
26,Female,31600.0,Employed,735.0,63500.0,2,Master,0
50,Female,54100.0,Self-Employed,579.0,11000.0,1,Bachelor,0
28,Female,29900.0,Self-Employed,678.0,12700.0,0,Master,1
51,Female,58000.0,Employed,678.0,16900.0,0,Master,1
67,Female,36100.0,Employed,676.0,20900.0,3,High School,0
52,Male,76600.0,Employed,736.0,9900.0,0,Master,1
65,Male,25000.0,Employed,809.0,38800.0,0,Bachelor,1
35,Male,37600.0,Retired,660.0,21700.0,0,Master,1
38,Female,25300.0,Employed,833.0,37700.0,0,High School,1
33,Female,90600.0,Employed,670.0,5500.0,0,High School,1
44,Female,40600.0,Employed,819.0,24200.0,0,PhD,1
60,Male,24300.0,Unemployed,716.0,23000.0,0,Bachelor,0
34,Female,25600.0,Employed,772.0,17700.0,1,Master,0
48,Male,51900.0,Employed,760.0,13200.0,1,Bachelor,1
31,Male,18000.0,Employed,611.0,7400.0,0,Master,1
26,Female,36700.0,Employed,711.0,7900.0,1,Bachelor,1
45,Female,26200.0,Employed,602.0,39300.0,0,Master,0
21,Female,37100.0,Employed,671.0,22600.0,4,Bachelor,0
45,Male,42200.0,Employed,583.0,16000.0,0,Bachelor,1
22,Male,38200.0,Employed,663.0,15400.0,0,Master,1
52,Male,35100.0,Employed,685.0,33300.0,0,Bachelor,1
33,Male,43600.0,Employed,607.0,32500.0,0,Bachelor,1
53,Female,96300.0,Employed,680.0,11100.0,0,Master,1
52,Female,75900.0,Self-Employed,748.0,7600.0,2,Master,0
44,Female,33900.0,Unemployed,597.0,22500.0,0,Master,0
47,Male,57700.0,Self-Employed,756.0,37800.0,2,Bachelor,0
24,Female,56300.0,Employed,759.0,27300.0,0,Bachelor,1
44,Male,33200.0,Employed,599.0,48800.0,0,Bachelor,0
43,Female,39500.0,Employed,458.0,16300.0,0,High School,1
49,Male,52500.0,Employed,773.0,21400.0,0,High School,1
54,Male,27900.0,Employed,659.0,17400.0,4,High School,0
41,Male,35600.0,Employed,680.0,28500.0,1,PhD,0
50,Female,36400.0,Employed,850.0,11800.0,1,Master,1
46,Male,35100.0,Employed,716.0,20300.0,0,Bachelor,1
40,Male,34400.0,Employed,720.0,48500.0,0,Bachelor,1
36,Female,50100.0,Employed,679.0,11600.0,0,High School,1
23,Male,40700.0,Employed,664.0,5400.0,1,High School,1
57,Male,55300.0,Employed,675.0,24700.0,0,Bachelor,1
60,Male,141500.0,Employed,667.0,69200.0,0,PhD,1
64,Male,30700.0,Self-Employed,537.0,12000.0,0,High School,1
45,Female,44700.0,Self-Employed,595.0,38800.0,0,High School,0
43,Female,51800.0,Employed,675.0,18200.0,0,Master,1
64,Male,69300.0,Self-Employed,850.0,10000.0,0,Bachelor,1
21,Female,49900.0,Employed,562.0,27300.0,0,High School,1
53,Male,23200.0,Employed,636.0,7700.0,0,High School,1
35,Male,28800.0,Employed,635.0,44900.0,1,Bachelor,0
37,Male,43200.0,Self-Employed,739.0,19300.0,0,Bachelor,1
54,Male,28400.0,Employed,688.0,6500.0,0,Bachelor,1
37,Male,19200.0,Employed,625.0,54900.0,0,PhD,0
61,Female,26800.0,Employed,778.0,30200.0,3,High School,0
64,Female,26900.0,Unemployed,596.0,21800.0,0,Bachelor,0
24,Male,24200.0,Employed,637.0,30700.0,0,High School,0
33,Female,142000.0,Employed,586.0,4100.0,0,Bachelor,1
24,Female,47000.0,Employed,764.0,12400.0,0,Bachelor,1
27,Female,42500.0,Self-Employed,676.0,81300.0,1,High School,0
66,Female,63600.0,Employed,619.0,19500.0,1,Bachelor,0
29,Male,98600.0,Employed,718.0,12300.0,0,High School,1
43,Female,48700.0,Employed,814.0,20000.0,1,High School,1
53,Female,66800.0,Employed,488.0,9300.0,1,High School,0
53,Female,31200.0,Employed,732.0,46500.0,0,Bachelor,0
40,Male,25500.0,Employed,827.0,13800.0,0,PhD,1
24,Male,63200.0,Self-Employed,812.0,7000.0,1,Bachelor,1
21,Female,62600.0,Employed,659.0,20000.0,1,Master,1
62,Male,59800.0,Retired,688.0,32800.0,0,Bachelor,1
54,Male,42700.0,Self-Employed,698.0,27400.0,0,Bachelor,1
47,Female,27200.0,Employed,658.0,7800.0,3,Master,0
41,Male,31600.0,Employed,759.0,10200.0,0,High School,1
44,Female,71500.0,Self-Employed,543.0,5000.0,3,Bachelor,0
35,Female,29900.0,Employed,729.0,27700.0,1,Bachelor,0
55,Female,44100.0,Employed,674.0,23900.0,0,High School,1
45,Male,27300.0,Employed,766.0,25300.0,0,High School,1
29,Male,36500.0,Employed,774.0,13900.0,0,Bachelor,1
37,Female,23400.0,Employed,689.0,5800.0,0,Bachelor,1
41,Female,38700.0,Unemployed,627.0,11200.0,0,Bachelor,0
33,Female,31600.0,Self-Employed,768.0,35100.0,2,Bachelor,0
23,Male,18000.0,Employed,572.0,22500.0,0,Bachelor,0
24,Male,55700.0,Employed,591.0,6400.0,1,Bachelor,1
24,Female,54400.0,Employed,673.0,15300.0,0,Master,1
63,Male,41300.0,Employed,636.0,25300.0,1,Bachelor,0
48,Female,22900.0,Employed,662.0,17000.0,0,High School,1
27,Male,23000.0,Self-Employed,654.0,7700.0,2,Master,0
46,Male,128700.0,Unemployed,678.0,13500.0,0,High School,1
31,Male,18000.0,Employed,806.0,11600.0,0,Bachelor,1
44,Male,23300.0,Employed,582.0,18400.0,0,Bachelor,1
63,Female,117600.0,Employed,640.0,21300.0,1,Bachelor,1
30,Female,137500.0,Employed,750.0,12200.0,0,Bachelor,1
57,Male,93900.0,Employed,683.0,26600.0,0,Bachelor,1
33,Female,52400.0,Self-Employed,597.0,48100.0,0,High School,0
64,Male,29200.0,Retired,673.0,116900.0,3,Master,0
62,Female,18000.0,Unemployed,552.0,10300.0,0,PhD,0
59,Male,49200.0,Self-Employed,768.0,18900.0,0,Bachelor,1
39,Female,27400.0,Retired,690.0,6100.0,0,Bachelor,1
39,Female,82900.0,Unemployed,850.0,13500.0,2,Bachelor,0
32,Female,18000.0,Employed,585.0,38800.0,0,High School,0
42,Female,44400.0,Employed,623.0,4600.0,0,Bachelor,1
67,Female,63900.0,Employed,695.0,14000.0,0,Bachelor,1
57,Female,66600.0,Employed,792.0,17700.0,0,PhD,1
50,Female,60900.0,Employed,639.0,7100.0,0,Bachelor,1
66,Female,47600.0,Self-Employed,620.0,22600.0,0,Master,1
32,Male,42800.0,Employed,686.0,21000.0,0,Bachelor,1
49,Male,63200.0,Employed,623.0,12500.0,0,High School,1
41,Female,47600.0,Employed,720.0,26600.0,1,High School,0
31,Male,48400.0,Employed,686.0,11000.0,1,Bachelor,1
57,Female,40800.0,Employed,739.0,23700.0,0,Bachelor,1
38,Male,33100.0,Employed,756.0,18100.0,0,PhD,1
64,Female,20400.0,Employed,711.0,20800.0,0,High School,1
47,Male,22300.0,Employed,778.0,15600.0,0,Bachelor,1
57,Male,33100.0,Employed,651.0,8000.0,1,Master,1
32,Male,37800.0,Employed,557.0,7800.0,1,Master,1
43,Female,24700.0,Employed,588.0,11400.0,0,Bachelor,1
54,Male,23800.0,Employed,673.0,13000.0,0,Bachelor,1
58,Male,33400.0,Employed,716.0,21200.0,0,High School,1
43,Female,63000.0,Employed,730.0,17700.0,0,Bachelor,1
45,Female,18000.0,Employed,625.0,13700.0,0,Bachelor,1
24,Male,25100.0,Employed,754.0,5400.0,0,Bachelor,1
50,Male,43500.0,Unemployed,483.0,11900.0,0,Master,0
50,Male,76400.0,Employed,633.0,9000.0,0,Bachelor,1
33,Female,118200.0,Employed,722.0,51400.0,0,Bachelor,1
62,Male,33800.0,Self-Employed,758.0,18800.0,0,Bachelor,1
34,Male,33600.0,Unemployed,744.0,46100.0,0,PhD,0
67,Male,37500.0,Employed,759.0,18900.0,1,High School,1
28,Male,45000.0,Self-Employed,695.0,55200.0,0,Bachelor,1
44,Female,39200.0,Self-Employed,670.0,21800.0,0,Bachelor,1
38,Male,42500.0,Employed,520.0,22300.0,0,High School,1
55,Male,20600.0,Self-Employed,659.0,58000.0,3,Bachelor,0
45,Male,18000.0,Employed,582.0,11800.0,0,High School,1
37,Male,57400.0,Employed,732.0,12100.0,0,Master,1
52,Male,36400.0,Employed,564.0,19400.0,3,Bachelor,0
44,Female,60900.0,Employed,667.0,103800.0,1,Master,0
27,Female,44900.0,Unemployed,579.0,14400.0,0,PhD,0
33,Female,19600.0,Self-Employed,679.0,21700.0,0,PhD,0
47,Female,87300.0,Unemployed,669.0,31000.0,1,High School,0
25,Female,40800.0,Employed,531.0,47100.0,0,Bachelor,0
56,Male,27600.0,Employed,709.0,30900.0,0,Bachelor,1
46,Female,30700.0,Self-Employed,656.0,44100.0,1,Master,0
62,Female,21900.0,Employed,682.0,28500.0,0,High School,0
65,Female,47400.0,Employed,645.0,19300.0,1,Bachelor,0
51,Male,38000.0,Self-Employed,619.0,9400.0,0,Bachelor,1
30,Male,110100.0,Employed,744.0,13200.0,0,PhD,1
66,Female,52100.0,Employed,768.0,14500.0,0,PhD,1
46,Female,106800.0,Employed,762.0,21500.0,1,Bachelor,1
42,Female,24800.0,Employed,564.0,24800.0,0,Bachelor,0
32,Male,34000.0,Employed,798.0,56900.0,0,Bachelor,1
52,Male,62600.0,Employed,728.0,5200.0,0,Master,1
47,Male,53900.0,Employed,786.0,17500.0,0,High School,1
53,Female,39800.0,Self-Employed,785.0,56700.0,0,High School,0
40,Male,23400.0,Employed,710.0,7900.0,0,Bachelor,1
59,Male,18000.0,Employed,612.0,11800.0,0,High School,1
61,Female,36000.0,Employed,616.0,23900.0,0,Bachelor,1
60,Male,36700.0,Employed,622.0,30400.0,0,High School,1
33,Female,42800.0,Retired,665.0,7900.0,0,Master,1
34,Male,19500.0,Employed,596.0,45600.0,0,Bachelor,0
64,Female,25900.0,Employed,534.0,25500.0,0,High School,0
60,Female,48800.0,Employed,537.0,7800.0,0,Bachelor,1
42,Female,53800.0,Employed,677.0,36000.0,0,Master,1
38,Female,44400.0,Self-Employed,657.0,33300.0,1,Master,0
49,Male,33700.0,Self-Employed,723.0,18000.0,0,Bachelor,1
63,Male,22200.0,Employed,665.0,13700.0,0,Master,1
36,Male,64700.0,Unemployed,778.0,8900.0,0,Bachelor,1
66,Female,57700.0,Employed,630.0,14100.0,0,Bachelor,1
55,Female,30100.0,Employed,708.0,33500.0,0,Bachelor,1
54,Male,60900.0,Employed,727.0,6400.0,0,Bachelor,1
23,Female,38800.0,Employed,685.0,10900.0,0,High School,1
24,Male,28500.0,Employed,766.0,21500.0,0,Bachelor,1
25,Female,63800.0,Unemployed,725.0,27600.0,0,Bachelor,1
30,Female,42200.0,Self-Employed,748.0,27000.0,3,Bachelor,0
49,Male,32400.0,Employed,626.0,11300.0,1,Bachelor,1
52,Male,21100.0,Employed,661.0,17000.0,0,Bachelor,1
51,Male,22100.0,Self-Employed,494.0,13700.0,0,High School,1
22,Female,61300.0,Employed,675.0,21200.0,0,High School,1
32,Male,50300.0,Employed,564.0,25500.0,0,Bachelor,1
47,Male,22400.0,Employed,850.0,16300.0,0,Bachelor,1
25,Male,22200.0,Employed,706.0,19300.0,0,Master,1
57,Male,114800.0,Employed,646.0,18000.0,0,Bachelor,1
47,Female,50600.0,Employed,744.0,7000.0,0,Bachelor,1
43,Female,73500.0,Employed,562.0,39200.0,0,Bachelor,1
53,Male,84600.0,Employed,638.0,33600.0,1,PhD,1
24,Female,25200.0,Retired,650.0,6100.0,0,Master,1
41,Female,95900.0,Self-Employed,735.0,63800.0,0,Master,1
44,Male,23400.0,Employed,597.0,23100.0,0,Bachelor,1
64,Male,57800.0,Employed,621.0,25000.0,0,Bachelor,1
51,Female,37900.0,Employed,689.0,13300.0,0,Bachelor,1
64,Female,57600.0,Employed,734.0,19400.0,2,High School,0
44,Male,36100.0,Self-Employed,698.0,25000.0,0,Master,1
30,Male,52800.0,Employed,603.0,53800.0,0,High School,1
22,Male,79300.0,Employed,689.0,9300.0,1,Master,1
51,Female,70300.0,Unemployed,622.0,35400.0,0,High School,0
45,Male,38900.0,Employed,600.0,14000.0,1,Bachelor,0
24,Male,24900.0,Unemployed,715.0,42300.0,0,Bachelor,0
31,Female,34600.0,Unemployed,726.0,7500.0,0,Bachelor,1
37,Female,50100.0,Employed,679.0,17200.0,0,Bachelor,1
64,Male,55600.0,Unemployed,723.0,5200.0,0,Master,1
22,Male,68500.0,Employed,745.0,12100.0,0,High School,1
26,Female,27800.0,Retired,472.0,13500.0,0,Master,0
29,Male,25200.0,Employed,715.0,23400.0,0,Master,1
25,Male,24100.0,Self-Employed,812.0,7000.0,0,Bachelor,1
40,Female,36400.0,Self-Employed,656.0,48700.0,0,Bachelor,0
49,Male,44700.0,Employed,811.0,54100.0,0,Master,1
41,Female,48300.0,Employed,707.0,19800.0,0,Bachelor,1
29,Female,19800.0,Unemployed,687.0,8200.0,0,Master,0
48,Male,24900.0,Unemployed,703.0,7700.0,0,Bachelor,1
28,Male,28200.0,Employed,551.0,19100.0,2,Bachelor,0
51,Female,96600.0,Employed,822.0,11200.0,0,PhD,1
40,Female,33200.0,Employed,638.0,38800.0,0,High School,0
47,Female,19200.0,Self-Employed,578.0,14700.0,0,Bachelor,0
28,Female,48600.0,Employed,635.0,23700.0,4,Bachelor,0
41,Male,38000.0,Self-Employed,682.0,17400.0,1,Bachelor,0
48,Female,22300.0,Employed,776.0,13000.0,1,High School,0
43,Male,31700.0,Employed,674.0,11400.0,0,Bachelor,1
26,Male,33800.0,Employed,653.0,9000.0,1,Bachelor,1
23,Male,37700.0,Employed,654.0,14400.0,0,High School,1
25,Male,63900.0,Employed,565.0,18800.0,0,Bachelor,1
29,Female,53100.0,Employed,635.0,20700.0,0,High School,1
27,Male,42700.0,Employed,630.0,18400.0,0,High School,1
24,Male,65700.0,Employed,701.0,16000.0,2,Bachelor,0
59,Male,32700.0,Employed,534.0,5900.0,0,Bachelor,1
25,Female,27900.0,Employed,642.0,36200.0,0,Bachelor,0
31,Female,46800.0,Employed,791.0,7200.0,0,High School,1
35,Male,45100.0,Employed,716.0,24400.0,0,High School,1
54,Male,19200.0,Self-Employed,760.0,37800.0,0,High School,0
33,Male,84700.0,Employed,647.0,37000.0,0,Bachelor,1
27,Female,24100.0,Employed,822.0,29100.0,1,Master,0
60,Female,52300.0,Unemployed,748.0,18900.0,0,Bachelor,1
26,Female,52900.0,Employed,686.0,10500.0,0,Bachelor,1
59,Female,18000.0,Self-Employed,735.0,7800.0,0,Master,1
50,Male,45000.0,Retired,575.0,18400.0,2,Bachelor,0
42,Female,91000.0,Employed,573.0,12000.0,1,Bachelor,1
45,Female,28100.0,Employed,749.0,13300.0,0,PhD,1
48,Male,18000.0,Employed,776.0,27300.0,0,PhD,1
40,Male,37900.0,Employed,602.0,16200.0,3,Bachelor,0
59,Female,50700.0,Employed,753.0,11500.0,0,Bachelor,1
23,Female,38400.0,Employed,725.0,108200.0,0,High School,0
25,Male,25000.0,Employed,612.0,14700.0,0,Bachelor,1
21,Female,24000.0,Self-Employed,596.0,28800.0,0,High School,0
35,Female,18000.0,Employed,619.0,27300.0,2,Bachelor,0
46,Male,18000.0,Self-Employed,638.0,14000.0,0,Bachelor,1
23,Male,33800.0,Employed,646.0,11900.0,0,High School,1
60,Male,49600.0,Employed,545.0,6800.0,2,High School,0
61,Female,43500.0,Employed,639.0,20900.0,0,Bachelor,1
67,Male,45500.0,Employed,707.0,18400.0,0,High School,1
62,Male,55000.0,Employed,736.0,8700.0,1,Master,1
54,Male,77200.0,Employed,630.0,38600.0,0,PhD,1
25,Female,40700.0,Employed,807.0,26200.0,0,Master,1
51,Male,47700.0,Employed,682.0,18300.0,0,Bachelor,1
33,Male,47800.0,Self-Employed,850.0,14500.0,0,Bachelor,1
63,Male,43200.0,Employed,617.0,15900.0,3,Master,0
21,Female,40500.0,Employed,711.0,8900.0,0,High School,1
42,Female,42200.0,Employed,673.0,12500.0,1,Bachelor,0
35,Male,87600.0,Employed,623.0,27800.0,0,High School,1
46,Female,82100.0,Employed,753.0,16400.0,0,High School,1
38,Female,18000.0,Self-Employed,745.0,65200.0,0,Bachelor,0
29,Female,44800.0,Retired,658.0,12600.0,2,Master,0
21,Female,40300.0,Employed,707.0,17100.0,0,High School,1
63,Male,75400.0,Employed,702.0,24100.0,1,High School,1
29,Male,39400.0,Employed,658.0,26200.0,0,High School,1
43,Female,45500.0,Employed,616.0,15500.0,0,Master,1
63,Female,29000.0,Employed,680.0,11800.0,0,Master,1
65,Female,60300.0,Employed,664.0,15100.0,0,Bachelor,1
22,Male,21500.0,Employed,590.0,23400.0,0,Master,1
34,Female,34500.0,Employed,736.0,15400.0,0,Bachelor,1
58,Female,23700.0,Employed,684.0,77600.0,0,Bachelor,0
60,Male,34500.0,Employed,668.0,15200.0,0,High School,1
38,Male,30500.0,Employed,553.0,20900.0,3,PhD,0
36,Female,61000.0,Employed,707.0,18500.0,0,Bachelor,1
49,Female,36000.0,Employed,553.0,15900.0,0,Bachelor,1
64,Male,84600.0,Unemployed,692.0,30500.0,0,High School,1
31,Female,35600.0,Self-Employed,752.0,9800.0,0,High School,1
26,Male,23400.0,Employed,821.0,74600.0,0,High School,0
23,Male,35500.0,Employed,686.0,12000.0,0,Bachelor,1
34,Female,50900.0,Employed,829.0,24000.0,0,Master,1
22,Female,93300.0,Unemployed,742.0,20500.0,2,Master,0
52,Female,29100.0,Unemployed,720.0,17800.0,0,High School,0
51,Female,92000.0,Employed,775.0,39800.0,0,Bachelor,1
31,Male,36500.0,Employed,794.0,58000.0,0,High School,1
42,Female,32100.0,Employed,750.0,11300.0,0,Bachelor,1
23,Male,59100.0,Self-Employed,668.0,11400.0,0,Bachelor,1
51,Male,81800.0,Retired,634.0,25000.0,2,Master,0
53,Male,53000.0,Employed,570.0,17500.0,0,High School,1
44,Male,19800.0,Self-Employed,694.0,13400.0,0,Master,1
21,Male,47400.0,Employed,780.0,15200.0,0,Bachelor,1
64,Male,119100.0,Employed,598.0,13400.0,0,Bachelor,1
35,Male,18000.0,Employed,588.0,9200.0,0,High School,1
57,Male,48400.0,Employed,833.0,21200.0,2,Bachelor,0
47,Female,34800.0,Employed,658.0,18600.0,0,High School,1
58,Male,25100.0,Employed,534.0,13700.0,0,Bachelor,1
47,Male,67300.0,Retired,556.0,5800.0,0,Bachelor,1
64,Female,18000.0,Unemployed,718.0,14800.0,0,High School,0
32,Female,33700.0,Employed,640.0,58400.0,0,Bachelor,0
23,Female,66200.0,Employed,721.0,14800.0,0,Bachelor,1
50,Male,62500.0,Self-Employed,661.0,15000.0,0,Master,1
52,Female,54100.0,Employed,698.0,13500.0,0,Master,1
43,Male,43800.0,Self-Employed,830.0,26200.0,0,Bachelor,1
22,Male,37700.0,Employed,664.0,34300.0,0,PhD,1
27,Male,31700.0,Self-Employed,780.0,12200.0,0,Bachelor,1
54,Female,24700.0,Employed,690.0,7300.0,0,PhD,1
52,Male,60300.0,Employed,582.0,14700.0,0,Bachelor,1
59,Male,44600.0,Employed,848.0,13200.0,0,Bachelor,1
52,Male,61200.0,Self-Employed,850.0,15900.0,0,High School,1
63,Female,27200.0,Employed,667.0,36900.0,0,Bachelor,0
63,Female,26900.0,Retired,693.0,9800.0,0,Master,1
34,Male,51400.0,Self-Employed,785.0,23200.0,1,High School,1
23,Female,18000.0,Employed,664.0,23300.0,0,Bachelor,0
66,Female,18000.0,Employed,762.0,24400.0,1,Bachelor,0
52,Female,66600.0,Employed,611.0,27400.0,0,Master,1
63,Male,28200.0,Employed,836.0,5800.0,0,Master,1
56,Female,44200.0,Employed,711.0,25900.0,0,Bachelor,1
37,Male,48500.0,Employed,744.0,17900.0,0,Bachelor,1
23,Female,67300.0,Employed,795.0,11900.0,2,Bachelor,0
30,Male,32200.0,Employed,750.0,48600.0,1,PhD,0
67,Male,33100.0,Employed,676.0,30800.0,0,High School,1
60,Male,29500.0,Employed,826.0,11100.0,0,Master,1
38,Female,54800.0,Retired,751.0,13600.0,0,High School,1
23,Male,56000.0,Employed,666.0,34500.0,1,High School,0
59,Female,76000.0,Self-Employed,552.0,17700.0,0,Bachelor,1
30,Male,21500.0,Employed,679.0,8300.0,2,Master,0
29,Female,122600.0,Employed,635.0,51800.0,1,Bachelor,1
66,Female,34300.0,Employed,682.0,15600.0,0,Bachelor,1
66,Female,39200.0,Self-Employed,625.0,18400.0,0,Master,1
31,Female,43600.0,Employed,713.0,23800.0,0,Bachelor,1
53,Female,25500.0,Employed,642.0,10900.0,0,High School,1
56,Male,32700.0,Self-Employed,801.0,39300.0,0,Bachelor,1
46,Female,83300.0,Employed,732.0,10300.0,0,Master,1
47,Male,84000.0,Employed,640.0,20800.0,0,Bachelor,1
58,Female,44500.0,Employed,681.0,13100.0,0,Bachelor,1
42,Female,67600.0,Employed,723.0,34200.0,0,Bachelor,1
46,Male,49300.0,Retired,552.0,25400.0,1,PhD,0
42,Male,39000.0,Employed,720.0,16200.0,0,Bachelor,1
25,Male,27500.0,Employed,535.0,7100.0,1,Master,0
55,Female,26100.0,Unemployed,810.0,22600.0,1,High School,0
22,Female,27500.0,Unemployed,648.0,19700.0,0,High School,0
55,Female,90000.0,Employed,769.0,7100.0,1,Bachelor,1
29,Female,62100.0,Self-Employed,583.0,20400.0,0,High School,1
38,Female,82500.0,Employed,729.0,26800.0,0,Bachelor,1
63,Male,49000.0,Unemployed,580.0,18700.0,0,Bachelor,0
32,Male,25800.0,Employed,655.0,13400.0,0,Bachelor,1
23,Female,54300.0,Employed,762.0,41100.0,0,Bachelor,1
38,Female,75700.0,Employed,732.0,53900.0,1,Master,0
58,Female,55300.0,Retired,728.0,9200.0,2,High School,0
27,Male,20800.0,Employed,650.0,33500.0,0,Master,0
53,Male,19200.0,Employed,591.0,23300.0,0,Bachelor,0
26,Male,55200.0,Employed,746.0,12500.0,0,High School,1
38,Male,34300.0,Employed,602.0,15900.0,0,High School,1
65,Male,46900.0,Self-Employed,627.0,16300.0,0,High School,1
42,Female,28000.0,Self-Employed,801.0,33900.0,2,PhD,0
59,Male,42800.0,Self-Employed,729.0,13800.0,0,High School,1
29,Female,23200.0,Employed,564.0,6000.0,0,Bachelor,1
55,Male,45400.0,Employed,679.0,15900.0,0,Bachelor,1
43,Female,57800.0,Employed,667.0,31600.0,1,High School,0
32,Male,59400.0,Retired,648.0,36800.0,0,Bachelor,1
44,Male,20900.0,Employed,651.0,14100.0,1,Bachelor,0
60,Male,50700.0,Employed,791.0,24000.0,0,Bachelor,1
29,Female,29900.0,Employed,850.0,37200.0,2,High School,0
33,Female,86100.0,Employed,676.0,26700.0,0,Bachelor,1
60,Male,64700.0,Employed,694.0,62300.0,0,High School,1
62,Male,40700.0,Self-Employed,564.0,41600.0,0,Master,0
37,Female,119500.0,Employed,824.0,13900.0,3,Bachelor,0
27,Male,27900.0,Employed,624.0,17000.0,0,High School,1
37,Male,39000.0,Employed,644.0,49900.0,0,Bachelor,1
44,Female,52600.0,Employed,747.0,8900.0,0,Bachelor,1
22,Female,111000.0,Unemployed,704.0,17300.0,0,Master,1
55,Male,83400.0,Employed,727.0,56500.0,0,High School,1
48,Male,59900.0,Employed,738.0,61000.0,0,Bachelor,1
39,Female,25900.0,Self-Employed,679.0,21500.0,0,Bachelor,1
53,Male,25900.0,Employed,755.0,6600.0,1,High School,1
41,Male,56800.0,Employed,535.0,14600.0,0,High School,1
30,Female,21500.0,Employed,819.0,27800.0,0,Bachelor,1
66,Female,47100.0,Employed,665.0,11200.0,0,Master,1
65,Male,60000.0,Employed,754.0,73600.0,0,Bachelor,1
29,Female,19200.0,Employed,722.0,15700.0,1,Bachelor,0
58,Female,55500.0,Employed,510.0,40100.0,0,Bachelor,1
26,Male,62800.0,Employed,699.0,16800.0,0,Bachelor,1
62,Female,33500.0,Employed,500.0,21700.0,0,Master,1
55,Male,37100.0,Employed,722.0,18000.0,1,PhD,1
38,Male,18000.0,Employed,698.0,12900.0,2,Bachelor,0
39,Female,38000.0,Employed,571.0,14200.0,0,Bachelor,1
25,Male,18700.0,Retired,696.0,27500.0,0,Bachelor,0
45,Male,28400.0,Employed,640.0,15900.0,1,High School,0
31,Male,32800.0,Employed,666.0,13800.0,0,Bachelor,1
30,Male,22500.0,Employed,460.0,26100.0,0,Bachelor,0
37,Female,21500.0,Self-Employed,575.0,45100.0,0,PhD,0
56,Female,22000.0,Unemployed,613.0,50400.0,0,Bachelor,0
46,Female,73900.0,Unemployed,583.0,9900.0,0,Bachelor,1
51,Male,38800.0,Employed,635.0,11300.0,0,Master,1
52,Male,75600.0,Employed,623.0,39300.0,0,PhD,1
41,Male,32800.0,Employed,706.0,13400.0,0,Master,1
38,Male,33100.0,Employed,448.0,15600.0,0,Bachelor,1
38,Male,32500.0,Self-Employed,849.0,8000.0,0,High School,1
21,Female,18000.0,Employed,628.0,27700.0,1,Bachelor,0
34,Female,51700.0,Employed,654.0,17700.0,0,Bachelor,1
28,Female,38000.0,Unemployed,731.0,34100.0,0,Master,0
22,Male,41200.0,Employed,828.0,29200.0,2,Bachelor,0
35,Female,18000.0,Employed,630.0,33900.0,0,Bachelor,0
54,Male,39600.0,Employed,739.0,34200.0,0,Bachelor,1
56,Male,32200.0,Employed,623.0,14300.0,1,Bachelor,0
21,Female,42700.0,Employed,760.0,17900.0,0,Bachelor,1
41,Female,38600.0,Employed,739.0,20400.0,0,Bachelor,1
62,Male,31500.0,Employed,589.0,19200.0,2,High School,0
21,Male,53200.0,Employed,729.0,27200.0,0,Master,1
52,Male,67000.0,Self-Employed,559.0,13700.0,0,Bachelor,1
40,Female,32700.0,Employed,617.0,21800.0,3,High School,0
67,Male,19500.0,Self-Employed,566.0,12800.0,0,High School,1
56,Female,20100.0,Self-Employed,680.0,21000.0,0,High School,0
59,Male,49600.0,Self-Employed,765.0,22500.0,3,Bachelor,0
50,Male,76700.0,Employed,574.0,8900.0,0,High School,1
27,Male,18000.0,Employed,714.0,22300.0,0,High School,1
42,Male,24100.0,Self-Employed,659.0,40900.0,0,Bachelor,0
65,Male,34000.0,Self-Employed,593.0,34200.0,1,High School,0
30,Female,18000.0,Employed,644.0,8900.0,0,Master,1
28,Female,38200.0,Self-Employed,729.0,8400.0,0,Bachelor,1
47,Female,48100.0,Employed,760.0,24700.0,0,High School,1
30,Female,51000.0,Self-Employed,706.0,19800.0,0,High School,1
34,Female,32900.0,Employed,677.0,16500.0,0,High School,1
66,Female,33600.0,Employed,682.0,4000.0,0,Bachelor,1
31,Female,24100.0,Employed,618.0,9700.0,2,High School,0
26,Male,18000.0,Employed,688.0,39100.0,0,High School,0
41,Male,36500.0,Employed,555.0,23200.0,1,Bachelor,0
53,Male,49200.0,Unemployed,670.0,59400.0,0,Bachelor,0
39,Male,40500.0,Employed,824.0,30400.0,0,Master,1
59,Male,69900.0,Employed,643.0,22000.0,0,Master,1
44,Female,47700.0,Employed,775.0,7000.0,0,High School,1
38,Male,55800.0,Unemployed,737.0,22100.0,0,High School,1
55,Male,43600.0,Employed,802.0,17100.0,0,Bachelor,1
63,Female,101700.0,Unemployed,414.0,9200.0,2,High School,0
57,Male,31400.0,Employed,695.0,39300.0,0,Bachelor,1
39,Male,56400.0,Employed,730.0,18700.0,0,High School,1
44,Male,45400.0,Employed,748.0,23100.0,0,Master,1
54,Male,58000.0,Retired,782.0,11000.0,1,Master,1
42,Male,47400.0,Employed,739.0,22400.0,0,PhD,1
24,Female,39300.0,Employed,700.0,16400.0,0,Bachelor,1
30,Female,48500.0,Employed,599.0,70900.0,0,Bachelor,0
22,Male,51600.0,Employed,518.0,13000.0,0,Master,1
28,Male,55100.0,Retired,794.0,11900.0,1,Bachelor,1
53,Male,83400.0,Employed,628.0,21000.0,0,Bachelor,1
58,Female,44200.0,Self-Employed,650.0,15700.0,0,High School,1
63,Male,23200.0,Employed,757.0,20800.0,1,Bachelor,0
48,Male,43600.0,Employed,678.0,48300.0,0,High School,1
30,Female,32100.0,Employed,582.0,10000.0,0,Bachelor,1
65,Male,31700.0,Employed,535.0,19300.0,0,Bachelor,1
21,Male,34200.0,Self-Employed,650.0,12400.0,3,Bachelor,0
54,Male,25600.0,Employed,688.0,12100.0,0,Bachelor,1
23,Female,18000.0,Employed,748.0,16600.0,0,Bachelor,1
29,Female,83900.0,Unemployed,669.0,18100.0,0,High School,1
25,Female,31400.0,Self-Employed,682.0,52500.0,0,Bachelor,0
62,Male,18000.0,Employed,568.0,13200.0,0,Bachelor,1
30,Female,43900.0,Unemployed,769.0,15500.0,0,Master,1
32,Female,54600.0,Employed,850.0,5900.0,0,Master,1
38,Female,36700.0,Employed,791.0,23700.0,0,High School,1
41,Male,21100.0,Employed,783.0,19400.0,0,Bachelor,1
41,Female,19800.0,Employed,709.0,25800.0,0,Bachelor,0
21,Male,125600.0,Self-Employed,591.0,20800.0,2,High School,0
23,Male,19800.0,Employed,607.0,6100.0,3,High School,0
25,Female,18000.0,Employed,736.0,51100.0,0,High School,0
45,Male,34400.0,Employed,756.0,21600.0,1,Bachelor,1
28,Female,60500.0,Employed,600.0,22500.0,2,Master,0
37,Male,92000.0,Self-Employed,719.0,51800.0,1,High School,1
29,Male,36100.0,Employed,690.0,13500.0,0,High School,1
52,Female,35800.0,Employed,722.0,7900.0,0,Bachelor,1
26,Female,21100.0,Unemployed,710.0,9400.0,0,Bachelor,0
60,Male,69200.0,Employed,715.0,17700.0,0,High School,1
41,Male,38800.0,Employed,515.0,16800.0,0,Bachelor,1
27,Female,39400.0,Employed,835.0,47800.0,0,High School,1
27,Male,49800.0,Employed,800.0,22800.0,0,Bachelor,1
67,Female,46700.0,Employed,679.0,7500.0,0,Bachelor,1
59,Female,37400.0,Employed,580.0,12000.0,1,Bachelor,0
47,Male,77700.0,Self-Employed,728.0,12600.0,0,Bachelor,1
28,Male,18000.0,Self-Employed,556.0,15400.0,0,Bachelor,0
29,Male,44600.0,Self-Employed,823.0,11800.0,0,Bachelor,1
48,Female,49200.0,Unemployed,666.0,8700.0,0,High School,1
35,Male,32700.0,Retired,629.0,19700.0,2,Bachelor,0
22,Male,54600.0,Self-Employed,730.0,13700.0,0,Bachelor,1
27,Male,55900.0,Self-Employed,640.0,8500.0,0,Master,1
67,Female,69900.0,Employed,656.0,47200.0,0,High School,1
38,Male,38000.0,Employed,613.0,17400.0,0,High School,1
42,Male,36000.0,Employed,733.0,59500.0,0,Bachelor,0
30,Female,52600.0,Employed,706.0,35500.0,0,Bachelor,1
53,Female,36400.0,Unemployed,769.0,13700.0,0,Bachelor,1
27,Female,18800.0,Employed,542.0,54600.0,0,High School,0
23,Male,61800.0,Self-Employed,577.0,35000.0,1,Bachelor,0
34,Male,18000.0,Employed,636.0,12800.0,0,Bachelor,1
64,Female,49100.0,Employed,774.0,14900.0,3,Bachelor,0
66,Male,142800.0,Employed,559.0,21600.0,1,Master,1
56,Female,52400.0,Unemployed,608.0,15900.0,0,High School,0
33,Female,28400.0,Self-Employed,801.0,33500.0,3,High School,0
36,Male,32000.0,Self-Employed,725.0,22800.0,1,Bachelor,0
36,Female,48300.0,Employed,772.0,33800.0,0,Bachelor,1
25,Female,39700.0,Employed,672.0,26400.0,0,High School,1
45,Male,58600.0,Employed,830.0,12000.0,0,Master,1
58,Female,82900.0,Employed,557.0,6800.0,4,Bachelor,0
58,Male,77400.0,Self-Employed,662.0,11600.0,0,Bachelor,1
58,Male,22500.0,Employed,655.0,64100.0,0,PhD,0
59,Male,40500.0,Employed,656.0,32500.0,0,Bachelor,1
61,Female,51300.0,Employed,573.0,19400.0,0,Bachelor,1
46,Female,85700.0,Employed,727.0,41500.0,0,Bachelor,1
33,Male,48000.0,Employed,576.0,18400.0,0,High School,1
64,Male,28500.0,Retired,567.0,19300.0,0,PhD,1
46,Female,49900.0,Employed,460.0,22700.0,0,High School,1
21,Male,99700.0,Self-Employed,617.0,14100.0,0,PhD,1
28,Female,35400.0,Employed,692.0,10600.0,0,Bachelor,1
24,Male,28300.0,Self-Employed,705.0,23400.0,0,High School,1
41,Male,39500.0,Employed,661.0,18300.0,0,High School,1
42,Male,29000.0,Employed,623.0,15600.0,0,Bachelor,1
57,Female,60700.0,Employed,646.0,24900.0,0,Bachelor,1
23,Male,29100.0,Employed,623.0,14400.0,0,Master,1
39,Female,76600.0,Employed,850.0,28900.0,1,High School,1
21,Male,51400.0,Unemployed,576.0,8700.0,1,Bachelor,0
49,Male,56900.0,Employed,614.0,8400.0,0,PhD,1
43,Male,56700.0,Self-Employed,680.0,8200.0,0,Bachelor,1
53,Female,61400.0,Employed,587.0,18200.0,1,Bachelor,0
61,Female,34400.0,Employed,684.0,8000.0,0,High School,1
43,Male,24600.0,Employed,541.0,51300.0,0,Master,0
25,Male,31600.0,Employed,691.0,50100.0,0,Bachelor,0
27,Male,63800.0,Employed,642.0,22900.0,0,Bachelor,1
26,Male,18000.0,Employed,617.0,31500.0,0,High School,0
42,Male,18000.0,Self-Employed,655.0,10800.0,0,Bachelor,1
33,Female,44900.0,Employed,634.0,36100.0,0,Master,1
32,Female,61200.0,Self-Employed,646.0,15000.0,0,Bachelor,1
24,Male,65500.0,Employed,745.0,17500.0,0,High School,1
28,Male,24900.0,Employed,833.0,16000.0,0,Bachelor,1
57,Female,22300.0,Employed,450.0,11800.0,0,Bachelor,0
51,Female,28500.0,Employed,660.0,25600.0,0,Bachelor,1
57,Male,33000.0,Self-Employed,571.0,13000.0,0,Master,1
65,Male,33900.0,Self-Employed,651.0,15400.0,0,Master,1
46,Male,42600.0,Employed,714.0,4600.0,0,Bachelor,1
63,Male,81000.0,Self-Employed,850.0,22600.0,1,Bachelor,1
28,Male,38900.0,Employed,653.0,17000.0,0,High School,1
60,Male,64100.0,Self-Employed,691.0,10300.0,2,Master,0
53,Female,55700.0,Employed,602.0,15600.0,0,Bachelor,1
65,Male,28100.0,Employed,598.0,13600.0,0,Bachelor,1
49,Male,55400.0,Self-Employed,594.0,7100.0,0,High School,1
25,Male,53500.0,Employed,619.0,47800.0,0,Bachelor,1
48,Female,40100.0,Employed,640.0,42200.0,0,High School,1
60,Female,43800.0,Employed,801.0,27700.0,1,Bachelor,0
37,Male,39000.0,Unemployed,651.0,38200.0,0,Bachelor,0
43,Male,23200.0,Employed,727.0,13400.0,0,Bachelor,1
65,Female,131000.0,Employed,705.0,17900.0,0,High School,1
29,Male,68000.0,Self-Employed,761.0,13100.0,0,High School,1
22,Male,52200.0,Self-Employed,518.0,21000.0,0,High School,1
52,Male,32800.0,Employed,709.0,32000.0,0,Bachelor,1
51,Male,38300.0,Employed,700.0,17200.0,0,Bachelor,1
27,Male,22300.0,Employed,672.0,8300.0,1,Bachelor,1
50,Female,50800.0,Employed,771.0,23100.0,0,Bachelor,1
23,Female,47500.0,Employed,670.0,12500.0,0,High School,1
29,Male,36200.0,Employed,755.0,31600.0,0,High School,1
30,Female,40700.0,Employed,694.0,55500.0,0,Bachelor,0
66,Male,34600.0,Unemployed,701.0,34200.0,0,Bachelor,0
67,Male,31300.0,Employed,707.0,15800.0,1,Bachelor,1
46,Female,27200.0,Employed,663.0,19300.0,0,High School,1
21,Female,24100.0,Employed,813.0,17000.0,0,Bachelor,1
50,Male,28300.0,Employed,771.0,10500.0,0,High School,1
58,Male,29400.0,Employed,675.0,13100.0,0,Bachelor,1
35,Female,69200.0,Employed,695.0,16500.0,0,Master,1
45,Female,29500.0,Self-Employed,721.0,15800.0,0,Bachelor,1
26,Female,18000.0,Employed,749.0,8700.0,0,Bachelor,1
38,Male,46400.0,Employed,817.0,18500.0,0,High School,1
21,Male,54800.0,Employed,757.0,17400.0,0,High School,1
23,Male,65100.0,Employed,665.0,4700.0,0,Bachelor,1
37,Male,43600.0,Employed,611.0,16700.0,0,Bachelor,1
28,Female,22700.0,Employed,764.0,4400.0,0,Bachelor,1
60,Male,26900.0,Employed,705.0,9800.0,0,Bachelor,1
37,Male,54200.0,Self-Employed,596.0,8900.0,0,PhD,1
45,Female,83200.0,Employed,753.0,15700.0,1,Master,1
61,Male,22700.0,Employed,809.0,12000.0,0,Master,1
32,Male,44600.0,Employed,681.0,14700.0,1,Bachelor,1
49,Female,30400.0,Self-Employed,813.0,56300.0,0,Bachelor,0
45,Female,26600.0,Employed,745.0,10100.0,0,Master,1
56,Female,40800.0,Retired,582.0,34900.0,0,Bachelor,0
45,Male,37500.0,Employed,716.0,25800.0,0,Bachelor,1
49,Female,18000.0,Unemployed,529.0,22700.0,1,High School,0
31,Female,44400.0,Employed,710.0,37800.0,1,PhD,0
24,Male,47300.0,Employed,593.0,13700.0,0,PhD,1
34,Male,58300.0,Retired,696.0,16500.0,0,Bachelor,1
66,Female,30100.0,Employed,738.0,10800.0,1,Bachelor,1
58,Male,18100.0,Self-Employed,630.0,4300.0,0,Master,1
37,Female,32500.0,Unemployed,824.0,19200.0,2,PhD,0
22,Male,57100.0,Employed,602.0,50600.0,0,Bachelor,1
28,Male,38600.0,Employed,498.0,7900.0,0,Bachelor,1
56,Male,61400.0,Employed,678.0,8300.0,0,Bachelor,1
30,Female,20900.0,Employed,796.0,21600.0,0,High School,1
27,Male,60200.0,Self-Employed,678.0,15700.0,0,Bachelor,1
56,Female,45500.0,Self-Employed,630.0,44400.0,3,Bachelor,0
36,Female,33600.0,Employed,540.0,13300.0,0,Master,1
34,Female,68500.0,Self-Employed,631.0,45200.0,0,High School,1
36,Female,45300.0,Retired,583.0,23600.0,0,High School,1
45,Female,24500.0,Employed,701.0,35500.0,1,Bachelor,0
61,Male,65600.0,Employed,708.0,11100.0,0,High School,1
24,Female,35600.0,Employed,599.0,15800.0,0,Bachelor,1
49,Female,40900.0,Unemployed,652.0,19900.0,0,High School,0
26,Male,26100.0,Employed,803.0,22300.0,1,Bachelor,0
21,Male,39100.0,Unemployed,644.0,11600.0,0,High School,1
59,Female,25000.0,Retired,642.0,13300.0,0,Bachelor,1
21,Male,36800.0,Employed,696.0,45400.0,0,Bachelor,1
60,Female,40800.0,Employed,560.0,31000.0,0,High School,1
23,Male,54300.0,Employed,761.0,8600.0,0,Bachelor,1
21,Male,19900.0,Employed,645.0,21100.0,0,High School,1
21,Female,66300.0,Employed,582.0,37200.0,0,Master,1
59,Male,67300.0,Self-Employed,726.0,11600.0,1,Bachelor,1
41,Male,36500.0,Employed,639.0,24800.0,0,Master,1
65,Female,42800.0,Retired,606.0,25400.0,0,High School,1
50,Male,46800.0,Employed,686.0,6500.0,0,High School,1
52,Female,41800.0,Employed,769.0,11300.0,2,Bachelor,0
53,Female,54300.0,Self-Employed,645.0,13100.0,3,Bachelor,0
42,Female,33100.0,Employed,598.0,18000.0,0,High School,1
50,Male,27400.0,Employed,489.0,13000.0,1,Bachelor,0
66,Male,49700.0,Employed,557.0,22800.0,0,Bachelor,1
24,Female,18700.0,Self-Employed,639.0,14900.0,1,High School,0
43,Female,54700.0,Employed,569.0,7100.0,0,Bachelor,1
64,Female,57600.0,Employed,621.0,3500.0,0,Master,1
45,Female,27100.0,Retired,844.0,13100.0,0,Bachelor,1
32,Male,81700.0,Employed,785.0,19800.0,1,Master,1
37,Male,33700.0,Employed,610.0,18000.0,1,High School,0
35,Male,32300.0,Employed,692.0,9400.0,0,High School,1
30,Male,28900.0,Employed,588.0,29700.0,3,High School,0
55,Male,50200.0,Employed,813.0,14200.0,0,Bachelor,1
49,Female,33000.0,Employed,686.0,30100.0,0,Bachelor,1
32,Male,19600.0,Self-Employed,769.0,30800.0,1,High School,0
21,Male,47600.0,Self-Employed,613.0,29500.0,0,Bachelor,1
21,Male,34700.0,Employed,816.0,26500.0,0,Bachelor,1
30,Female,69100.0,Employed,643.0,8800.0,3,PhD,0
38,Female,46800.0,Self-Employed,530.0,16000.0,0,Bachelor,1
67,Female,45800.0,Employed,665.0,44100.0,1,High School,0
22,Female,66700.0,Employed,622.0,15500.0,1,Bachelor,1
28,Male,43500.0,Employed,765.0,7200.0,0,High School,1
42,Female,59300.0,Employed,627.0,27700.0,1,Bachelor,0
42,Male,29000.0,Employed,726.0,24900.0,0,Bachelor,1
46,Male,91400.0,Employed,622.0,16900.0,0,Master,1
46,Female,46100.0,Employed,608.0,15200.0,0,Master,1
29,Female,22000.0,Self-Employed,680.0,20700.0,0,Master,0
41,Male,43000.0,Employed,725.0,28300.0,1,Bachelor,1
51,Male,44100.0,Employed,547.0,18900.0,0,Master,1
63,Female,42700.0,Employed,758.0,25600.0,0,Bachelor,1
26,Male,18000.0,Employed,760.0,49000.0,1,Bachelor,0
34,Male,30500.0,Employed,654.0,15300.0,0,Bachelor,1
53,Male,20100.0,Employed,664.0,90500.0,0,Bachelor,0
27,Male,20200.0,Employed,455.0,53600.0,1,High School,0
44,Female,43600.0,Self-Employed,833.0,13600.0,0,Bachelor,1
29,Male,30300.0,Employed,653.0,61300.0,1,Master,0
31,Male,33500.0,Employed,772.0,13100.0,0,High School,1
43,Male,25700.0,Employed,629.0,77900.0,0,Bachelor,0
22,Female,80000.0,Self-Employed,680.0,15500.0,0,Bachelor,1
35,Male,40900.0,Self-Employed,724.0,24600.0,0,Master,1
55,Male,18700.0,Employed,641.0,24300.0,0,Bachelor,0
56,Male,55400.0,Employed,547.0,14300.0,1,Bachelor,1
48,Female,33800.0,Employed,669.0,23600.0,0,Bachelor,1
59,Female,72900.0,Employed,560.0,36200.0,0,Master,1
64,Female,40000.0,Unemployed,607.0,19000.0,0,High School,0
24,Female,28300.0,Self-Employed,626.0,21100.0,0,Bachelor,1
30,Female,30600.0,Employed,687.0,29300.0,1,High School,0
26,Female,32800.0,Employed,625.0,9300.0,2,Bachelor,0
50,Male,51300.0,Employed,576.0,19000.0,0,High School,1
66,Male,27100.0,Employed,696.0,38400.0,0,Master,1
55,Female,74700.0,Employed,735.0,15300.0,1,PhD,1
63,Male,48300.0,Employed,562.0,25800.0,0,Bachelor,1
30,Male,44900.0,Retired,682.0,6700.0,1,Bachelor,1
52,Female,41600.0,Employed,744.0,19200.0,3,PhD,0
62,Male,39700.0,Self-Employed,689.0,16600.0,0,Bachelor,1
62,Female,21300.0,Self-Employed,577.0,18600.0,0,Bachelor,0
23,Female,46500.0,Self-Employed,700.0,16300.0,1,Master,0
46,Male,105100.0,Employed,680.0,37900.0,1,Bachelor,1
35,Female,56700.0,Employed,693.0,10500.0,0,High School,1
37,Male,50000.0,Employed,683.0,14600.0,1,Master,1
47,Male,18600.0,Retired,508.0,11300.0,2,High School,0
38,Female,69100.0,Self-Employed,665.0,8200.0,0,Master,1
39,Female,59900.0,Employed,761.0,17300.0,0,Master,1
32,Female,71900.0,Employed,802.0,10300.0,0,Bachelor,1
44,Male,25500.0,Employed,765.0,20900.0,0,High School,1
25,Female,32900.0,Employed,682.0,21200.0,0,PhD,1
44,Male,19100.0,Self-Employed,739.0,19800.0,0,Master,1
47,Female,18300.0,Self-Employed,726.0,25500.0,0,High School,0
50,Male,30100.0,Self-Employed,660.0,4400.0,0,Bachelor,1
35,Female,50700.0,Employed,778.0,44200.0,2,Bachelor,0
67,Male,32600.0,Employed,625.0,17400.0,1,Bachelor,0
58,Male,28700.0,Employed,671.0,27200.0,0,Bachelor,1
64,Male,47600.0,Self-Employed,757.0,9900.0,0,Bachelor,1
54,Female,18000.0,Self-Employed,602.0,8400.0,4,High School,0
47,Female,30600.0,Employed,566.0,24500.0,0,High School,1
40,Female,47500.0,Employed,598.0,27900.0,0,Master,1
61,Male,32800.0,Employed,718.0,8600.0,0,Bachelor,1
52,Male,76800.0,Self-Employed,850.0,25800.0,0,Bachelor,1
24,Male,28800.0,Employed,782.0,27500.0,1,Master,0
25,Female,29800.0,Employed,747.0,26300.0,0,High School,1
28,Male,24500.0,Employed,813.0,19800.0,1,Bachelor,0
42,Female,27500.0,Self-Employed,705.0,21700.0,0,Bachelor,1
62,Female,46100.0,Employed,627.0,50300.0,0,Bachelor,1
27,Female,60100.0,Employed,675.0,12700.0,0,Bachelor,1
42,Female,117900.0,Employed,657.0,30500.0,1,Bachelor,1
66,Female,53600.0,Employed,598.0,23200.0,2,Master,0
50,Female,22300.0,Self-Employed,662.0,7900.0,0,Bachelor,1
57,Male,74700.0,Self-Employed,547.0,7700.0,0,Bachelor,1
36,Female,51200.0,Employed,653.0,19900.0,0,High School,1
35,Male,40700.0,Employed,672.0,6900.0,0,Bachelor,1
25,Male,68400.0,Employed,665.0,4300.0,1,Master,1
23,Male,131100.0,Self-Employed,823.0,120000.0,0,Bachelor,1
43,Male,36500.0,Employed,697.0,10100.0,0,PhD,1
30,Male,26500.0,Unemployed,830.0,31300.0,0,Bachelor,0
25,Male,77900.0,Employed,563.0,20800.0,0,Master,1
43,Female,151500.0,Employed,754.0,72800.0,1,Bachelor,1
35,Male,43200.0,Employed,698.0,56100.0,2,Bachelor,0
38,Male,40800.0,Employed,672.0,25300.0,1,PhD,0
45,Male,43700.0,Employed,567.0,7700.0,0,Bachelor,1
28,Female,50200.0,Employed,709.0,45300.0,0,High School,1
51,Female,19800.0,Employed,850.0,8600.0,1,Bachelor,1
41,Female,46800.0,Self-Employed,717.0,34300.0,0,Master,1
22,Female,46000.0,Employed,676.0,10000.0,1,High School,1
42,Male,44700.0,Employed,693.0,13400.0,0,PhD,1
28,Female,43600.0,Self-Employed,730.0,72800.0,0,Bachelor,0
43,Male,42100.0,Unemployed,813.0,20900.0,1,Master,0
52,Male,18000.0,Employed,649.0,11300.0,0,High School,1
28,Female,28000.0,Self-Employed,696.0,15800.0,0,High School,1
24,Male,61600.0,Employed,680.0,20800.0,0,PhD,1
50,Female,69200.0,Retired,641.0,10800.0,0,High School,1
39,Female,32500.0,Employed,697.0,26700.0,0,Bachelor,1
43,Male,24900.0,Retired,810.0,11100.0,0,High School,1
38,Male,57400.0,Employed,625.0,5000.0,0,Bachelor,1
49,Male,46000.0,Employed,711.0,15800.0,0,High School,1
43,Female,37800.0,Employed,714.0,12500.0,1,Bachelor,1
53,Female,61800.0,Employed,679.0,19700.0,3,High School,0
67,Male,22300.0,Employed,717.0,16000.0,2,Master,0
38,Male,71700.0,Employed,713.0,30300.0,0,Bachelor,1
64,Female,18900.0,Employed,602.0,27700.0,0,Master,0
53,Female,26600.0,Employed,675.0,5400.0,2,Bachelor,0
27,Male,23900.0,Employed,679.0,17500.0,0,Master,1
48,Male,30000.0,Employed,591.0,13800.0,0,Master,1
21,Female,46800.0,Employed,685.0,15000.0,0,Master,1
59,Male,56300.0,Employed,678.0,6200.0,0,Bachelor,1
54,Male,38500.0,Employed,850.0,3000.0,1,Master,1
59,Female,21200.0,Employed,610.0,44300.0,1,High School,0
39,Female,18000.0,Self-Employed,765.0,15600.0,2,High School,0
51,Male,61300.0,Employed,720.0,21500.0,0,Bachelor,1
33,Male,57600.0,Employed,768.0,11900.0,0,Master,1
44,Male,68600.0,Employed,612.0,7600.0,1,High School,1
25,Male,37600.0,Employed,520.0,13000.0,0,PhD,1
43,Female,56100.0,Employed,671.0,9800.0,0,High School,1
39,Male,29200.0,Unemployed,746.0,26000.0,1,Bachelor,0
21,Female,51000.0,Self-Employed,653.0,22100.0,0,Master,1
53,Female,31600.0,Employed,667.0,26800.0,0,PhD,1
53,Male,26700.0,Employed,848.0,22700.0,0,Bachelor,1
52,Male,45100.0,Employed,618.0,5600.0,1,Bachelor,1
48,Male,43900.0,Employed,759.0,14500.0,1,High School,1
57,Female,63300.0,Unemployed,597.0,11000.0,0,High School,0
61,Female,21100.0,Self-Employed,778.0,19900.0,0,PhD,1
32,Male,63800.0,Employed,674.0,12200.0,0,High School,1
29,Female,42800.0,Employed,722.0,21700.0,0,High School,1
31,Female,68500.0,Employed,625.0,22300.0,0,Bachelor,1
53,Female,68100.0,Employed,688.0,15500.0,0,Bachelor,1
39,Male,18000.0,Self-Employed,694.0,21300.0,0,Bachelor,1
62,Female,67800.0,Employed,560.0,22600.0,0,Bachelor,1
54,Female,69300.0,Employed,638.0,19400.0,1,High School,1
27,Male,21400.0,Self-Employed,703.0,22300.0,3,PhD,0
51,Male,18400.0,Employed,616.0,26800.0,0,High School,0
22,Male,59100.0,Employed,695.0,14500.0,0,Bachelor,1
39,Male,42500.0,Employed,664.0,11600.0,2,High School,0
58,Male,29100.0,Employed,731.0,22200.0,2,Bachelor,0
52,Female,82400.0,Employed,666.0,12700.0,0,High School,1
30,Male,46700.0,Employed,850.0,17900.0,0,Bachelor,1
61,Male,18000.0,Self-Employed,513.0,16600.0,0,Master,0
28,Female,24100.0,Employed,613.0,49600.0,2,High School,0
46,Male,67600.0,Employed,738.0,28400.0,2,Master,0
50,Male,40900.0,Self-Employed,696.0,37800.0,0,High School,1
31,Female,28000.0,Employed,717.0,23100.0,2,High School,0
61,Female,50300.0,Self-Employed,407.0,21400.0,0,Bachelor,0
40,Female,29600.0,Employed,665.0,23100.0,0,Bachelor,1
40,Female,21500.0,Employed,681.0,13700.0,0,Bachelor,1
29,Male,66700.0,Employed,732.0,9100.0,0,High School,1
28,Female,72000.0,Employed,710.0,25600.0,1,High School,1
35,Male,51100.0,Unemployed,681.0,24500.0,2,High School,0
54,Female,18600.0,Employed,671.0,42500.0,0,PhD,0
44,Male,101200.0,Employed,573.0,30200.0,0,Bachelor,1
53,Female,99500.0,Employed,709.0,13900.0,0,Bachelor,1
61,Female,75900.0,Employed,670.0,9200.0,0,Bachelor,1
61,Female,46700.0,Self-Employed,643.0,22200.0,1,Bachelor,0
65,Male,42000.0,Unemployed,679.0,18300.0,0,Master,1
60,Male,49900.0,Employed,649.0,12900.0,0,High School,1
47,Female,22700.0,Employed,557.0,25000.0,0,Bachelor,0
41,Female,30600.0,Employed,736.0,8800.0,0,Bachelor,1
25,Male,29900.0,Employed,839.0,12400.0,1,High School,1
55,Female,54400.0,Employed,704.0,99800.0,0,High School,0
41,Female,45400.0,Employed,705.0,10000.0,0,Bachelor,1
24,Male,24900.0,Self-Employed,807.0,23500.0,0,High School,1
36,Female,18100.0,Employed,842.0,33000.0,0,High School,0
51,Male,47900.0,Employed,665.0,30000.0,0,Bachelor,1
46,Male,23600.0,Employed,619.0,27100.0,0,Bachelor,1
55,Male,21400.0,Self-Employed,717.0,23600.0,0,High School,1
26,Female,114500.0,Employed,693.0,17900.0,2,High School,0
53,Female,127400.0,Employed,762.0,42700.0,0,Master,1
41,Male,32100.0,Employed,680.0,41300.0,0,Master,1
36,Female,18000.0,Employed,687.0,32900.0,1,Bachelor,0
67,Female,73500.0,Employed,598.0,47100.0,1,Master,0
59,Female,47500.0,Retired,767.0,31900.0,0,Master,1
54,Male,59000.0,Self-Employed,626.0,14800.0,1,Bachelor,1
62,Female,29200.0,Employed,579.0,11900.0,0,Bachelor,1
35,Male,23900.0,Self-Employed,455.0,22500.0,0,Master,0
26,Male,35600.0,Employed,671.0,21500.0,0,Bachelor,1
22,Male,43800.0,Self-Employed,620.0,23800.0,0,Bachelor,1
44,Male,27800.0,Employed,660.0,45200.0,0,High School,0
48,Female,76800.0,Employed,638.0,14400.0,0,Bachelor,1
21,Male,18000.0,Employed,649.0,16500.0,1,Master,0
21,Female,49200.0,Employed,610.0,21600.0,0,Bachelor,1
48,Male,42800.0,Employed,616.0,16500.0,0,Bachelor,1
56,Male,73800.0,Employed,599.0,6000.0,1,High School,1
40,Female,24800.0,Employed,663.0,13700.0,0,Master,1
28,Female,57100.0,Employed,583.0,10000.0,0,Bachelor,1
21,Male,50900.0,Self-Employed,787.0,41000.0,1,Bachelor,0
46,Male,45300.0,Employed,679.0,11000.0,0,Bachelor,1
63,Male,25800.0,Employed,549.0,17600.0,0,Bachelor,1
45,Male,27300.0,Employed,699.0,18600.0,0,Bachelor,1
30,Female,34600.0,Employed,604.0,24300.0,0,Bachelor,1
32,Female,31200.0,Employed,769.0,21100.0,0,Bachelor,1
61,Male,75400.0,Self-Employed,628.0,21800.0,0,Master,1
27,Female,42900.0,Employed,798.0,10600.0,1,High School,1
32,Female,59700.0,Self-Employed,765.0,15300.0,0,High School,1
67,Male,19400.0,Unemployed,850.0,7800.0,0,High School,1
60,Male,18000.0,Employed,688.0,22600.0,0,Bachelor,1
37,Female,36700.0,Employed,739.0,11400.0,0,Bachelor,1
25,Female,21200.0,Employed,681.0,40500.0,1,Bachelor,0
34,Male,40900.0,Self-Employed,687.0,5500.0,0,Bachelor,1
54,Male,26300.0,Employed,785.0,57200.0,2,Bachelor,0
37,Male,46800.0,Employed,746.0,20700.0,0,High School,1
55,Female,27100.0,Employed,672.0,15000.0,0,Bachelor,1
21,Female,53100.0,Unemployed,792.0,25100.0,0,PhD,1
56,Male,25800.0,Employed,765.0,43400.0,0,PhD,1
35,Female,18000.0,Employed,812.0,55900.0,0,PhD,0
39,Female,61500.0,Employed,784.0,18000.0,2,High School,0
62,Female,27300.0,Self-Employed,650.0,5400.0,2,High School,0
25,Male,79700.0,Employed,641.0,17100.0,0,High School,1
39,Male,29100.0,Retired,644.0,13100.0,0,Master,1
63,Male,26600.0,Self-Employed,746.0,26700.0,2,PhD,0
59,Male,34800.0,Employed,794.0,14100.0,1,Bachelor,1
25,Female,30300.0,Employed,770.0,9100.0,0,Bachelor,1
32,Male,42700.0,Employed,559.0,13200.0,1,Bachelor,0
39,Male,49100.0,Retired,619.0,40900.0,0,Bachelor,1
67,Male,53000.0,Unemployed,738.0,19500.0,0,Bachelor,1
32,Male,38500.0,Employed,784.0,32500.0,2,Master,0
56,Female,19000.0,Employed,706.0,14100.0,0,Bachelor,1
32,Male,95000.0,Self-Employed,810.0,36500.0,0,High School,1
38,Male,33400.0,Employed,519.0,10700.0,0,Bachelor,1
63,Male,32500.0,Self-Employed,662.0,11400.0,0,Bachelor,1
54,Male,38400.0,Employed,800.0,40900.0,0,Bachelor,1
53,Male,35200.0,Unemployed,709.0,39800.0,0,High School,0
38,Female,18000.0,Employed,612.0,5700.0,0,Bachelor,1
49,Female,53500.0,Employed,747.0,32800.0,0,High School,1
65,Female,26600.0,Employed,692.0,8100.0,0,Master,1
25,Female,34100.0,Employed,641.0,34100.0,2,Bachelor,0
45,Female,96700.0,Employed,546.0,33600.0,1,Bachelor,0
44,Female,64400.0,Self-Employed,739.0,46400.0,0,High School,1
49,Male,89900.0,Employed,588.0,50100.0,0,High School,1
58,Male,28600.0,Employed,850.0,20800.0,0,Master,1
53,Male,57800.0,Employed,528.0,15500.0,0,Bachelor,1
30,Female,49100.0,Unemployed,685.0,17800.0,0,High School,0
57,Female,39100.0,Employed,744.0,16700.0,0,Master,1
53,Female,27600.0,Employed,594.0,15400.0,1,PhD,0
43,Male,69000.0,Employed,620.0,16100.0,1,Bachelor,1
31,Female,31000.0,Employed,752.0,35500.0,0,Bachelor,1
44,Male,43000.0,Employed,599.0,8300.0,0,High School,1
44,Male,63400.0,Unemployed,843.0,34500.0,1,Bachelor,0
27,Male,24600.0,Employed,685.0,17900.0,0,High School,1
41,Male,23300.0,Employed,644.0,7500.0,0,Master,1
40,Female,141200.0,Self-Employed,818.0,25800.0,0,Bachelor,1
30,Male,26100.0,Employed,590.0,7100.0,0,High School,1
45,Male,90100.0,Self-Employed,827.0,19000.0,3,High School,0
67,Female,39100.0,Self-Employed,596.0,64400.0,0,Bachelor,0
56,Female,32400.0,Self-Employed,787.0,13800.0,0,High School,1
67,Female,34100.0,Employed,838.0,14400.0,1,PhD,1
35,Male,38900.0,Employed,671.0,28900.0,1,High School,0
64,Female,78400.0,Employed,671.0,26400.0,0,Bachelor,1
60,Female,58600.0,Employed,656.0,26400.0,0,Bachelor,1
60,Male,36100.0,Employed,614.0,13700.0,0,Bachelor,1
26,Female,18000.0,Self-Employed,687.0,24000.0,3,Bachelor,0
57,Male,40600.0,Employed,757.0,12800.0,0,High School,1
22,Male,42900.0,Employed,730.0,23900.0,1,Bachelor,1
32,Female,75300.0,Employed,723.0,16700.0,1,Bachelor,1
24,Female,19200.0,Employed,618.0,28500.0,0,High School,0
43,Male,31400.0,Employed,588.0,31000.0,1,Bachelor,0
33,Female,30900.0,Self-Employed,830.0,23400.0,0,Bachelor,1
37,Female,39000.0,Employed,567.0,11400.0,1,High School,0
51,Female,42000.0,Unemployed,667.0,7300.0,0,High School,1
36,Male,50000.0,Employed,744.0,9100.0,0,High School,1
61,Female,18000.0,Retired,809.0,10100.0,1,High School,0
46,Male,43800.0,Employed,682.0,108600.0,2,Master,0
48,Female,45400.0,Employed,703.0,26800.0,0,Master,1
21,Male,41700.0,Employed,640.0,20700.0,1,High School,0
67,Male,36700.0,Unemployed,827.0,12900.0,1,Bachelor,0
32,Female,18000.0,Self-Employed,797.0,31700.0,1,Master,0
57,Male,53300.0,Employed,595.0,16100.0,0,Bachelor,1
40,Male,24700.0,Employed,736.0,22100.0,0,Bachelor,1
22,Male,54500.0,Employed,670.0,25800.0,0,Master,1
56,Female,75000.0,Employed,707.0,23200.0,0,Bachelor,1
35,Male,18000.0,Employed,612.0,18800.0,0,Master,1
58,Female,53700.0,Employed,514.0,9800.0,2,High School,0
42,Male,21600.0,Employed,586.0,18700.0,0,Master,1
64,Male,39300.0,Employed,633.0,34600.0,0,Master,1
52,Male,37700.0,Unemployed,638.0,28400.0,0,Master,0
40,Male,58600.0,Employed,481.0,21800.0,0,High School,1
56,Male,54400.0,Employed,706.0,29400.0,0,Bachelor,1
53,Male,45800.0,Retired,560.0,8800.0,0,Bachelor,1
35,Female,18000.0,Employed,677.0,16400.0,1,Bachelor,0
66,Female,18000.0,Employed,579.0,17600.0,0,High School,0
23,Male,63300.0,Self-Employed,528.0,9500.0,2,High School,0
49,Male,58300.0,Employed,676.0,24600.0,0,Bachelor,1
67,Female,24400.0,Employed,663.0,27200.0,0,Bachelor,0
47,Male,47700.0,Employed,688.0,19900.0,1,Bachelor,1
25,Male,36100.0,Employed,816.0,20300.0,0,High School,1
51,Female,69100.0,Employed,740.0,12600.0,0,Bachelor,1
42,Female,41800.0,Employed,848.0,12700.0,0,Master,1
55,Female,63000.0,Employed,654.0,8000.0,0,High School,1
27,Male,29500.0,Employed,619.0,16100.0,0,High School,1
26,Male,46300.0,Unemployed,719.0,12600.0,0,Bachelor,1
46,Female,32700.0,Retired,838.0,11100.0,0,High School,1
21,Male,29500.0,Self-Employed,585.0,18600.0,0,High School,1
39,Male,18000.0,Retired,799.0,14400.0,0,Bachelor,1
27,Female,63700.0,Employed,720.0,7800.0,3,Bachelor,0
56,Male,96300.0,Self-Employed,642.0,12900.0,0,Bachelor,1
32,Female,20100.0,Employed,808.0,16700.0,0,Bachelor,1
40,Female,56800.0,Self-Employed,578.0,9300.0,0,High School,1
43,Female,55600.0,Employed,737.0,22300.0,1,Bachelor,1
45,Male,31000.0,Self-Employed,664.0,18900.0,2,Bachelor,0
50,Male,27800.0,Employed,775.0,10700.0,0,Master,1
49,Male,72400.0,Employed,708.0,28800.0,2,Bachelor,0
51,Male,68700.0,Self-Employed,773.0,41500.0,0,PhD,1
38,Female,50300.0,Self-Employed,684.0,17300.0,0,Bachelor,1
61,Male,30900.0,Employed,643.0,15900.0,0,Bachelor,1
39,Male,69200.0,Employed,673.0,14900.0,0,Bachelor,1
24,Male,26400.0,Employed,696.0,13200.0,0,High School,1
21,Female,81700.0,Employed,710.0,10300.0,0,Bachelor,1
61,Male,90800.0,Employed,738.0,19300.0,0,PhD,1
35,Male,72500.0,Self-Employed,681.0,11400.0,0,Bachelor,1
28,Male,47600.0,Employed,738.0,3800.0,0,PhD,1
35,Female,18000.0,Unemployed,850.0,61000.0,0,High School,0
35,Male,36600.0,Employed,618.0,49900.0,1,Bachelor,0
59,Female,97000.0,Employed,765.0,19300.0,0,Bachelor,1
42,Female,64100.0,Employed,622.0,8300.0,0,Bachelor,1
38,Male,49900.0,Employed,600.0,71600.0,0,Bachelor,0
36,Female,28600.0,Employed,802.0,24600.0,0,Master,1
22,Male,67000.0,Self-Employed,603.0,14500.0,0,Bachelor,1
56,Female,18300.0,Employed,678.0,44700.0,0,Master,0
40,Female,36800.0,Employed,612.0,9900.0,0,Bachelor,1
36,Male,95800.0,Employed,850.0,5200.0,1,Bachelor,1
23,Male,26800.0,Employed,678.0,12200.0,3,High School,0
50,Male,54400.0,Employed,586.0,27800.0,1,Bachelor,0
22,Female,18000.0,Self-Employed,606.0,70800.0,2,Bachelor,0
55,Male,29000.0,Employed,850.0,11800.0,0,Bachelor,1
46,Female,43900.0,Employed,662.0,9000.0,3,Master,0
25,Male,47900.0,Employed,673.0,18400.0,0,PhD,1
22,Female,112800.0,Unemployed,806.0,17900.0,1,Bachelor,0
40,Male,31200.0,Self-Employed,788.0,55800.0,3,High School,0
54,Female,54000.0,Retired,605.0,21000.0,0,Bachelor,1
54,Male,53300.0,Employed,612.0,64100.0,2,High School,0
40,Female,29900.0,Unemployed,633.0,41200.0,0,Bachelor,0
45,Male,64700.0,Self-Employed,652.0,31400.0,0,Master,1
40,Male,56100.0,Unemployed,751.0,7500.0,0,Master,1
45,Male,35000.0,Employed,673.0,14200.0,0,Bachelor,1
34,Female,44200.0,Self-Employed,654.0,21000.0,1,Master,0
67,Male,24800.0,Employed,680.0,3700.0,1,Master,1
64,Female,25800.0,Employed,632.0,12100.0,0,Bachelor,1
63,Male,39700.0,Employed,812.0,14900.0,0,Bachelor,1
63,Female,58300.0,Self-Employed,621.0,11300.0,0,High School,1
59,Female,34000.0,Retired,682.0,64100.0,0,High School,0
32,Male,29500.0,Self-Employed,732.0,24300.0,0,Bachelor,1
25,Male,35800.0,Employed,737.0,15900.0,0,Bachelor,1
22,Male,60700.0,Employed,647.0,6000.0,0,Bachelor,1
36,Male,20400.0,Employed,773.0,13100.0,0,Master,1
50,Male,61700.0,Employed,850.0,47000.0,1,Bachelor,1
67,Female,51800.0,Employed,833.0,12500.0,0,High School,1
63,Female,20400.0,Self-Employed,469.0,14200.0,0,High School,0
58,Female,35700.0,Employed,673.0,8300.0,0,High School,1
65,Male,55200.0,Self-Employed,624.0,19900.0,0,Master,1
62,Female,18000.0,Self-Employed,727.0,21800.0,3,PhD,0
44,Male,23900.0,Employed,769.0,20100.0,0,High School,1
50,Male,18700.0,Unemployed,582.0,8900.0,1,Bachelor,0
57,Male,30100.0,Employed,754.0,24500.0,0,Bachelor,1
59,Male,67400.0,Employed,678.0,14100.0,0,Bachelor,1
31,Male,59800.0,Employed,658.0,20800.0,0,PhD,1
34,Female,31200.0,Unemployed,725.0,29000.0,3,Bachelor,0
43,Female,67100.0,Retired,668.0,23200.0,0,Bachelor,1
36,Male,55900.0,Employed,776.0,26700.0,0,Bachelor,1
41,Male,75900.0,Employed,647.0,27300.0,2,Bachelor,0
24,Male,38400.0,Employed,793.0,30500.0,0,Master,1
53,Female,52600.0,Employed,678.0,32400.0,1,Bachelor,0
67,Male,216600.0,Employed,478.0,37100.0,2,Bachelor,0
34,Female,34400.0,Employed,612.0,23400.0,0,Bachelor,1
39,Female,38900.0,Self-Employed,671.0,29900.0,0,High School,1
25,Female,37100.0,Self-Employed,711.0,20000.0,0,High School,1
56,Male,38400.0,Employed,672.0,27300.0,1,Bachelor,0
51,Female,53100.0,Employed,621.0,13700.0,0,High School,1
65,Female,41300.0,Self-Employed,831.0,6300.0,0,Bachelor,1
38,Male,20300.0,Employed,799.0,43100.0,0,High School,0
64,Female,40500.0,Employed,577.0,20300.0,1,Bachelor,0
51,Female,30800.0,Employed,608.0,20000.0,0,Bachelor,1
50,Male,18000.0,Self-Employed,707.0,30900.0,0,Bachelor,0
41,Male,71100.0,Employed,667.0,12100.0,1,Bachelor,1
67,Male,30800.0,Employed,447.0,16900.0,1,Bachelor,0
50,Female,48600.0,Employed,619.0,12700.0,0,High School,1
61,Male,18000.0,Employed,742.0,16100.0,0,Bachelor,1
24,Female,51500.0,Employed,690.0,14300.0,0,High School,1
25,Female,34300.0,Employed,601.0,12900.0,0,High School,1
61,Female,18400.0,Employed,632.0,22800.0,1,High School,0
65,Male,30500.0,Employed,661.0,5900.0,0,High School,1
30,Female,28500.0,Employed,850.0,39800.0,0,High School,1
47,Male,58400.0,Self-Employed,683.0,11800.0,0,High School,1
36,Male,42000.0,Employed,619.0,24100.0,2,High School,0
50,Female,18700.0,Self-Employed,833.0,25000.0,0,Bachelor,0
33,Male,50000.0,Employed,729.0,15100.0,0,Bachelor,1
56,Female,18000.0,Employed,612.0,23400.0,0,Bachelor,0
41,Male,22900.0,Employed,682.0,9400.0,0,PhD,1
65,Male,40400.0,Employed,664.0,13000.0,0,Master,1
60,Male,29400.0,Employed,727.0,15600.0,0,PhD,1
65,Female,72800.0,Employed,573.0,23700.0,2,Bachelor,0
35,Female,43700.0,Employed,579.0,14700.0,0,High School,1
40,Female,54900.0,Employed,658.0,16400.0,0,Master,1
40,Male,56000.0,Unemployed,605.0,29700.0,1,Bachelor,0
65,Male,32200.0,Employed,766.0,22900.0,0,Bachelor,1
25,Female,23600.0,Employed,593.0,73300.0,0,Master,0
52,Male,39100.0,Employed,850.0,10500.0,1,Bachelor,1
26,Male,61900.0,Employed,667.0,8300.0,0,Bachelor,1
50,Female,35700.0,Self-Employed,691.0,56800.0,3,High School,0
46,Male,53900.0,Employed,710.0,21100.0,0,High School,1
57,Female,39600.0,Employed,674.0,40100.0,0,Bachelor,1
33,Female,18500.0,Self-Employed,780.0,9900.0,0,Bachelor,1
49,Male,19300.0,Employed,692.0,13500.0,0,Master,1
25,Male,87700.0,Employed,636.0,19500.0,2,Master,0
45,Male,22400.0,Self-Employed,564.0,18000.0,0,PhD,1
33,Female,29200.0,Employed,713.0,17200.0,0,PhD,1
44,Female,63500.0,Employed,758.0,7000.0,0,Bachelor,1
51,Male,22100.0,Employed,572.0,16800.0,4,Bachelor,0
40,Male,28500.0,Self-Employed,648.0,22100.0,1,Bachelor,0
28,Female,36100.0,Self-Employed,762.0,14700.0,0,High School,1
29,Female,33800.0,Employed,608.0,32500.0,0,Bachelor,1
41,Male,24700.0,Employed,607.0,32500.0,0,Bachelor,0
40,Male,36400.0,Employed,667.0,20600.0,0,Master,1
35,Male,56400.0,Employed,792.0,11700.0,0,Master,1
46,Female,37700.0,Employed,758.0,22400.0,1,High School,0
62,Female,28900.0,Employed,792.0,24300.0,0,High School,1
31,Male,64400.0,Self-Employed,596.0,19100.0,0,High School,1
57,Female,94200.0,Employed,624.0,11500.0,0,Bachelor,1
61,Male,64700.0,Employed,665.0,29900.0,0,High School,1
31,Male,22900.0,Self-Employed,654.0,23300.0,0,High School,1
47,Male,23200.0,Employed,614.0,14200.0,0,Bachelor,1
50,Female,49900.0,Employed,721.0,19800.0,0,High School,1
39,Male,43700.0,Employed,541.0,10400.0,0,Master,1
54,Female,21800.0,Employed,693.0,5800.0,0,Bachelor,1
58,Male,46300.0,Employed,821.0,7200.0,1,High School,1
43,Male,42200.0,Employed,687.0,21100.0,1,Master,1
21,Male,84000.0,Employed,609.0,15100.0,0,Master,1
23,Female,32300.0,Employed,571.0,23200.0,0,Master,1
23,Male,80300.0,Self-Employed,711.0,29700.0,0,Bachelor,1
48,Female,82100.0,Employed,828.0,22200.0,0,Master,1
34,Male,28700.0,Employed,698.0,12300.0,1,Bachelor,1
50,Male,47900.0,Employed,652.0,23100.0,1,High School,1
25,Male,36100.0,Employed,615.0,14300.0,0,Bachelor,1
35,Male,35400.0,Unemployed,554.0,14900.0,0,Bachelor,0
58,Male,45400.0,Unemployed,703.0,33900.0,0,Bachelor,0
34,Male,27000.0,Employed,544.0,25400.0,0,Bachelor,1
34,Female,18100.0,Employed,758.0,14000.0,0,High School,1
28,Female,30800.0,Employed,733.0,11000.0,0,Bachelor,1
28,Male,72400.0,Unemployed,662.0,41400.0,1,Bachelor,0
39,Male,36300.0,Employed,735.0,17600.0,0,High School,1
52,Male,39700.0,Employed,695.0,9100.0,0,High School,1
51,Male,59700.0,Employed,734.0,13800.0,0,High School,1
49,Male,18100.0,Employed,756.0,6300.0,0,High School,1
61,Female,50000.0,Employed,658.0,3800.0,0,Bachelor,1
31,Male,92500.0,Employed,570.0,32000.0,1,High School,1
65,Male,42000.0,Employed,850.0,10600.0,3,Bachelor,0
33,Male,18000.0,Employed,662.0,8700.0,0,Bachelor,1
47,Male,38600.0,Employed,644.0,12800.0,0,Master,1
39,Female,54500.0,Employed,718.0,14700.0,0,High School,1
46,Male,42400.0,Self-Employed,664.0,12600.0,0,Bachelor,1
57,Male,46000.0,Self-Employed,573.0,10500.0,2,Bachelor,0
29,Female,48800.0,Self-Employed,579.0,17600.0,0,Bachelor,1
48,Male,25200.0,Employed,604.0,15600.0,0,Bachelor,1
52,Female,26800.0,Self-Employed,710.0,49900.0,0,Master,0
23,Female,33400.0,Employed,621.0,14500.0,1,High School,0
52,Male,48800.0,Employed,760.0,17600.0,0,Bachelor,1
25,Female,22100.0,Employed,667.0,10400.0,0,High School,1
28,Male,112200.0,Employed,673.0,26600.0,1,Bachelor,1
34,Female,18000.0,Employed,685.0,49000.0,3,Bachelor,0
23,Male,18000.0,Employed,592.0,17000.0,0,High School,1
44,Male,52900.0,Employed,788.0,12400.0,0,High School,1
33,Female,50700.0,Employed,706.0,20100.0,1,Bachelor,1
63,Female,38700.0,Employed,665.0,24000.0,0,High School,1
49,Female,56300.0,Employed,635.0,102200.0,1,Bachelor,0
28,Female,53300.0,Self-Employed,633.0,16500.0,0,High School,1
62,Male,40100.0,Employed,582.0,14700.0,0,PhD,1
51,Male,45900.0,Employed,567.0,9000.0,0,Bachelor,1
46,Male,18000.0,Unemployed,567.0,15100.0,0,Bachelor,0
38,Male,37500.0,Employed,770.0,14000.0,4,Bachelor,0
38,Male,39200.0,Self-Employed,615.0,25000.0,0,Bachelor,1
27,Female,104400.0,Employed,589.0,15300.0,0,Bachelor,1
58,Male,26600.0,Employed,789.0,9800.0,0,Bachelor,1
36,Male,39400.0,Employed,685.0,9600.0,0,Bachelor,1
53,Male,81800.0,Self-Employed,580.0,14000.0,1,Bachelor,1
23,Female,53100.0,Employed,729.0,28400.0,1,Master,0
58,Female,40600.0,Employed,804.0,20100.0,2,Bachelor,0
24,Female,64900.0,Employed,738.0,23900.0,0,High School,1
56,Male,27000.0,Employed,692.0,18200.0,0,Bachelor,1
24,Female,95100.0,Unemployed,720.0,22900.0,0,Master,1
62,Male,55300.0,Employed,782.0,14600.0,1,High School,1
29,Female,18000.0,Employed,827.0,10800.0,0,Bachelor,1
60,Male,29700.0,Employed,599.0,10900.0,0,Master,1
37,Male,18000.0,Employed,682.0,10600.0,0,Bachelor,1
37,Male,59700.0,Self-Employed,731.0,38500.0,0,High School,1
53,Female,53200.0,Employed,695.0,32400.0,0,Bachelor,1
40,Male,31900.0,Employed,725.0,14000.0,0,Bachelor,1
34,Female,73100.0,Retired,850.0,19900.0,0,Master,1
42,Male,38500.0,Employed,658.0,27400.0,0,High School,1
47,Male,149000.0,Self-Employed,560.0,12700.0,0,PhD,1
63,Male,22000.0,Self-Employed,837.0,16700.0,0,High School,1
23,Male,55300.0,Employed,830.0,10200.0,0,PhD,1
44,Male,32900.0,Unemployed,726.0,10700.0,0,High School,1
50,Male,28600.0,Employed,638.0,27000.0,0,High School,1
28,Female,36800.0,Self-Employed,753.0,18700.0,0,High School,1
42,Male,48200.0,Employed,683.0,18300.0,0,Bachelor,1
45,Female,41300.0,Self-Employed,654.0,35700.0,3,Bachelor,0
30,Female,56300.0,Employed,623.0,13900.0,1,Bachelor,0
49,Female,54400.0,Self-Employed,679.0,27700.0,0,Bachelor,1
60,Male,82900.0,Unemployed,726.0,11000.0,0,High School,1
21,Male,22000.0,Employed,694.0,14000.0,0,PhD,1
41,Male,18400.0,Employed,755.0,11700.0,1,High School,0
59,Female,38800.0,Self-Employed,661.0,11200.0,0,Bachelor,1
44,Female,27000.0,Employed,644.0,52500.0,0,Bachelor,0
29,Male,62100.0,Employed,713.0,8400.0,0,Bachelor,1
64,Male,23500.0,Employed,687.0,11900.0,0,High School,1
46,Female,30500.0,Employed,806.0,5300.0,0,High School,1
29,Male,34000.0,Employed,651.0,13200.0,0,PhD,1
40,Female,97000.0,Employed,637.0,16200.0,0,Master,1
